<?xml version="1.0" encoding="UTF-8"?>
<pluginInfo>
  <author name="Satish Mogasati">
    <organization>FannieMae</organization>
    <email>s9ussm@fanniemae.com</email>
    <website>http://fanniemae.com</website>
    <bio/>
  </author>
  <integration type="Automation"/>
  <tool-description>Common utility steps customized for FannieMae usage in UCD</tool-description>
  <!-- Do not change the release-version, the build process injects it. -->
  <release-version>1.0</release-version>
  <release-notes>
    <release-note plugin-version="1">
      Allow use of role-restrained version status in UCD process flows and allows locking the snapshot versions and configurations
    </release-note>
  </release-notes>
</pluginInfo>