<?xml version="1.0" encoding="UTF-8"?>
<!DOCTYPE beans PUBLIC "-//SPRING//DTD BEAN//EN" "http://www.springframework.org/dtd/spring-beans.dtd">
<!-- 
 Spring config file used to create and configure subject objects, mappers, and their dependencies.
 
 $Workfile$
 $Revision$
 $Author$
 $Date$
 
-->
<beans default-lazy-init="false">	
    
    <bean
        id="javax.security.auth.Subject"
        class="javax.security.auth.Subject"
        singleton="false">
        <constructor-arg value="false" /><!--  no 'readOnly' -->
        <constructor-arg>
            <set>
                <ref bean="_racfIdPrincipal" />
                <ref bean="_rpnPrincipal" />      
                <ref bean="_localCarrierPrincipal" />
                <ref bean="_clientPrincipal"/>
                <ref bean="_rpnSubsystemsPrincipal" />
                <ref bean="_regionPrincipal"/>
            </set>
        </constructor-arg>
        <constructor-arg>
            <set />
        </constructor-arg>
        <constructor-arg>
            <set>
                <ref bean="_racfPasswordCredential" />
            </set>
        </constructor-arg>
    </bean>
    
    <bean
        id="_racfIdPrincipal"
        singleton="false"
        class="com.bcbssc.domain.entity.auth.RacfIdPrincipal" />
        
    <bean
        id="_rpnPrincipal"
        singleton="false"
        class="com.bcbssc.domain.entity.auth.RPNPrincipal" />
    
    <bean
    	id="_clientPrincipal"
    	singleton="false"
    	class="com.bcbssc.domain.entity.auth.ClientPrincipal"/>
        
    <bean
        id="_localCarrierPrincipal"
        singleton="false"
        class="com.bcbssc.domain.entity.auth.LocalCarrierPrincipal" />  
        
    <bean
        id="_racfPasswordCredential"
        singleton="false"
        class="com.bcbssc.domain.entity.auth.RacfPasswordCredential" />
        
    <bean
    	id="_rpnSubsystemsPrincipal"
    	singleton="false"
    	class="com.bcbssc.domain.entity.auth.RPNSubsystemsPrincipal" />
    	
    <bean
    	id="_regionPrincipal"
    	singleton="false"
    	class="com.bcbssc.domain.entity.auth.RegionPrincipal" />
        	
</beans>
