<?xml version="1.0" encoding="UTF-8"?>
<!DOCTYPE beans PUBLIC "-//SPRING//DTD BEAN//EN" "http://www.springframework.org/dtd/spring-beans.dtd"[]>
<!--  
 
 $Workfile$
 $Revision$
 $Author$
 $Date$
 
-->
<beans default-lazy-init="false" default-autowire="no" default-dependency-check="none">
     <!--  ********* BEGIN   Services Related tokens  ********** -->
     
     <bean id="bean.factoryutils.path" class="java.lang.String" lazy-init="default" autowire="default" dependency-check="default">
        <constructor-arg value="com.bcbssc.mim.defaultbeanfactory" />
     </bean>
     <bean id="web.services.consumer.id" class="java.lang.String" lazy-init="default" autowire="default" dependency-check="default">
        <constructor-arg value="@web.services.consumer.id@" />
     </bean>
     <bean id="web.services.consumer.password" class="java.lang.String" lazy-init="default" autowire="default" dependency-check="default">
        <constructor-arg value="@web.services.consumer.password@" />
     </bean>     
     <bean id="web.services.host.id" class="java.lang.String" lazy-init="default" autowire="default" dependency-check="default">
        <constructor-arg value="@web.services.host.id@" />
     </bean>
     <bean id="web.services.host.password" class="java.lang.String" lazy-init="default" autowire="default" dependency-check="default">
        <constructor-arg value="@web.services.host.password@" />
     </bean>
     <bean id="web.services.baseendpoint.region.default" class="java.lang.String" lazy-init="default" autowire="default" dependency-check="default">
        <constructor-arg value="@web.services.baseendpoint.region.default@" />
     </bean> 
     <bean id="web.services.baseendpoint.url.default" class="java.lang.String" lazy-init="default" autowire="default" dependency-check="default">
        <constructor-arg value="@web.services.baseendpoint.url.default@" />
     </bean>
     <bean id="DocumentArchive.baseImageGatewayUrl" class="java.lang.String" lazy-init="default" autowire="default" dependency-check="default">
		      	<constructor-arg value="@web.services.image.gateway.url@" />
   	 </bean> 
   	 <bean id="DocumentArchive.baseImageGatewayServletUrl" class="java.lang.String" lazy-init="default" autowire="default" dependency-check="default">
     	<constructor-arg value="@web.services.image.gateway.servlet.url@" />
   	 </bean> 
   	 <bean id="DocumentArchive.baseImageGatewayRegion" class="java.lang.String" lazy-init="default" autowire="default" dependency-check="default">
	  <constructor-arg value="@web.services.imagegateway.baseendpoint.region@" />
   	 </bean>   
   	 <!--  ********* END   Services Related tokens  ********** -->
</beans>