<?xml version="1.0" encoding="UTF-8"?>
<!DOCTYPE beans PUBLIC "-//SPRING//DTD BEAN//EN" "http://www.springframework.org/dtd/spring-beans.dtd"[]>
<!-- 
 Spring config file used to create and configure messaging (jms/mq) objects, mappers, and their dependencies.
 
 $Workfile$
 $Revision$
 $Author$
 $Date$
 
-->
<beans default-lazy-init="true" default-autowire="no" default-dependency-check="none">
  
      <!--  BEGIN *****  Service related beans  ******** --> 
       <bean id="DocumentRetrieveDAOImpl" class="com.bcbssc.services.daoimpl.documentarchive.DocumentRetrieveDAOImpl" singleton="false" lazy-init="default" autowire="default" dependency-check="default">
          <property name="baseEndpointUrl"      ref="DocumentArchive.baseImageGatewayUrl"/>
          <property name="baseEndpointRegion"   ref="DocumentArchive.baseImageGatewayRegion"/>
          <property name="beanFactoryPath"      ref="bean.factoryutils.path"/>
      </bean>
      <bean id="ServicesAccessCodeRequestDAOImpl"    class="com.bcbssc.services.daoimpl.accesscoderequest.ServicesAccessCodeRequestDAOImpl" singleton="false" lazy-init="default" autowire="default" dependency-check="default">
	    <property name="baseEndpointUrl"      ref="AccessCodeRequest.baseEndpointUrl"/>
	    <property name="baseEndpointRegion"   ref="AccessCodeRequest.baseEndpointRegion"/>
	    <property name="beanFactoryPath"      ref="bean.factoryutils.path"/>
	 </bean>
      <!--  END *****  Service related beans  ******** -->   

</beans>