<?xml version="1.0" encoding="UTF-8"?>
<!DOCTYPE beans PUBLIC "-//SPRING//DTD BEAN//EN" "http://www.springframework.org/dtd/spring-beans.dtd" >
<!-- 
 Spring config file used to load other bean config files.  This file serves
 as the bootstrap Spring BeanFactory/ApplicationContext configuration.
 
 $Workfile$
 $Revision$
 $Author$
 $Date$
 
-->
<beans>   
  <bean id="com.bcbssc.mim.defaultbeanfactory" lazy-init="false"
    class="org.springframework.context.support.ClassPathXmlApplicationContext">
     <constructor-arg>
       <list>          
	   <value>beans-dao.xml</value> 
           <value>beans-dao-services.xml</value>
           <value>beans-tokens.xml</value>
       </list>
     </constructor-arg>
   </bean>
</beans>
