<?xml version="1.0" encoding="UTF-8"?>

<!--
    Document   : CLifeMQ.xml
    Created on : January 2005
    Author     : dq70 (D. Allen)
-->

<tasks>
    <!-- ********** CLife Group Admin W841 Web Banking Transaction ********** -->
    <task name="sendBankingInformation">
        <params>
            <param name="W841-MAJOR-COMPANY" path="substring(company, 1, 1)"/>
            <param name="W841-SUB-COMPANY" path="substring(company, 2, 2)"/>
            <param name="W841-GROUP-PREFIX" path="groupPrefix"/>
            <param name="W841-GROUP-NUMBER" path="groupBase"/> 
            <param name="W841-GROUP-SUFFIX" path="string(' ')"/>
            <param name="W841-DIVISION-ID" path="divisionCode"/>
            <param name="W841-TRANSACTION-CODE" path="string('$request(transactionNumber)')"/>            
            <param name="W841-ENTRY-DATE" path="" evaluator="com.bcbssc.netsys.web.DateFormatEvaluator"/>
            <param name="W841-ENTRY-TIME" path="">
                <evaluator class="com.bcbssc.netsys.web.DateFormatEvaluator">
                    <evaluatorparam name="pattern" path="string('hhmmss')"/>
                </evaluator>
            </param>
            <param name="W841-TERM-ID" path="string('WEBB')"/>
            <param name="W841-DEPT-ID" path="string('CLIF')"/>
            <param name="W841-CLRK-ID" path="string('EWEB')"/>
            <param name="W841-SOURCE-TYPE-SYS" path="string('WEB')"/>
            <param name="W841-ACTIVITY-CODE" path="activityCode"/> 
            <param name="W841-EFFECTIVE-MONTH" path="substring(entryDate,5,2)"/>
            <param name="W841-EFFECTIVE-DAY" path="substring(entryDate,7,2)"/>
            <param name="W841-EFFECTIVE-CI" path="substring(entryDate,1,2)"/>
            <param name="W841-EFFECTIVE-YEAR" path="substring(entryDate,3,2)"/>            
            <param name="W841-BANK-ROUTING-NUMBER" path="bankRoutingNumber"/>
            <param name="W841-BANK-ACCOUNT-NUMBER" path="bankAccountNumber"/>
            <param name="W841-ACCOUNT-HOLDERS-NAME" path="accountHolderName"/>
            <param name="W841-BANK-NAME" path="bankName"/>
            <param name="W841-CONFIRMATION-NUMBER" path="trackingNumber"/>            
        </params>        
    </task>
    
    <!-- ************ CLife Group Admin W183 Web Payment Transaction *************-->
    <task name="sendPaymentInformation">
        <params>
            <param name="W183-MAJOR-COMPANY" path="substring(company, 1, 1)"/>
            <param name="W183-SUB-COMPANY" path="substring(company, 2, 2)"/>
            <param name="W183-GROUP-PREFIX" path="groupPrefix"/>
            <param name="W183-GROUP-NUMBER" path="groupBase"/> 
            <param name="W183-GROUP-SUFFIX" path="string(' ')"/>
            <param name="W183-DIVISION-ID" path="divisionCode"/>
            <param name="W183-TRANSACTION-CODE" path="string('$request(transactionNumber)')"/>
            <param name="W183-ENTRY-DATE" path="" evaluator="com.bcbssc.netsys.web.DateFormatEvaluator"/>
            <param name="W183-ENTRY-TIME" path="">
                <evaluator class="com.bcbssc.netsys.web.DateFormatEvaluator">
                    <evaluatorparam name="pattern" path="string('hhmmss')"/>
                </evaluator>
            </param>
            <param name="W183-TERM-ID" path="string('WEBB')"/>
            <param name="W183-DEPT-ID" path="string('CLIF')"/>
            <param name="W183-CLRK-ID" path="string('EWEB')"/>
            <param name="W183-SOURCE-TYPE-SYS" path="string('WEB')"/>
            <param name="W183-ACTIVITY-CODE" path="string('F')"/> 
            <param name="W183-PAYMENT-AMOUNT" path="totalBalanceDue"/>            
            <param name="W183-BANK-ROUTING-NUMBER" path="bankRoutingNumber"/>
            <param name="W183-BANK-ACCOUNT-NUMBER" path="bankAccountNumber"/>
            <param name="W183-ACCOUNT-HOLDERS-NAME" path="accountHolderName"/>
            <param name="W183-CONFIRMATION-NUMBER" path="trackingNumber"/>            
        </params>        
    </task>    

    <!-- ********** sendMiscelleanousCoverage ********** -->
    <task name="sendMiscelleanousCoverage">
        <params>
            <param name="W001-COMPANY-CODE" path="company"/>
            <param name="W001-GROUP-PREFIX" path="groupPrefix"/>
            <param name="W001-GROUP-NUMBER" path="groupBase"/>
            <param name="W001-DIVISION-ID" path="divisionCode"/>
            <param name="W001-CERTIFICATE-ID" path="identificationNumber"/>
            <param name="W001-DIVISION-ORIG-EFFDT" path="divisionOriginalEffectiveDate" evaluator="com.bcbssc.groupadmin.shared.common.DateEvaluator"/>
            <param name="W001-TRANSACTION-CODE" path="string('$request(transactionNumber)')"/>
            <param name="W001-ENTRY-DATE" path="" evaluator="com.bcbssc.netsys.web.DateFormatEvaluator"/>
            <param name="W001-ENTRY-TIME" path="">
                <evaluator class="com.bcbssc.netsys.web.DateFormatEvaluator">
                    <evaluatorparam name="pattern" path="string('hhmmss')"/>
                </evaluator>
            </param>
            <param name="W001-SEQUENCE-NO" path="string('01')"/>

            <param name="W001-COVERAGE-AREA" path="coverageItems" type="loop">
                <params>
                    <param name="W001-COVERAGE-CODE" path="code"/>
                    <param name="W001-COVG-EFFECTIVE-CCYY" path="effectiveDate/year"/>
                    <param name="W001-COVG-EFFECTIVE-MM" path="effectiveDate/month"/>
                    <param name="W001-COVG-EFFECTIVE-DD" path="effectiveDate/day"/>
                    <param name="W001-COVERAGE-REFUSED" path="action"/>
                    <param name="W001-VOLUME-BASIS-CODE" path="volumeBasis"/>
                    <param name="W001-FLAT-AMOUNT" path="volume"/>
                    <param name="W001-NO-EVIDENCE-MAX" path="noEvidenceMaxVolume"/>
                    <param name="W001-MIN-BENEFIT" path="minimumVolume"/>
                    <param name="W001-MAX-BENEFIT" path="maximumVolume"/>
                    <param name="W001-PERCENT-SALARY" path="percentSalary"/>
                    <param name="W001-ROUND-CODE" path="roundCode"/>
                    <param name="W001-ROUND-VOLUME" path="roundVolume"/>
                    <param name="W001-WAIT-PERIOD" path="waitingPeriodForMq"/>
                    <param name="W001-WAIT-PERIOD-CODE" path="waitingPeriodCode"/>
                    <param name="W001-WAIT-PERIOD-DAY" path="waitingPeriodDay"/>
                </params>
            </param>

            <param name="W001-OTHER-DENTAL-COVERAGE" path="otherDental"/>
            <param name="W001-NEM-INDICATOR" path="nemIndicator"/>
            <param name="W001-SPOUSE-DENTAL-INDICATOR" path="spouseDental"/>
            <param name="W001-NEW-GROUP" path="addNewGroup">
                <evaluator class="com.bcbssc.netsys.web.IfEqualsEvaluator">
                    <evaluatorparam name="testValue1" path="addNewGroup"/>
                    <evaluatorparam name="testValue2" path="string('true')"/>
                    <evaluatorparam name="ifValue" path="string('Y')"/>
                    <evaluatorparam name="elseValue" path="string('')"/>
                </evaluator>
            </param>
        </params>
    </task>

    <!-- ********** sendCert ********** -->
    <task name="sendCert">
        <params>
            <param name="W201-MAJOR-COMPANY" path="substring(company, 1, 1)"/>
            <param name="W201-SUB-COMPANY" path="substring(company, 2, 2)"/>
            <param name="W201-GROUP-PREFIX" path="groupPrefix"/>
            <param name="W201-GROUP-NUMBER" path="groupBase"/>
            <param name="W201-DIVISION-ID" path="divisionCode"/>
            <param name="W201-CERTIFICATE-ID" path="identificationNumber"/>
            <param name="W201-TRAN-FC" path="string('2')"/>
            <param name="W201-TRAN-SFC" path="string('0')"/>
            <param name="W201-TRAN-ACT" path="substring(string('$request(transactionNumber)'), 3, 1)"/>
            <param name="W201-ENTRY-DATE" path="" evaluator="com.bcbssc.netsys.web.DateFormatEvaluator"/>
            <param name="W201-ENTRY-TIME" path="">
                <evaluator class="com.bcbssc.netsys.web.DateFormatEvaluator">
                    <evaluatorparam name="pattern" path="string('hhmmss')"/>
                </evaluator>
            </param>
            <param name="W201-TERM-ID" path="string('WEBB')"/>
            <param name="W201-DEPT-ID" path="string('CLIF')"/>
            <param name="W201-CLRK-ID" path="string('EWEB')"/>
            <param name="W201-SOURCE-TYPE-SYS" path="string('WEB')"/>
            <param name="W201-CERT-LAST-NAME" path="lastName"/>
            <param name="W201-CERT-FIRST-NAME" path="givenName"/>
            <param name="W201-CERT-MIDDLE-INITIAL" path="middleIni"/>
            <param name="W201-STATE-CODE" path="state"/>
            <param name="W201-CLASS-CODE" path="coverageClass/code"/>
            <param name="W201-STATUS-CODE" path="">
                <evaluator class="com.bcbssc.netsys.web.IfEqualsEvaluator">
                    <evaluatorparam name="testValue1" path="string('$request(transactionNumber)')"/>
                    <evaluatorparam name="testValue2" path="string('201')"/>
                    <evaluatorparam name="ifValue" path="string('1')"/>
                    <evaluatorparam name="elseValue" path="status"/>
                </evaluator>
            </param>
            <param name="W201-SEX" path="gender"/>
            <param name="W201-SALARY-MODE" path="">
                <evaluator class="com.bcbssc.netsys.web.IfEqualsEvaluator">
                    <evaluatorparam name="testValue1" path="annualSalary"/>
                    <evaluatorparam name="testValue2" path="string('')"/>
                    <evaluatorparam name="ifValue" path="string('N')"/>
                    <evaluatorparam name="elseValue" path="string('A')"/>
                </evaluator>
            </param>
            <param name="W201-SALARY-AMOUNT" path="annualSalary"/>
            <param name="W201-BIRTHDATE-MONTH" path="dateOfBirth/month"/>
            <param name="W201-BIRTHDATE-DAY" path="dateOfBirth/day"/>
            <param name="W201-BIRTHDATE-CENTURY" path="dateOfBirth/year"/>
            <param name="W201-BIRTHDATE-YEAR" path="substring(dateOfBirth/year, 3, 2)"/>
            <param name="W201-OCCUPATION-NAME" path="occupation"/>

            <param name="W201-ORIG-EFF-MONTH" path="originalEffectiveDate/month"/>
            <param name="W201-ORIG-EFF-DAY" path="originalEffectiveDate/day"/>
            <param name="W201-ORIG-EFF-CENTURY" path="originalEffectiveDate/year"/>
            
            
            <param name="W201-ORIG-EFF-YEAR" path="">
                <evaluator class="com.bcbssc.netsys.web.DateEvaluator">
                    <evaluatorparam name="pattern" path="string('yy')"/>
                    <evaluatorparam name="inputPattern" path="string('yyyy')"/>
                    <evaluatorparam name="inputDate" path="originalEffectiveDate/year"/>
                </evaluator>
            </param>            
            
            <param name="W201-EFF-MONTH" path="firstEffectiveDate/month"/>
            <param name="W201-EFF-DAY" path="firstEffectiveDate/day"/>
            <param name="W201-EFF-CENTURY" path="firstEffectiveDate/year"/>
            <param name="W201-EFF-YEAR" path="firstEffectiveYear"/>
            
            <!-- Expecting bean properties to be unset for 201 -->
            <param name="W201-TERM-MONTH" path="terminationDate/month"/>
            <param name="W201-TERM-DAY" path="terminationDate/day"/>
            <param name="W201-TERM-CENTURY" path="terminationDate/year"/>
            <param name="W201-TERM-YEAR" path="">
                <evaluator class="com.bcbssc.netsys.web.DateEvaluator">
                    <evaluatorparam name="pattern" path="string('yy')"/>
                    <evaluatorparam name="inputPattern" path="string('yyyy')"/>
                    <evaluatorparam name="inputDate" path="terminationDate/year"/>
                </evaluator>
            </param>
            <param name="W201-TERMINATION-REASON" path="terminationReason"/>
            <param name="W201-RATE-BASIS-CODE" path="rateBasisCode"/>
            <!-- End of expectations -->

            <param name="W201-RATING-TYPE" path="string('0')"/>
            <param name="W201-CERT-MAINT-IND" path="coverageClass/maintenanceIndicator"/>
            <param name="W201-TERM-REINSTATE-FLAG" path="termReinstateFlag"/>
            <param name="W201-NUMBER-DEPENDENTS" path="">
                <evaluator class="com.bcbssc.netsys.web.IfEqualsEvaluator">
                    <evaluatorparam name="testValue1" path="string('$request(transactionNumber)')"/>
                    <evaluatorparam name="testValue2" path="string('201')"/>
                    <evaluatorparam name="ifValue" path="dependentsCount"/>
                    <evaluatorparam name="elseValue" path="databaseDependentsCount"/>
                </evaluator>
            </param>
            <param name="W201-HOURS-WORKED" path="averageHoursWorked"/>
            <param name="W201-CHANGE-CODE" path="">
                <evaluator class="com.bcbssc.netsys.web.IfEqualsEvaluator">
                    <evaluatorparam name="testValue1" path="coveragePageUpdated"/>
                    <evaluatorparam name="testValue2" path="string('true')"/>
                    <evaluatorparam name="ifValue" path="string('C')"/>
                    <evaluatorparam name="elseValue" path="string('')"/>
                </evaluator>                
            </param>

            <param name="W201-COVERAGE-AREA" path="insuredCoverageItems" type="loop">
                <params>
                    <param name="W201-COVERAGE" path="substring(code, 1, 2)"/>
                    <param name="W201-SUB-COVERAGE" path="substring(code, 3, 2)"/>
                    <param name="W201-COVERAGE-EVIDENCE" path="coverageEvidence"/>
                    <param name="W201-COVERAGE-REFUSED" path="action"/>
                    <param name="W201-COVERAGE-IMPAIRMENT" path="string('N')"/>
                    <param name="W201-COVG-VOLUME" path="volume"/>
                    <param name="W201-SUBSTANDARD-FACTOR" path="substandardFactor"/>
                </params>
            </param>

            <param name="W201-DEPARTMENT-CODE" path="department"/>
            <param name="W201-PAYROLL-OFFICE-NUMBER" path="payrollOfficeIdentifier"/>
            <param name="W201-EMPLOYMENT-MONTH" path="hireDate/month"/>
            <param name="W201-EMPLOYMENT-DAY" path="hireDate/day"/>
            <param name="W201-EMPLOYMENT-CENTURY" path="hireDate/year"/>
            <param name="W201-EMPLOYMENT-YEAR" path="substring(hireDate/year, 3, 2)"/>
            <param name="W201-EMPLOYEE-STATUS" path="">
                <evaluator class="com.bcbssc.netsys.web.IfEqualsEvaluator">
                    <evaluatorparam name="testValue1" path="string('$request(transactionNumber)')"/>
                    <evaluatorparam name="testValue2" path="string('201')"/>
                    <evaluatorparam name="ifValue" path="string('1')"/>
                    <evaluatorparam name="elseValue" path="employeeStatus"/>
                </evaluator>
            </param>
            <param name="W201-MARITAL-STATUS" path="">
                <evaluator class="com.bcbssc.netsys.web.IfEqualsEvaluator">
                    <evaluatorparam name="testValue1" path="spouseExists"/>
                    <evaluatorparam name="testValue2" path="string('true')"/>
                    <evaluatorparam name="ifValue" path="string('2')"/>
                    <evaluatorparam name="elseValue" path="string('1')"/>
                </evaluator>
            </param>
            <param name="W201-SMOKER-CODE" path="smoker"/>
            <param name="W201-COBRA-CODE" path="cobra"/>
            <param name="W201-MICROFICHE" path="alternateID"/>
            <param name="W201-RERATE-FLAG" path="string('Y')"/>
            <param name="W201-AGE-CHANGE-CODE" path="coverageClass/ageChangeCode"/>
            <param name="W201-ISSUE-CERT-TYPE" path="coverageClass/issueCertType"/>
            <param name="W201-WALLET-CARD-TYPE" path="coverageClass/walletCardType"/>
            <param name="W201-SIC-CODE" path="coverageClass/sicCode"/>
            <param name="W201-RATING-ZIP" path="zip"/>
            <param name="W201-SPOUSE-IND" path="">
                <evaluator class="com.bcbssc.netsys.web.NestedIfEvaluator">
                    <evaluatorparam name="testValue1" path="string('$request(transactionNumber)')"/>
                    <evaluatorparam name="testValue2" path="string('201')"/>
                    <evaluatorparam name="testValue3" path="spouseExists"/>
                    <evaluatorparam name="testValue4" path="string('true')"/>
                    <evaluatorparam name="returnValue1" path="string('Y')"/>
                    <evaluatorparam name="returnValue2" path="string('N')"/>
                    <evaluatorparam name="returnValue3" path="spouseIndicator"/>
                </evaluator>
            </param>
            <param name="W201-CERT-FLAG" path="">
                <evaluator class="com.bcbssc.netsys.web.IfEqualsEvaluator">
                    <evaluatorparam name="testValue1" path="string('$request(transactionNumber)')"/>
                    <evaluatorparam name="testValue2" path="string('201')"/>
                    <evaluatorparam name="ifValue" path="string('')"/>
                    <evaluatorparam name="elseValue" path="string('N')"/>
                </evaluator>
            </param>
            <param name="W201-CERT-SSN" path="ssn"/>
        </params>
     </task>

    <!-- ********** sendCoverageItem ********** -->
    <task name="sendCoverageItem">
        <params>
            <param name="W203-MAJOR-COMPANY" path="substring(company, 1, 1)"/>
            <param name="W203-SUB-COMPANY" path="substring(company, 2, 2)"/>
            <param name="W203-GROUP-PREFIX" path="groupPrefix"/>
            <param name="W203-GROUP-NUMBER" path="groupBase"/>
            <param name="W203-DIVISION-ID" path="divisionCode"/>
            <param name="W203-CERTIFICATE-ID" path="identificationNumber"/>
            <param name="W203-TRAN-FC" path="string('2')"/>
            <param name="W203-TRAN-SFC" path="string('0')"/>
            <param name="W203-TRAN-ACT" path="substring(string('$request(transactionNumber)'), 3, 1)"/>
            <param name="W203-ENTRY-DATE" path="" evaluator="com.bcbssc.netsys.web.DateFormatEvaluator"/>
            <param name="W203-ENTRY-TIME" path="">
                <evaluator class="com.bcbssc.netsys.web.DateFormatEvaluator">
                    <evaluatorparam name="pattern" path="string('hhmmss')"/>
                </evaluator>
            </param>
            <param name="W203-TERM-ID" path="string('WEBB')"/>
            <param name="W203-DEPT-ID" path="string('CLIF')"/>
            <param name="W203-CLRK-ID" path="string('EWEB')"/>
            <param name="W203-SOURCE-TYPE-SYS" path="string('WEB')"/>
            <param name="W203-SPOS-LAST-NAME" path="spouse/lastName"/>
            <param name="W203-SPOS-FIRST-NAME" path="spouse/givenName"/>
            <param name="W203-SPOS-MIDDLE-INITIAL" path="spouse/middleIni"/>
            <param name="W203-SEX" path="spouse/gender"/>
            <param name="W203-BIRTHDATE-MONTH" path="spouse/dateOfBirth/month"/>
            <param name="W203-BIRTHDATE-DAY" path="spouse/dateOfBirth/day"/>
            <param name="W203-BIRTHDATE-CI" path="spouse/dateOfBirth/year"/>
            <param name="W203-BIRTHDATE-YEAR" path="">
                <evaluator class="com.bcbssc.netsys.web.DateEvaluator">
                    <evaluatorparam name="pattern" path="string('yy')"/>
                    <evaluatorparam name="inputPattern" path="string('yyyy')"/>
                    <evaluatorparam name="inputDate" path="spouse/dateOfBirth/year"/>
                </evaluator>
            </param>
            <param name="W203-SPO-EFF-MONTH" path=".">
                <evaluator class="com.bcbssc.groupadmin.shared.mapper.DependentEffectiveDateEvaluator">
                    <evaluatorparam name="transaction" path="string('$request(transactionNumber)')"/>
                    <evaluatorparam name="relationship" path="string('SPO')"/>
                    <evaluatorparam name="fieldValue" path="firstEffectiveDate/month"/>
                </evaluator>
            </param>
            <param name="W203-SPO-EFF-DAY" path=".">
                <evaluator class="com.bcbssc.groupadmin.shared.mapper.DependentEffectiveDateEvaluator">
                    <evaluatorparam name="transaction" path="string('$request(transactionNumber)')"/>
                    <evaluatorparam name="relationship" path="string('SPO')"/>
                    <evaluatorparam name="fieldValue" path="firstEffectiveDate/day"/>
                </evaluator>
            </param>
            <param name="W203-SPO-EFFECTIVE-DATE-CI" path=".">
                <evaluator class="com.bcbssc.groupadmin.shared.mapper.DependentEffectiveDateEvaluator">
                    <evaluatorparam name="transaction" path="string('$request(transactionNumber)')"/>
                    <evaluatorparam name="relationship" path="string('SPO')"/>
                    <evaluatorparam name="fieldValue" path="firstEffectiveDate/year"/>
                </evaluator>
            </param>
            <param name="W203-SPO-EFF-YEAR" path=".">
                <evaluator class="com.bcbssc.groupadmin.shared.mapper.DependentEffectiveDateEvaluator">
                    <evaluatorparam name="transaction" path="string('$request(transactionNumber)')"/>
                    <evaluatorparam name="relationship" path="string('SPO')"/>
                    <evaluatorparam name="fieldValue" path="firstEffectiveYear"/>
                </evaluator>
            </param>

            <param name="W203-DEPN-COVERAGE-AREA" path="spouseCoverageItems" type="loop">
                <params>
                    <param name="W203-SPO-COVG" path="substring(code, 1, 2)"/>
                    <param name="W203-SPO-SUB-COVG" path="substring(code, 3, 2)"/>
                    <param name="W203-SPO-COVG-EVIDENCE" path="coverageEvidence"/>
                    <param name="W203-SPO-COVG-REFUSED-CODE" path="action"/>
                    <param name="W203-SPO-COVG-IMPAIRMENT" path="string('N')"/>
                    <param name="W203-SPO-VOLUME" path="volume"/>
                    <param name="W203-SPO-SUBSTANDARD-FCTR" path="substandardFactor"/>
                    <!-- Expecting bean properties to be unset for 203 -->
                    <param name="W203-SPO-PREMIUM" path="premium"/>
                </params>
            </param>

            <param name="W203-DEPN-EFF-MONTH" path=".">
                <evaluator class="com.bcbssc.groupadmin.shared.mapper.DependentEffectiveDateEvaluator">
                    <evaluatorparam name="transaction" path="string('$request(transactionNumber)')"/>
                    <evaluatorparam name="relationship" path="string('DEPN')"/>
                    <evaluatorparam name="fieldValue" path="firstEffectiveDate/month"/>
                </evaluator>
            </param>
            <param name="W203-DEPN-EFF-DAY" path=".">
                <evaluator class="com.bcbssc.groupadmin.shared.mapper.DependentEffectiveDateEvaluator">
                    <evaluatorparam name="transaction" path="string('$request(transactionNumber)')"/>
                    <evaluatorparam name="relationship" path="string('DEPN')"/>
                    <evaluatorparam name="fieldValue" path="firstEffectiveDate/day"/>
                </evaluator>
            </param>
            <param name="W203-DEPN-EFFECTIVE-DATE-CI" path=".">
                <evaluator class="com.bcbssc.groupadmin.shared.mapper.DependentEffectiveDateEvaluator">
                    <evaluatorparam name="transaction" path="string('$request(transactionNumber)')"/>
                    <evaluatorparam name="relationship" path="string('DEPN')"/>
                    <evaluatorparam name="fieldValue" path="firstEffectiveDate/year"/>
                </evaluator>
            </param>
            <param name="W203-DEPN-EFF-YEAR" path=".">
                <evaluator class="com.bcbssc.groupadmin.shared.mapper.DependentEffectiveDateEvaluator">
                    <evaluatorparam name="transaction" path="string('$request(transactionNumber)')"/>
                    <evaluatorparam name="relationship" path="string('DEPN')"/>
                    <evaluatorparam name="fieldValue" path="firstEffectiveYear"/>
                </evaluator>
            </param>

            <param name="W203-DEPN-COVERAGE-AREA" path="dependentCoverageItems" type="loop">
                <params>
                    <param name="W203-DEPN-COVG" path="substring(code, 1, 2)"/>
                    <param name="W203-DEPN-SUB-COVG" path="substring(code, 3, 2)"/>
                    <param name="W203-DEPN-COVG-EVIDENCE" path="coverageEvidence"/>
                    <param name="W203-DEPN-COVG-REFUSED-CODE" path="action"/>
                    <param name="W203-DEPN-COVG-IMPAIRMENT" path="string('N')"/>
                    <param name="W203-DEPN-VOLUME" path="volume"/>
                    <param name="W203-DEPN-NUMBER-COVERED" path="">
                        <evaluator class="com.bcbssc.netsys.web.IfEqualsEvaluator">
                            <evaluatorparam name="testValue1" path="string('$request(transactionNumber)')"/>
                            <evaluatorparam name="testValue2" path="string('203')"/>
                            <evaluatorparam name="ifValue" path="string('1')"/>
                            <evaluatorparam name="elseValue" path="string('')"/>
                        </evaluator>
                    </param>
                    <param name="W203-DEPN-SUBSTANDARD-FCTR" path="substandardFactor"/>
                    <!-- Expecting bean properties to be unset for 203 -->
                    <param name="W203-DEPN-PREMIUM" path="premium"/>
                </params>
            </param>

            <param name="W203-CURR-PROCESS-JULIAN" path="">
                <evaluator class="com.bcbssc.netsys.web.DateFormatEvaluator">
                    <evaluatorparam name="pattern" path="string('D')" />
                </evaluator>
            </param>

            <param name="W203-ISSUE-CERT-TYPE" path="coverageClass/issueCertType"/>
            <param name="W203-WALLET-CARD-TYPE" path="coverageClass/walletCardType"/>
            <param name="W203-CERT-MAINT-IND" path="coverageClass/maintenanceIndicator"/>
            <param name="W203-RERATE-FLAG" path="string('Y')"/>
            <param name="W203-AGE-CHANGE-CODE" path="coverageClass/ageChangeCode"/>
        </params>
     </task>

    <!-- ********** sendDependent ********** -->
    <task name="sendDependent">
        <params>
            <param name="W205-MAJOR-COMPANY" path="substring(company, 1, 1)"/>
            <param name="W205-SUB-COMPANY" path="substring(company, 2, 2)"/>
            <param name="W205-GROUP-PREFIX" path="groupPrefix"/>
            <param name="W205-GROUP-NUMBER" path="groupBase"/>
            <param name="W205-DIVISION-ID" path="divisionCode"/>
            <param name="W205-CERTIFICATE-ID" path="identificationNumber"/>
            <param name="W205-TRAN-FC" path="string('2')"/>
            <param name="W205-TRAN-SFC" path="string('0')"/>
            <param name="W205-TRAN-ACT" path="substring(string('$request(transactionNumber)'), 3, 1)"/>
            <param name="W205-ENTRY-DATE" path="" evaluator="com.bcbssc.netsys.web.DateFormatEvaluator"/>
            <param name="W205-ENTRY-TIME" path="">
                <evaluator class="com.bcbssc.netsys.web.DateFormatEvaluator">
                    <evaluatorparam name="pattern" path="string('hhmmss')"/>
                </evaluator>
            </param>
            <param name="W205-TERM-ID" path="string('WEBB')"/>
            <param name="W205-DEPT-ID" path="string('CLIF')"/>
            <param name="W205-CLRK-ID" path="string('EWEB')"/>
            <param name="W205-SOURCE-TYPE-SYS" path="string('WEB')"/>
            <param name="W205-EFF-MONTH" path="firstEffectiveDate/month"/>
            <param name="W205-EFF-DAY" path="firstEffectiveDate/day"/>
            <param name="W205-EFFECTIVE-DATE-CI" path="firstEffectiveDate/year"/>
            <param name="W205-EFF-YEAR" path="firstEffectiveYear"/>

            <!-- Manual repeat for dependents -->
            <param name="W205-ACTION-CODE_1" path="">
                <evaluator class="com.bcbssc.netsys.web.IfEqualsEvaluator">
                    <evaluatorparam name="testValue1" path="string('$request(transactionNumber)')"/>
                    <evaluatorparam name="testValue2" path="string('205')"/>
                    <evaluatorparam name="ifValue" path="string('A')"/>
                    <evaluatorparam name="elseValue" path="string('C')"/>
                </evaluator>
            </param>
            <param name="W205-ID_1" path="">
                <evaluator class="com.bcbssc.groupadmin.shared.mapper.NameIdEvaluator">
                    <evaluatorparam name="transaction" path="string('$request(transactionNumber)')"/>
                    <evaluatorparam name="index" path="string($request(startIndex)+$request(lastNameId)+1)"/>
                    <evaluatorparam name="nameId" path="dependents[$request(startIndex)+1]/nameId"/>
                </evaluator>
            </param>
            <param name="W205-LAST-NAME_1" path="dependents[$request(startIndex)+1]/lastName"/>
            <param name="W205-FIRST-NAME_1" path="dependents[$request(startIndex)+1]/givenName"/>
            <param name="W205-MIDDLE-I_1" path="dependents[$request(startIndex)+1]/middleIni"/>
            <param name="W205-SEX_1" path="dependents[$request(startIndex)+1]/gender"/>
            <param name="W205-RELATIONSHIP_1" path="dependents[$request(startIndex)+1]/relationship"/>
            <param name="W205-BIRTH-MONTH_1" path="dependents[$request(startIndex)+1]/dateOfBirth/month"/>
            <param name="W205-BIRTH-DAY_1" path="dependents[$request(startIndex)+1]/dateOfBirth/day"/>
            <param name="W205-BIRTH-DATE-CI_1" path="dependents[$request(startIndex)+1]/dateOfBirth/year"/>
            <param name="W205-BIRTH-YEAR_1" path="substring(dependents[$request(startIndex)+1]/dateOfBirth/year, 3, 2)"/>
            <param name="W205-STUDENT-FLAG_1" path="dependents[$request(startIndex)+1]/student"/>
            <param name="W205-SOCIAL-SECURITY-NO_1" path="dependents[$request(startIndex)+1]/ssn"/>

            <param name="W205-ACTION-CODE_2" path="">
                <evaluator class="com.bcbssc.netsys.web.IfEqualsEvaluator">
                    <evaluatorparam name="testValue1" path="string('$request(transactionNumber)')"/>
                    <evaluatorparam name="testValue2" path="string('205')"/>
                    <evaluatorparam name="ifValue" path="string('A')"/>
                    <evaluatorparam name="elseValue" path="string('C')"/>
                </evaluator>
            </param>
            <param name="W205-ID_2" path="">
                <evaluator class="com.bcbssc.groupadmin.shared.mapper.NameIdEvaluator">
                    <evaluatorparam name="transaction" path="string('$request(transactionNumber)')"/>
                    <evaluatorparam name="index" path="string($request(startIndex)+$request(lastNameId)+2)"/>
                    <evaluatorparam name="nameId" path="dependents[$request(startIndex)+2]/nameId"/>
                </evaluator>
            </param>
            <param name="W205-LAST-NAME_2" path="dependents[$request(startIndex)+2]/lastName"/>
            <param name="W205-FIRST-NAME_2" path="dependents[$request(startIndex)+2]/givenName"/>
            <param name="W205-MIDDLE-I_2" path="dependents[$request(startIndex)+2]/middleIni"/>
            <param name="W205-SEX_2" path="dependents[$request(startIndex)+2]/gender"/>
            <param name="W205-RELATIONSHIP_2" path="dependents[$request(startIndex)+2]/relationship"/>
            <param name="W205-BIRTH-MONTH_2" path="dependents[$request(startIndex)+2]/dateOfBirth/month"/>
            <param name="W205-BIRTH-DAY_2" path="dependents[$request(startIndex)+2]/dateOfBirth/day"/>
            <param name="W205-BIRTH-DATE-CI_2" path="dependents[$request(startIndex)+2]/dateOfBirth/year"/>
            <param name="W205-BIRTH-YEAR_2" path="substring(dependents[$request(startIndex)+2]/dateOfBirth/year, 3, 2)"/>
            <param name="W205-STUDENT-FLAG_2" path="dependents[$request(startIndex)+2]/student"/>
            <param name="W205-SOCIAL-SECURITY-NO_2" path="dependents[$request(startIndex)+2]/ssn"/>

            <param name="W205-ACTION-CODE_3" path="">
                <evaluator class="com.bcbssc.netsys.web.IfEqualsEvaluator">
                    <evaluatorparam name="testValue1" path="string('$request(transactionNumber)')"/>
                    <evaluatorparam name="testValue2" path="string('205')"/>
                    <evaluatorparam name="ifValue" path="string('A')"/>
                    <evaluatorparam name="elseValue" path="string('C')"/>
                </evaluator>
            </param>
            <param name="W205-ID_3" path="">
                <evaluator class="com.bcbssc.groupadmin.shared.mapper.NameIdEvaluator">
                    <evaluatorparam name="transaction" path="string('$request(transactionNumber)')"/>
                    <evaluatorparam name="index" path="string($request(startIndex)+$request(lastNameId)+3)"/>
                    <evaluatorparam name="nameId" path="dependents[$request(startIndex)+3]/nameId"/>
                </evaluator>
            </param>
            <param name="W205-LAST-NAME_3" path="dependents[$request(startIndex)+3]/lastName"/>
            <param name="W205-FIRST-NAME_3" path="dependents[$request(startIndex)+3]/givenName"/>
            <param name="W205-MIDDLE-I_3" path="dependents[$request(startIndex)+3]/middleIni"/>
            <param name="W205-SEX_3" path="dependents[$request(startIndex)+3]/gender"/>
            <param name="W205-RELATIONSHIP_3" path="dependents[$request(startIndex)+3]/relationship"/>
            <param name="W205-BIRTH-MONTH_3" path="dependents[$request(startIndex)+3]/dateOfBirth/month"/>
            <param name="W205-BIRTH-DAY_3" path="dependents[$request(startIndex)+3]/dateOfBirth/day"/>
            <param name="W205-BIRTH-DATE-CI_3" path="dependents[$request(startIndex)+3]/dateOfBirth/year"/>
            <param name="W205-BIRTH-YEAR_3" path="substring(dependents[$request(startIndex)+3]/dateOfBirth/year, 3, 2)"/>
            <param name="W205-STUDENT-FLAG_3" path="dependents[$request(startIndex)+3]/student"/>
            <param name="W205-SOCIAL-SECURITY-NO_3" path="dependents[$request(startIndex)+3]/ssn"/>

            <param name="W205-ACTION-CODE_4" path="">
                <evaluator class="com.bcbssc.netsys.web.IfEqualsEvaluator">
                    <evaluatorparam name="testValue1" path="string('$request(transactionNumber)')"/>
                    <evaluatorparam name="testValue2" path="string('205')"/>
                    <evaluatorparam name="ifValue" path="string('A')"/>
                    <evaluatorparam name="elseValue" path="string('C')"/>
                </evaluator>
            </param>
            <param name="W205-ID_4" path="">
                <evaluator class="com.bcbssc.groupadmin.shared.mapper.NameIdEvaluator">
                    <evaluatorparam name="transaction" path="string('$request(transactionNumber)')"/>
                    <evaluatorparam name="index" path="string($request(startIndex)+$request(lastNameId)+4)"/>
                    <evaluatorparam name="nameId" path="dependents[$request(startIndex)+4]/nameId"/>
                </evaluator>
            </param>
            <param name="W205-LAST-NAME_4" path="dependents[$request(startIndex)+4]/lastName"/>
            <param name="W205-FIRST-NAME_4" path="dependents[$request(startIndex)+4]/givenName"/>
            <param name="W205-MIDDLE-I_4" path="dependents[$request(startIndex)+4]/middleIni"/>
            <param name="W205-SEX_4" path="dependents[$request(startIndex)+4]/gender"/>
            <param name="W205-RELATIONSHIP_4" path="dependents[$request(startIndex)+4]/relationship"/>
            <param name="W205-BIRTH-MONTH_4" path="dependents[$request(startIndex)+4]/dateOfBirth/month"/>
            <param name="W205-BIRTH-DAY_4" path="dependents[$request(startIndex)+4]/dateOfBirth/day"/>
            <param name="W205-BIRTH-DATE-CI_4" path="dependents[$request(startIndex)+4]/dateOfBirth/year"/>
            <param name="W205-BIRTH-YEAR_4" path="substring(dependents[$request(startIndex)+4]/dateOfBirth/year, 3, 2)"/>
            <param name="W205-STUDENT-FLAG_4" path="dependents[$request(startIndex)+4]/student"/>
            <param name="W205-SOCIAL-SECURITY-NO_4" path="dependents[$request(startIndex)+4]/ssn"/>

            <param name="W205-ACTION-CODE_5" path="">
                <evaluator class="com.bcbssc.netsys.web.IfEqualsEvaluator">
                    <evaluatorparam name="testValue1" path="string('$request(transactionNumber)')"/>
                    <evaluatorparam name="testValue2" path="string('205')"/>
                    <evaluatorparam name="ifValue" path="string('A')"/>
                    <evaluatorparam name="elseValue" path="string('C')"/>
                </evaluator>
            </param>
            <param name="W205-ID_5" path="">
                <evaluator class="com.bcbssc.groupadmin.shared.mapper.NameIdEvaluator">
                    <evaluatorparam name="transaction" path="string('$request(transactionNumber)')"/>
                    <evaluatorparam name="index" path="string($request(startIndex)+$request(lastNameId)+5)"/>
                    <evaluatorparam name="nameId" path="dependents[$request(startIndex)+5]/nameId"/>
                </evaluator>
            </param>
            <param name="W205-LAST-NAME_5" path="dependents[$request(startIndex)+5]/lastName"/>
            <param name="W205-FIRST-NAME_5" path="dependents[$request(startIndex)+5]/givenName"/>
            <param name="W205-MIDDLE-I_5" path="dependents[$request(startIndex)+5]/middleIni"/>
            <param name="W205-SEX_5" path="dependents[$request(startIndex)+5]/gender"/>
            <param name="W205-RELATIONSHIP_5" path="dependents[$request(startIndex)+5]/relationship"/>
            <param name="W205-BIRTH-MONTH_5" path="dependents[$request(startIndex)+5]/dateOfBirth/month"/>
            <param name="W205-BIRTH-DAY_5" path="dependents[$request(startIndex)+5]/dateOfBirth/day"/>
            <param name="W205-BIRTH-DATE-CI_5" path="dependents[$request(startIndex)+5]/dateOfBirth/year"/>
            <param name="W205-BIRTH-YEAR_5" path="substring(dependents[$request(startIndex)+5]/dateOfBirth/year, 3, 2)"/>
            <param name="W205-STUDENT-FLAG_5" path="dependents[$request(startIndex)+5]/student"/>
            <param name="W205-SOCIAL-SECURITY-NO_5" path="dependents[$request(startIndex)+5]/ssn"/>

            <param name="W205-ACTION-CODE_6" path="">
                <evaluator class="com.bcbssc.netsys.web.IfEqualsEvaluator">
                    <evaluatorparam name="testValue1" path="string('$request(transactionNumber)')"/>
                    <evaluatorparam name="testValue2" path="string('205')"/>
                    <evaluatorparam name="ifValue" path="string('A')"/>
                    <evaluatorparam name="elseValue" path="string('C')"/>
                </evaluator>
            </param>
            <param name="W205-ID_6" path="">
                <evaluator class="com.bcbssc.groupadmin.shared.mapper.NameIdEvaluator">
                    <evaluatorparam name="transaction" path="string('$request(transactionNumber)')"/>
                    <evaluatorparam name="index" path="string($request(startIndex)+$request(lastNameId)+6)"/>
                    <evaluatorparam name="nameId" path="dependents[$request(startIndex)+6]/nameId"/>
                </evaluator>
            </param>
            <param name="W205-LAST-NAME_6" path="dependents[$request(startIndex)+6]/lastName"/>
            <param name="W205-FIRST-NAME_6" path="dependents[$request(startIndex)+6]/givenName"/>
            <param name="W205-MIDDLE-I_6" path="dependents[$request(startIndex)+6]/middleIni"/>
            <param name="W205-SEX_6" path="dependents[$request(startIndex)+6]/gender"/>
            <param name="W205-RELATIONSHIP_6" path="dependents[$request(startIndex)+6]/relationship"/>
            <param name="W205-BIRTH-MONTH_6" path="dependents[$request(startIndex)+6]/dateOfBirth/month"/>
            <param name="W205-BIRTH-DAY_6" path="dependents[$request(startIndex)+6]/dateOfBirth/day"/>
            <param name="W205-BIRTH-DATE-CI_6" path="dependents[$request(startIndex)+6]/dateOfBirth/year"/>
            <param name="W205-BIRTH-YEAR_6" path="substring(dependents[$request(startIndex)+6]/dateOfBirth/year, 3, 2)"/>
            <param name="W205-STUDENT-FLAG_6" path="dependents[$request(startIndex)+6]/student"/>
            <param name="W205-SOCIAL-SECURITY-NO_6" path="dependents[$request(startIndex)+6]/ssn"/>

            <param name="W205-ACTION-CODE_7" path="">
                <evaluator class="com.bcbssc.netsys.web.IfEqualsEvaluator">
                    <evaluatorparam name="testValue1" path="string('$request(transactionNumber)')"/>
                    <evaluatorparam name="testValue2" path="string('205')"/>
                    <evaluatorparam name="ifValue" path="string('A')"/>
                    <evaluatorparam name="elseValue" path="string('C')"/>
                </evaluator>
            </param>
            <param name="W205-ID_7" path="">
                <evaluator class="com.bcbssc.groupadmin.shared.mapper.NameIdEvaluator">
                    <evaluatorparam name="transaction" path="string('$request(transactionNumber)')"/>
                    <evaluatorparam name="index" path="string($request(startIndex)+$request(lastNameId)+7)"/>
                    <evaluatorparam name="nameId" path="dependents[$request(startIndex)+7]/nameId"/>
                </evaluator>
            </param>
            <param name="W205-LAST-NAME_7" path="dependents[$request(startIndex)+7]/lastName"/>
            <param name="W205-FIRST-NAME_7" path="dependents[$request(startIndex)+7]/givenName"/>
            <param name="W205-MIDDLE-I_7" path="dependents[$request(startIndex)+7]/middleIni"/>
            <param name="W205-SEX_7" path="dependents[$request(startIndex)+7]/gender"/>
            <param name="W205-RELATIONSHIP_7" path="dependents[$request(startIndex)+7]/relationship"/>
            <param name="W205-BIRTH-MONTH_7" path="dependents[$request(startIndex)+7]/dateOfBirth/month"/>
            <param name="W205-BIRTH-DAY_7" path="dependents[$request(startIndex)+7]/dateOfBirth/day"/>
            <param name="W205-BIRTH-DATE-CI_7" path="dependents[$request(startIndex)+7]/dateOfBirth/year"/>
            <param name="W205-BIRTH-YEAR_7" path="substring(dependents[$request(startIndex)+7]/dateOfBirth/year, 3, 2)"/>
            <param name="W205-STUDENT-FLAG_7" path="dependents[$request(startIndex)+7]/student"/>
            <param name="W205-SOCIAL-SECURITY-NO_7" path="dependents[$request(startIndex)+7]/ssn"/>

            <param name="W205-NAME-AREA" path="dependents" type="loop">
                <params>
                    <param name="W205-IMPAIRMENT" path="string('N')"/>
                </params>
            </param>
        </params>
     </task>

    <!-- **********  sendNameAddressTrailer ********** -->
    <task name="sendNameAddressTrailer">
        <params>
            <param name="W806-MAJOR-COMPANY" path="substring(company, 1, 1)"/>
            <param name="W806-SUB-COMPANY" path="substring(company, 2, 2)"/>
            <param name="W806-GROUP-PREFIX" path="groupPrefix"/>
            <param name="W806-GROUP-NUMBER" path="groupBase"/>
            <param name="W806-DIVISION-ID" path="divisionCode"/>
            <param name="W806-CERTIFICATE-ID" path="identificationNumber"/>
            <param name="W806-TRAN-FC" path="string('8')"/>
            <param name="W806-TRAN-SFC" path="string('0')"/>
            <param name="W806-TRAN-ACT" path="string('6')"/>
            <param name="W806-ENTRY-DATE" path="" evaluator="com.bcbssc.netsys.web.DateFormatEvaluator"/>
            <param name="W806-ENTRY-TIME" path="">
                <evaluator class="com.bcbssc.netsys.web.DateFormatEvaluator">
                    <evaluatorparam name="pattern" path="string('hhmmss')"/>
                </evaluator>
            </param>
            <param name="W806-TERM-ID" path="string('WEBB')"/>
            <param name="W806-DEPT-ID" path="string('CLIF')"/>
            <param name="W806-CLRK-ID" path="string('EWEB')"/>
            <param name="W806-SOURCE-TYPE-SYS" path="string('WEB')"/>
            <param name="W806-ACTIVITY-CODE" path="string('$request(activityCode)')"/>
            <param name="W806-EFFECTIVE-DATE" path="firstEffectiveDate" evaluator="com.bcbssc.groupadmin.shared.common.DateEvaluator"/>
            <param name="W806-LEVEL" path="string('C')"/>
            <param name="W806-PERSON" path="string('I')"/>
            <param name="W806-NAME-TYPE" path="string('I')"/>
            <param name="W806-LAST-NAME" path="lastName"/>
            <param name="W806-FIRST-NAME" path="givenName"/>
            <param name="W806-MIDDLE-INIT" path="middleIni"/>
            <param name="W806-ADDRESS-1" path="addressLine1"/>
            <param name="W806-ADDRESS-2" path="addressLine2"/>
            <param name="W806-CITY" path="city"/>
            <param name="W806-STATE" path="state"/>
            <param name="W806-ZIP-CODE" path="zip"/>
            <!--param name="W806-PHONE-NUMBER" path="telephoneNumber"/-->
            <param name="W806-SOCIAL-SECURITY-NO" path="ssn"/>
        </params>
     </task>

    <!-- ********** sendSpecialRequest ********** -->
    <task name="sendSpecialRequest">
        <params>
            <param name="W217-MAJOR-COMPANY" path="substring(company, 1, 1)"/>
            <param name="W217-SUB-COMPANY" path="substring(company, 2, 2)"/>
            <param name="W217-GROUP-PREFIX" path="groupPrefix"/>
            <param name="W217-GROUP-NUMBER" path="groupBase"/>
            <param name="W217-DIVISION-ID" path="divisionCode"/>
            <param name="W217-CERTIFICATE-ID" path="identificationNumber"/>
            <param name="W217-TRAN-FC" path="string('2')"/>
            <param name="W217-TRAN-SFC" path="string('1')"/>
            <param name="W217-TRAN-ACT" path="string('7')"/>
            <param name="W217-ENTRY-DATE" path="" evaluator="com.bcbssc.netsys.web.DateFormatEvaluator"/>
            <param name="W217-ENTRY-TIME" path="">
                <evaluator class="com.bcbssc.netsys.web.DateFormatEvaluator">
                    <evaluatorparam name="pattern" path="string('hhmmss')"/>
                </evaluator>
            </param>
            <param name="W217-TERM-ID" path="string('WEBB')"/>
            <param name="W217-DEPT-ID" path="string('CLIF')"/>
            <param name="W217-CLRK-ID" path="string('EWEB')"/>
            <param name="W217-SOURCE-TYPE-SYS" path="string('WEB')"/>
            <param name="W217-ACTION-MONTH" path="">
                <evaluator class="com.bcbssc.netsys.web.DateFormatEvaluator">
                    <evaluatorparam name="pattern" path="string('MM')"/>
                </evaluator>
            </param>
            <param name="W217-ACTION-DAY" path="">
                <evaluator class="com.bcbssc.netsys.web.DateFormatEvaluator">
                    <evaluatorparam name="pattern" path="string('dd')"/>
                </evaluator>
            </param>
            <param name="W217-ACTION-DATE-CI" path="">
                <evaluator class="com.bcbssc.netsys.web.DateFormatEvaluator">
                    <evaluatorparam name="pattern" path="string('yyyy')"/>
                </evaluator>
            </param>
            <param name="W217-ACTION-YEAR" path="">
                <evaluator class="com.bcbssc.netsys.web.DateFormatEvaluator">
                    <evaluatorparam name="pattern" path="string('yy')"/>
                </evaluator>
            </param>
            <param name="W217-PRINT-CERTIFICATE" path="substring(requestOption, 1, 1)"/>
            <param name="W217-PRINT-ID-CARDS" path="substring(requestOption, 2, 1)"/>
            <param name="W217-PRINT-STATUS" path="string('N')"/>
            <param name="W217-PRINT-RERATE" path="string('N')"/>
            <param name="W217-STATUS-REASON" path="">
                <evaluator class="com.bcbssc.netsys.web.IfEqualsEvaluator">
                    <evaluatorparam name="testValue1" path="substring(requestOption, 3, 2)"/>
                    <evaluatorparam name="testValue2" path="string('XX')"/>
                    <evaluatorparam name="ifValue" path="string('')"/>
                    <evaluatorparam name="elseValue" path="substring(requestOption, 3, 2)"/>
                </evaluator>
            </param>
            <param name="W217-NUMBER-OF-CERTS" path="string('1')"/>
            <param name="W217-NUMBER-OF-CARDS" path="string('1')"/>
            <param name="W217-ISSUE-CERT-TYPE" path="coverageClass/issueCertType"/>
            <param name="W217-WALLET-CARD-TYPE" path="coverageClass/walletCardType"/>
        </params>
     </task>
     
     
    <!-- ********** sendSalary ********** -->    
    <task name="sendSalary">
        <params>
            <param name="W201-MAJOR-COMPANY" path="substring(company, 1, 1)"/>
            <param name="W201-SUB-COMPANY" path="substring(company, 2, 2)"/>
            <param name="W201-GROUP-PREFIX" path="groupPrefix"/>
            <param name="W201-GROUP-NUMBER" path="groupBase"/>
            <param name="W201-DIVISION-ID" path="divisionCode"/>
            <param name="W201-CERTIFICATE-ID" path="identificationNumber"/>
            <param name="W201-TRAN-FC" path="string('2')"/>
            <param name="W201-TRAN-SFC" path="string('0')"/>
            <param name="W201-TRAN-ACT" path="substring(string('$request(transactionNumber)'), 3, 1)"/>
            <param name="W201-ENTRY-DATE" path="" evaluator="com.bcbssc.netsys.web.DateFormatEvaluator"/>
            <param name="W201-ENTRY-TIME" path="">
                <evaluator class="com.bcbssc.netsys.web.DateFormatEvaluator">
                    <evaluatorparam name="pattern" path="string('hhmmss')"/>
                </evaluator>
            </param>
            <param name="W201-TERM-ID" path="string('WEBB')"/>
            <param name="W201-DEPT-ID" path="string('CLIF')"/>
            <param name="W201-CLRK-ID" path="string('EWEB')"/>
            <param name="W201-SOURCE-TYPE-SYS" path="string('WEB')"/>
            <param name="W201-CERT-LAST-NAME" path="lastName"/>
            <param name="W201-CERT-FIRST-NAME" path="givenName"/>
            <param name="W201-CERT-MIDDLE-INITIAL" path="middleIni"/>
            <param name="W201-STATE-CODE" path="state"/>
            <param name="W201-CLASS-CODE" path="coverageClass/code"/>
            <param name="W201-STATUS-CODE" path="">
                <evaluator class="com.bcbssc.netsys.web.IfEqualsEvaluator">
                    <evaluatorparam name="testValue1" path="string('$request(transactionNumber)')"/>
                    <evaluatorparam name="testValue2" path="string('201')"/>
                    <evaluatorparam name="ifValue" path="string('1')"/>
                    <evaluatorparam name="elseValue" path="status"/>
                </evaluator>
            </param>
            <param name="W201-SEX" path="gender"/>
            <param name="W201-SALARY-MODE" path="string('A')"/>
            <param name="W201-SALARY-AMOUNT" path="annualSalary"/>
            <param name="W201-BIRTHDATE-MONTH" path="dateOfBirth/month"/>
            <param name="W201-BIRTHDATE-DAY" path="dateOfBirth/day"/>
            <param name="W201-BIRTHDATE-CENTURY" path="dateOfBirth/year"/>
            <param name="W201-BIRTHDATE-YEAR" path="substring(dateOfBirth/year, 3, 2)"/>
            <param name="W201-OCCUPATION-NAME" path="occupation"/>

            <param name="W201-ORIG-EFF-MONTH" path="originalEffectiveDate/month"/>
            <param name="W201-ORIG-EFF-DAY" path="originalEffectiveDate/day"/>
            <param name="W201-ORIG-EFF-CENTURY" path="originalEffectiveDate/year"/>
                        
            <param name="W201-ORIG-EFF-YEAR" path="">
                <evaluator class="com.bcbssc.netsys.web.DateEvaluator">
                    <evaluatorparam name="pattern" path="string('yy')"/>
                    <evaluatorparam name="inputPattern" path="string('yyyy')"/>
                    <evaluatorparam name="inputDate" path="originalEffectiveDate/year"/>
                </evaluator>
            </param>            
            
            <param name="W201-EFF-MONTH" path="salaryChangeEffectiveDate/month"/>
            <param name="W201-EFF-DAY" path="salaryChangeEffectiveDate/day"/>
            <param name="W201-EFF-CENTURY" path="substring(salaryChangeEffectiveDate/year, 1, 2)"/>
            <param name="W201-EFF-YEAR" path="salaryChangeEffectiveDate/year"/>
            
            <param name="W201-EFF-YEAR" path="">
                <evaluator class="com.bcbssc.netsys.web.DateEvaluator">
                    <evaluatorparam name="pattern" path="string('yy')"/>
                    <evaluatorparam name="inputPattern" path="string('yyyy')"/>
                    <evaluatorparam name="inputDate" path="changeEffectiveDate/year"/>
                </evaluator>
            </param>            

            <!-- Expecting bean properties to be unset for 201 -->
            <param name="W201-TERM-MONTH" path="string(' ')"/>
            <param name="W201-TERM-DAY" path="string(' ')"/>
            <param name="W201-TERM-CENTURY" path="string(' ')"/>
            <param name="W201-TERM-YEAR" path="string('00')" />
            <param name="W201-TERMINATION-REASON" path="string(' ')"/>
            <param name="W201-RATE-BASIS-CODE" path="rateBasisCode"/>
            <!-- End of expectations -->

            <param name="W201-RATING-TYPE" path="string('0')"/>
            <param name="W201-CERT-MAINT-IND" path="string(' ')"/>
            <param name="W201-TERM-REINSTATE-FLAG" path="termReinstateFlag"/>
            <param name="W201-NUMBER-DEPENDENTS" path="">
                <evaluator class="com.bcbssc.netsys.web.IfEqualsEvaluator">
                    <evaluatorparam name="testValue1" path="string('$request(transactionNumber)')"/>
                    <evaluatorparam name="testValue2" path="string('201')"/>
                    <evaluatorparam name="ifValue" path="dependentsCount"/>
                    <evaluatorparam name="elseValue" path="databaseDependentsCount"/>
                </evaluator>
            </param>
            <param name="W201-HOURS-WORKED" path="averageHoursWorked"/>
            <param name="W201-CHANGE-CODE" path="string('Z')"/>

            <param name="W201-COVERAGE-AREA" path="insuredCoverageItems" type="loop">
                <params>
                    <param name="W201-COVERAGE" path="string(' ')"/>
                    <param name="W201-SUB-COVERAGE" path="string(' ')"/>
                    <param name="W201-COVERAGE-EVIDENCE" path="string(' ')"/>
                    <param name="W201-COVERAGE-REFUSED" path="string(' ')"/>
                    <param name="W201-COVERAGE-IMPAIRMENT" path="string('N')"/>
                    <param name="W201-COVG-VOLUME" path="string(' ')"/>
                    <param name="W201-SUBSTANDARD-FACTOR" path="string(' ')"/>
                </params>
            </param>

            <param name="W201-DEPARTMENT-CODE" path="department"/>
            <param name="W201-PAYROLL-OFFICE-NUMBER" path="string(' ')"/>
            <param name="W201-EMPLOYMENT-MONTH" path="hireDate/month"/>
            <param name="W201-EMPLOYMENT-DAY" path="hireDate/day"/>
            <param name="W201-EMPLOYMENT-CENTURY" path="hireDate/year"/>
            <param name="W201-EMPLOYMENT-YEAR" path="substring(hireDate/year, 3, 2)"/>
            <param name="W201-EMPLOYEE-STATUS" path="">
                <evaluator class="com.bcbssc.netsys.web.IfEqualsEvaluator">
                    <evaluatorparam name="testValue1" path="string('$request(transactionNumber)')"/>
                    <evaluatorparam name="testValue2" path="string('201')"/>
                    <evaluatorparam name="ifValue" path="string('1')"/>
                    <evaluatorparam name="elseValue" path="employeeStatus"/>
                </evaluator>
            </param>
            <param name="W201-MARITAL-STATUS" path="">
                <evaluator class="com.bcbssc.netsys.web.IfEqualsEvaluator">
                    <evaluatorparam name="testValue1" path="spouseExists"/>
                    <evaluatorparam name="testValue2" path="string('true')"/>
                    <evaluatorparam name="ifValue" path="string('2')"/>
                    <evaluatorparam name="elseValue" path="string('1')"/>
                </evaluator>
            </param>
            <param name="W201-SMOKER-CODE" path="string(' ')"/>
            <param name="W201-COBRA-CODE" path="string(' ')"/>
            <param name="W201-MICROFICHE" path="alternateID"/>
            <param name="W201-RERATE-FLAG" path="string('Y')"/>
            <param name="W201-AGE-CHANGE-CODE" path="coverageClass/ageChangeCode"/>
            <param name="W201-ISSUE-CERT-TYPE" path="coverageClass/issueCertType"/>
            <param name="W201-WALLET-CARD-TYPE" path="coverageClass/walletCardType"/>
            <param name="W201-SIC-CODE" path="coverageClass/sicCode"/>
            <param name="W201-RATING-ZIP" path="zip"/>
            <param name="W201-SPOUSE-IND" path="">
                <evaluator class="com.bcbssc.netsys.web.NestedIfEvaluator">
                    <evaluatorparam name="testValue1" path="string('$request(transactionNumber)')"/>
                    <evaluatorparam name="testValue2" path="string('201')"/>
                    <evaluatorparam name="testValue3" path="spouseExists"/>
                    <evaluatorparam name="testValue4" path="string('true')"/>
                    <evaluatorparam name="returnValue1" path="string('Y')"/>
                    <evaluatorparam name="returnValue2" path="string('N')"/>
                    <evaluatorparam name="returnValue3" path="spouseIndicator"/>
                </evaluator>
            </param>
            <param name="W201-CERT-FLAG" path="">
                <evaluator class="com.bcbssc.netsys.web.IfEqualsEvaluator">
                    <evaluatorparam name="testValue1" path="string('$request(transactionNumber)')"/>
                    <evaluatorparam name="testValue2" path="string('201')"/>
                    <evaluatorparam name="ifValue" path="string('')"/>
                    <evaluatorparam name="elseValue" path="string('N')"/>
                </evaluator>
            </param>
            <param name="W201-CERT-SSN" path="ssn"/>
        </params>
     </task>     
     
</tasks>
