<?xml version="1.0" encoding="UTF-8"?>
<RequestLines>

    <!-- ******* Bank Account Details Request Lines for LI1040 Payment Via the Web for Group Administrators ***** -->   
    <BankInformation status="closed" requestCode="BANKI">
        <corrspName label="MBC" value="string('BANK INFORMATION')"/>
        <line label="Group Number" value="groupNumber"/>
        <line label="Division Name" value="divisionName"/>
        <line label="Entry Date" value="entryDate"/>
        <line label="Bank Routing Number" value="bankRoutingNumber"/>
        <line label="Bank Account Number" value="bankAccountNumber"/>
        <line label="Bank Account Holder's Name" value="accountHolderName"/>
        <line label="Bank Name" value="bankName"/>
        <line label="Confirmation Number" value="trackingNumber"/>
        <line label="UserName" value="concat(userDTO/samAccountName,string(' - '),userDTO/givenName,string(' '),userDTO/lastName)"/>

    </BankInformation>
    
    <!-- ******* Payment amount and Bank Account Details Request Lines for LI1040 Payment Via the Web for Group Administrators ***** -->    
    <PaymentInformation status="closed" requestCode="PYMNT">
        <corrspName label="MBC" value="string('PAY BILL')"/>
        <line label="Group Number" value="groupNumber"/>
        <line label="Division Name" value="divisionName"/>
        <line label="Entry Date" value="entryDate"/>
        <line label="Bank Routing Number" value="bankRoutingNumber"/>
        <line label="Bank Account Number" value="bankAccountNumber"/>
        <line label="Bank Account Holder's Name" value="accountHolderName"/>
        <line label="Bank Name" value="bankName"/>
        <line label="Confirmation Number" value="trackingNumber"/>
        <line label="Paid Amount" value="paidBalanceforInform"/>
        <line label="UserName" value="concat(userDTO/samAccountName,string(' - '),userDTO/givenName,string(' '),userDTO/lastName)"/>
    </PaymentInformation>    

    <AddInsured status="closed" requestCode="CERTA">
        <corrspName label="MDC" value="string('ADD INSURED EMPLOYEE')"/>
        <line label="Group Number" value="groupNumber"/>
        <line label="Division Name" value="divisionName"/>
        <line label="Identification Number" value="identificationNumber"/>
        <line label="Effective Date" value="firstEffectiveDate"/>
        <line label="Social Security Number" value="ssn"/>
        <line label="Last Name" value="lastName"/>
        <line label="First Name" value="givenName"/>
        <line label="MI" value="middleIni"/>
        <line label="Date of Birth" value="dateOfBirth"/>
        <line label="Gender" value="gender"/>
        <line label="Address Line 1" value="addressLine1"/>
        <line label="Address Line 2" value="addressLine2"/>
        <line label="City" value="city"/>
        <line label="State" value="state"/>
        <line label="ZIP Code" value="zip"/>
        <line label="Hire Date" value="hireDate"/>
        <line label="Department" value="department"/>
        <line label="Payroll Office Identifier" value="payrollOfficeIdentifier"/>
        <line label="COBRA" value="cobra"/>
        <line label="Smoker" value="smoker"/>
        <line label="Occupation" value="occupation"/>
        <line label="Spouse Name" value="spouse/lastName"/>
        <line label="Spouse First Name" value="spouse/givenName"/>
        <line label="Spouse MI" value="spouse/middleIni"/>
        <line label="Spouse Date of Birth" value="spouse/dateOfBirthFormatted"/>
        <line label="Spouse Gender" value="spouse/gender"/>
        <line label="Spouse Social Security Number" value="spouse/ssn"/>
        <line label="Class" value="concat(coverageClass/code, string(' '), coverageClass/description)"/>
        <line label="Annual Salary" value="annualSalary"/>
        <line label="Average Hours Worked per Week" value="averageHoursWorked"/>


        <list label="Coverage Information" value="coverageItems">
            <line label="Action" value="action"/>
            <line label="Coverage" value="name"/>
            <line label="Premium" value="premium"/>
            <line label="% Salary" value="percentSalary"/>
            <line label="Volume" value="volume"/>
            <line label="Minimum Volume" value="minimumVolume"/>
            <line label="Maximum Volume" value="maximumVolume"/>
            <line label="Waiting Period" value="waitingPeriod"/>
            <line label="Effective Date" value="effectiveDateFormatted"/>
        </list>

        <list label="Dependent Information" value="dependents">
            <line label="Last Name" value="lastName"/>
            <line label="First Name" value="givenName"/>
            <line label="MI" value="middleIni"/>
            <line label="Date of Birth" value="dateOfBirthFormatted"/>
            <line label="Gender" value="gender"/>
            <line label="Social Security Number" value="ssn"/>
            <line label="Relationship" value="relationship"/>
            <line label="Student" value="student"/>
        </list>
        <line label="UserName" value="concat(userDTO/samAccountName,string(' - '),userDTO/givenName,string(' '),userDTO/lastName)"/>
     </AddInsured>
    
    <AddInsuredRequestChange status="open" requestCode="WRSRQ">
            <corrspName label="MBC" value="string('REQUEST A CHANGE')"/>
            <line label="Group Number" value="groupNumber"/>
            <line label="Division Name" value="divisionName"/>
            <line label="Identification Number" value="identificationNumber"/>
            <line label="Effective Date" value="firstEffectiveDate"/>
            <line label="REQUEST TYPE: " value="string('ADD INSURED EMPLOYEE')"/>
            <line label="Social Security Number" value="ssn"/>
            <line label="Last Name" value="lastName"/>
            <line label="First Name" value="givenName"/>
            <line label="MI" value="middleIni"/>
            <line label="Date of Birth" value="dateOfBirth"/>
            <line label="Gender" value="gender"/>
            <line label="Address Line 1" value="addressLine1"/>
            <line label="Address Line 2" value="addressLine2"/>
            <line label="City" value="city"/>
            <line label="State" value="state"/>
            <line label="ZIP Code" value="zip"/>
            <line label="Hire Date" value="hireDate"/>
            <line label="Department" value="department"/>
            <line label="Payroll Office Identifier" value="payrollOfficeIdentifier"/>
            <line label="COBRA" value="cobra"/>
            <line label="Smoker" value="smoker"/>
            <line label="Occupation" value="occupation"/>
            <line label="Spouse Name" value="spouse/lastName"/>
            <line label="Spouse First Name" value="spouse/givenName"/>
            <line label="Spouse MI" value="spouse/middleIni"/>
            <line label="Spouse Date of Birth" value="spouse/dateOfBirthFormatted"/>
            <line label="Spouse Gender" value="spouse/gender"/>
            <line label="Spouse Social Security Number" value="spouse/ssn"/>
            <line label="Class" value="concat(coverageClass/code, string(' '), coverageClass/description)"/>
            <line label="Annual Salary" value="annualSalary"/>
            <line label="Average Hours Worked per Week" value="averageHoursWorked"/>
            
            <list label="Coverage Information" value="coverageItems">
                <line label="Action" value="action"/>
                <line label="Coverage" value="name"/>
                <line label="Premium" value="premium"/>
                <line label="% Salary" value="percentSalary"/>
                <line label="Volume" value="volume"/>
                <line label="Minimum Volume" value="minimumVolume"/>
                <line label="Maximum Volume" value="maximumVolume"/>
                <line label="Waiting Period" value="waitingPeriod"/>
                <line label="Effective Date" value="effectiveDateFormatted"/>
            </list>
            
            <list label="Dependent Information" value="dependents">
                <line label="Last Name" value="lastName"/>
                <line label="First Name" value="givenName"/>
                <line label="MI" value="middleIni"/>
                <line label="Date of Birth" value="dateOfBirthFormatted"/>
                <line label="Gender" value="gender"/>
                <line label="Social Security Number" value="ssn"/>
                <line label="Relationship" value="relationship"/>
                <line label="Student" value="student"/>
            </list>
            <line label="UserName" value="concat(userDTO/samAccountName,string(' - '),userDTO/givenName,string(' '),userDTO/lastName)"/>
         </AddInsuredRequestChange>    
    
    

    <InsuredDetails status="closed" requestCode="CERTD">
        <corrspName label="MDC" value="string('INSURED EMPLOYEE DETAILS')"/>
        <line label="Group Number" value="groupNumber"/>
        <line label="Division Name" value="divisionName"/>
        <line label="Identification Number" value="identificationNumber"/>
        <line label="Effective Date" value="firstEffectiveDate"/>
        <line label="Original Effective Date" value="originalEffectiveDate"/>
        <line label="Last Processed Date" value="lastProcessedDate"/>
        <line label="Social Security Number" value="ssn"/>
        <line label="Last Name" value="lastName"/>
        <line label="First Name" value="givenName"/>
        <line label="MI" value="middleIni"/>
        <line label="Date of Birth" value="dateOfBirth"/>
        <line label="Gender" value="gender"/>
        <line label="Address Line 1" value="addressLine1"/>
        <line label="Address Line 2" value="addressLine2"/>
        <line label="City" value="city"/>
        <line label="State" value="state"/>
        <line label="ZIP Code" value="zip"/>
        <line label="Hire Date" value="hireDate"/>
        <line label="Department" value="department"/>
        <line label="Payroll Office Identifier" value="payrollOfficeIdentifier"/>
        <line label="COBRA" value="cobra"/>
        <line label="Smoker" value="smoker"/>
        <line label="Occupation" value="occupation"/>
        <line label="Alternate ID" value="alternateID"/>
        <line label="Status" value="status"/>
        <line label="Termination Date" value="terminationDate"/>
        <line label="Termination Reason" value="terminationReason"/>
        <line label="Spouse Name" value="spouse/lastName"/>
        <line label="Spouse First Name" value="spouse/givenName"/>
        <line label="Spouse MI" value="spouse/middleIni"/>
        <line label="Spouse Date of Birth" value="spouse/dateOfBirthFormatted"/>
        <line label="Spouse Gender" value="spouse/gender"/>
        <line label="Spouse Social Security Number" value="spouse/ssn"/>
        <line label="Spouse Effective Date" value="spouse/effectiveDate"/>
        <line label="Annual Salary" value="annualSalary"/>
        <line label="Class" value="concat(coverageClass/code, string(' '), coverageClass/description)"/>
        <line label="Average Hours Worked per Week" value="averageHoursWorked"/>

        <list label="Coverage Information" value="coverageItems">
            <line label="Action" value="action"/>
            <line label="Coverage" value="name"/>
            <line label="Volume" value="volume"/>
            <line label="Premium" value="premium"/>
            <line label="Effective Date" value="effectiveDateFormatted"/>
        </list>

        <line label="Total Premium" value="premium"/>

        <list label="Dependent Information" value="dependents">
            <line label="Last Name" value="lastName"/>
            <line label="First Name" value="givenName"/>
            <line label="MI" value="middleIni"/>
            <line label="Date of Birth" value="dateOfBirthFormatted"/>
            <line label="Gender" value="gender"/>
            <line label="Social Security Number" value="ssn"/>
            <line label="Relationship" value="relationship"/>
            <line label="Student" value="student"/>
        </list>
        <line label="UserName" value="concat(userDTO/samAccountName,string(' - '),userDTO/givenName,string(' '),userDTO/lastName)"/>

        
    </InsuredDetails>

    <ChangeInsured status="closed" requestCode="CERTC">
        <corrspName label="MDC" value="string('CHANGE DETAILS')"/>
        <line label="Group Number" value="groupNumber"/>
        <line label="Division Name" value="divisionName"/>
        <line label="Identification Number" value="identificationNumber"/>
        <line label="Effective Date" value="firstEffectiveDate"/>
        <line label="Original Effective Date" value="originalEffectiveDate"/>
        <line label="Last Processed Date" value="lastProcessedDate"/>
        <line label="Social Security Number" value="ssn"/>
        <line label="Last Name" value="lastName"/>
        <line label="First Name" value="givenName"/>
        <line label="MI" value="middleIni"/>
        <line label="Date of Birth" value="dateOfBirth"/>
        <line label="Gender" value="gender"/>
        <line label="Address Line 1" value="addressLine1"/>
        <line label="Address Line 2" value="addressLine2"/>
        <line label="City" value="city"/>
        <line label="State" value="state"/>
        <line label="ZIP Code" value="zip"/>
        <line label="Hire Date" value="hireDate"/>
        <line label="Department" value="department"/>
        <line label="Payroll Office Identifier" value="payrollOfficeIdentifier"/>
        <line label="COBRA" value="cobra"/>
        <line label="Smoker" value="smoker"/>
        <line label="Occupation" value="occupation"/>
        <line label="Alternate ID" value="alternateID"/>
        <line label="Status" value="status"/>
        <line label="Termination Date" value="terminationDate"/>
        <line label="Termination Reason" value="terminationReason"/>
        <line label="Spouse Name" value="spouse/lastName"/>
        <line label="Spouse First Name" value="spouse/givenName"/>
        <line label="Spouse MI" value="spouse/middleIni"/>
        <line label="Spouse Date of Birth" value="spouse/dateOfBirthFormatted"/>
        <line label="Spouse Gender" value="spouse/gender"/>
        <line label="Spouse Social Security Number" value="spouse/ssn"/>
        <line label="Class" value="concat(coverageClass/code, string(' '), coverageClass/description)"/>
        <line label="Annual Salary" value="annualSalary"/>
        <line label="Average Hours Worked per Week" value="averageHoursWorked"/>

        <list label="Coverage Information" value="coverageItems">
            <line label="Action" value="action"/>
            <line label="Coverage" value="name"/>
            <line label="Volume" value="volume"/>
            <line label="Premium" value="premium"/>
            <line label="Effective Date" value="effectiveDateFormatted"/>
        </list>

        <line label="Total Premium" value="premium"/>

        <list label="Dependent Information" value="dependents">
            <line label="Last Name" value="lastName"/>
            <line label="First Name" value="givenName"/>
            <line label="MI" value="middleIni"/>
            <line label="Date of Birth" value="dateOfBirthFormatted"/>
            <line label="Gender" value="gender"/>
            <line label="Social Security Number" value="ssn"/>
            <line label="Relationship" value="relationship"/>
            <line label="Student" value="student"/>
        </list>
        <line label="UserName" value="concat(userDTO/samAccountName,string(' - '),userDTO/givenName,string(' '),userDTO/lastName)"/>

    </ChangeInsured>

    <TerminateInsured status="closed" requestCode="CERTT">
        <corrspName label="MDC" value="string('TERMINATE INSURED EMPLOYEE')"/>
        <line label="Group Number" value="groupNumber"/>
        <line label="Division Name" value="divisionName"/>
        <line label="Identification Number" value="identificationNumber"/>
        <line label="Effective Date" value="firstEffectiveDate"/>
        <line label="Last Name" value="lastName"/>
        <line label="First Name" value="givenName"/>
        <line label="MI" value="middleIni"/>
        <line label="Date of Birth" value="dateOfBirth"/>
        <line label="Gender" value="gender"/>
        <line label="Social Security Number" value="ssn"/>
        <line label="Termination Date" value="terminationDate"/>
        <line label="Termination Reason" value="terminationReason"/>
        <line label="UserName" value="concat(userDTO/samAccountName,string(' - '),userDTO/givenName,string(' '),userDTO/lastName)"/>

    </TerminateInsured>

    <RequestInformation status="closed" requestCode="CERTR">
        <corrspName label="MDC" value="string('REQUEST ID CARD OR CERTIFICATE')"/>
        <line label="Group Number" value="groupNumber"/>
        <line label="Division Name" value="divisionName"/>
        <line label="Identification Number" value="identificationNumber"/>
        <line label="Effective Date" value="firstEffectiveDate"/>
        <line label="Name" value="concat(lastName, string(', '), givenName, string(' '), middleIni)"/>
        <line label="Requested Options" value="string('')"/>
        <line label="" value="dentalCardMessage"/>
        <line label="" value="dentalCardAndCertMessage"/>
        <line label="" value="otherCertMessage"/>
        <line label="" value="visionMessage"/>
        <line label="UserName" value="concat(userDTO/samAccountName,string(' - '),userDTO/givenName,string(' '),userDTO/lastName)"/>

    </RequestInformation>

    <ViewInsuredDetails status="closed" requestCode="CERTV">
        <corrspName label="MDC" value="string('VIEW INSURED EMPLOYEE')"/>
        <line label="Group Number" value="groupNumber"/>
        <line label="Division Name" value="divisionName"/>
        <line label="Identification Number" value="identificationNumber"/>
        <line label="Effective Date" value="firstEffectiveDate"/>
        <line label="Original Effective Date" value="originalEffectiveDate"/>
        <line label="Last Processed Date" value="lastProcessedDate"/>
        <line label="Social Security Number" value="ssn"/>
        <line label="Last Name" value="lastName"/>
        <line label="First Name" value="givenName"/>
        <line label="MI" value="middleIni"/>
        <line label="Date of Birth" value="dateOfBirth"/>
        <line label="Gender" value="gender"/>
        <line label="Address Line 1" value="addressLine1"/>
        <line label="Address Line 2" value="addressLine2"/>
        <line label="City" value="city"/>
        <line label="State" value="state"/>
        <line label="ZIP Code" value="zip"/>
        <line label="Hire Date" value="hireDate"/>
        <line label="Department" value="department"/>
        <line label="Payroll Office Identifier" value="payrollOfficeIdentifier"/>
        <line label="COBRA" value="cobra"/>
        <line label="Smoker" value="smoker"/>
        <line label="Occupation" value="occupation"/>
        <line label="Alternate ID" value="alternateID"/>
        <line label="Status" value="status"/>
        <line label="Termination Date" value="terminationDate"/>
        <line label="Termination Reason" value="terminationReason"/>
        <line label="Spouse Name" value="spouse/lastName"/>
        <line label="Spouse First Name" value="spouse/givenName"/>
        <line label="Spouse MI" value="spouse/middleIni"/>
        <line label="Spouse Date of Birth" value="spouse/dateOfBirthFormatted"/>
        <line label="Spouse Gender" value="spouse/gender"/>
        <line label="Spouse Social Security Number" value="spouse/ssn"/>
        <line label="Spouse Effective Date" value="spouse/effectiveDate"/>
        <line label="Annual Salary" value="annualSalary"/>
        <line label="Class" value="concat(coverageClass/code, string(' '), coverageClass/description)"/>
        <line label="Average Hours Worked per Week" value="averageHoursWorked"/>


        <list label="Coverage Information" value="coverageItems">
            <line label="Action" value="action"/>
            <line label="Coverage" value="name"/>
            <line label="Volume" value="volume"/>
            <line label="Premium" value="premium"/>
            <line label="Effective Date" value="effectiveDateFormatted"/>
        </list>

        <line label="Total Premium" value="premium"/>

        <list label="Dependent Information" value="dependents">
            <line label="Last Name" value="lastName"/>
            <line label="First Name" value="givenName"/>
            <line label="MI" value="middleIni"/>
            <line label="Date of Birth" value="dateOfBirthFormatted"/>
            <line label="Gender" value="gender"/>
            <line label="Social Security Number" value="ssn"/>
            <line label="Relationship" value="relationship"/>
            <line label="Student" value="student"/>
        </list>
        <line label="UserName" value="concat(userDTO/samAccountName,string(' - '),userDTO/givenName,string(' '),userDTO/lastName)"/>

    </ViewInsuredDetails>

    <BillSummary status="closed" requestCode="BILLS">
        <corrspName label="MDC" value="string('BILL SUMMARY')"/>
        <line label="Group Number" value="groupNumber"/>
        <line label="Division Name" value="divisionName"/>
        <line label="Bill Date" value="selectedBillDate"/>
        <list label="Coverage Information" value="summary">
            <line label="Coverage" value="coverage"/>
            <line label="Number Lives" value="numberLives"/>
            <line label="Volume" value="volumeFormatted"/>
            <line label="Billed" value="billedFormatted"/>
            <line label="Adjusted" value="adjustedFormatted"/>
            <line label="Total Premium" value="totalPremiumFormatted"/>
        </list>
        <line label="UserName" value="concat(userDTO/samAccountName,string(' - '),userDTO/givenName,string(' '),userDTO/lastName)"/>

    </BillSummary>

    <BillImage status="closed" requestCode="BILLI">
        <corrspName label="MDC" value="string('BILL IMAGE')"/>
        <line label="Group Number" value="groupNumber"/>
        <line label="Division Name" value="divisionName"/>
        <line label="Bill Date" value="selectedBillDate"/>
    </BillImage>

    <RequestBill status="open" requestCode="BILLR">
        <corrspName label="MDC" value="string('REQUEST BILL')"/>
        <line label="Group Number" value="groupNumber"/>
        <line label="Division Name" value="divisionName"/>
        <line label="Bill Date" value="selectedBillDate"/>
        <line label="Bill Type" value="formattedBillType"/>
        <line label="UserName" value="concat(userDTO/samAccountName,string(' - '),userDTO/givenName,string(' '),userDTO/lastName)"/>
    </RequestBill>
</RequestLines>
