<?xml version="1.0" encoding="UTF-8" ?>
<!DOCTYPE log4j:configuration SYSTEM "log4j.dtd">

<log4j:configuration xmlns:log4j='http://jakarta.apache.org/log4j/'>

    <logger name="org.apache">
        <level value="WARN"/>
    </logger>

    <appender name="rootAppender" class="org.apache.log4j.DailyRollingFileAppender">
        <param name="File" value="logs/commercialGroupadmin/GroupAdmin.log"/>
        <layout class="org.apache.log4j.PatternLayout">
            <param name="ConversionPattern" value="%d [%t] %-5p %c:%L %x - %m\n "/>
        </layout>
    </appender>

    <appender name="console" class="org.apache.log4j.ConsoleAppender">
        <layout class="org.apache.log4j.PatternLayout">
            <param name="ConversionPattern" value="%d [%t] %-5p %c %L %x - %m\n "/>
        </layout>
    </appender>

    <appender name="mqAudit" class="org.apache.log4j.DailyRollingFileAppender">
        <param name="Threshold" value="INFO"/>
        <param name="File" value="logs/commercialGroupadmin/mq/audit.log"/>
        <layout class="org.apache.log4j.PatternLayout">
            <param name="ConversionPattern" value="%d %-5p- [%m]\n "/>
        </layout>
    </appender>

    <appender name="mqError" class="com.bcbssc.netsys.log4j.RollingFileAppender">
        <param name="Threshold" value="ERROR"/>
        <param name="MaxFileSize" value="1KB"/>
        <param name="MaxBackupIndex" value="5000"/>
        <param name="File" value="logs/commercialGroupadmin/mq/error.log"/>
        <layout class="org.apache.log4j.PatternLayout">
            <param name="ConversionPattern" value="%m"/>
        </layout>
    </appender>

    <appender name="infoError" class="com.bcbssc.netsys.log4j.RollingFileAppender">
        <param name="Threshold" value="ERROR"/>
        <param name="MaxFileSize" value="1KB"/>
        <param name="MaxBackupIndex" value="5000"/>
        <param name="File" value="logs/commercialGroupadmin/mq/infoError.log"/>
        <layout class="org.apache.log4j.PatternLayout">
            <param name="ConversionPattern" value="%m"/>
        </layout>
    </appender>

    <appender name="mqEmail" class="org.apache.log4j.net.SMTPAppender">
		<param name="From" value="LS.PAS.MIM-DEV-SUPPO@bcbssc.net"/>
		<param name="To" value="LS.PAS.MIM-DEV-SUPPO@bcbssc.net"/>
        <param name="Subject" value="**CGA MQ Error**"/>
		<param name="SMTPHost" value="smtprelay.bcbssc.com"/>
        <param name="BufferSize" value="1"/>
        <param name="Threshold" value="ERROR" />
        <layout class="org.apache.log4j.PatternLayout">
            <param name="ConversionPattern" value="time: %d{hh:mm:ss.SS a} %nserver: %X{server.name} %nip: %X{server.ip} %n%nCLife Group Administrator unable to send MQ message.%nResend needed."/>
        </layout>
    </appender>

    <logger name="com.bcbssc.groupadmin.shared.mq.GcomMessenger" additivity="false">
        <level value="INFO"/>
        <appender-ref ref="mqAudit"/>
        <appender-ref ref="mqError"/>
        <appender-ref ref="mqEmail"/>
        <appender-ref ref="rootAppender"/>
        <appender-ref ref="console"/>
    </logger>

    <logger name="com.bcbssc.commercial.inform.InformTransaction.AUDIT" additivity="false">
        <level value="INFO"/>
        <appender-ref ref="mqAudit"/>
    </logger>

    <logger name="com.bcbssc.commercial.inform.InformTransaction.ERROR" additivity="false">
        <level value="ERROR"/>
        <appender-ref ref="infoError"/>
        <appender-ref ref="mqEmail"/>
    </logger>

    <logger name="com.bcbssc.netsys.util.ResourceLocator" additivity="false">
        <level value="INFO"/>
        <appender-ref ref="rootAppender"/>
        <appender-ref ref="console"/>
    </logger>

    <root>
        <level value="DEBUG"/>
        <appender-ref ref="rootAppender"/>
        <appender-ref ref="console"/>
    </root>
</log4j:configuration>