<?xml version="1.0" encoding="UTF-8"?>

<!--
    Document   : TechnicalHelpInforms.xml
    Created on : September 13, 2004
    Author     : XG97 (J. Egger)
    Description:
        Define INFOrm layout for Group Administrator Technical Help Informs
-->

<tasks>
    <task name="TechnicalHelp.Header">
    <!-- 
        This task is used to map data from a header object to the map which will 
        be used to generate a GroupAdminTechnicalHelp copybook. 
     -->
        <params>
            <param name="INFORM-SYSTEM-PREFIX" path="infoType" />
            <param name="INFORM-LOAD-SYSTEM" path="string('P')" />
            <param name="INFORM-ACTION-REQUESTED" path="string('A')" />
            <param name="INFORM-KEY-ID" path="keyId" />
            <param name="INFORM-ALT-KEY-ID" path="altKeyId" />
            <param name="INFORM-COMP-CD" path="companyCode" />
            <param name="INFORM-EDIT-REQ-VERBIAGE" path="string('N')" />
            <param name="INFORM-MQ-QUE-ID" path="string('INFORM')" />
            <param name="INFORM-LOG-TIMESTAMP" path="logTimeStamp" />
            <param name="INFORM-UPDATE-KEY-FIELDS" path="string('N')" />
            <param name="INFORM-RETURN-SQL-CODE" path="string('00000')" />
            <param name="INFORM-MQ-TO-APPL" path="infoType" />
            <param name="INFORM-MQ-SEND-REPLY" path="string('N')" />
            <param name="INFORM-MQ-SEND-RESPONSE" path="string('N')" />
            <param name="INFORM-MQ-UPD-CUST" path="string('N')" />
            <param name="INFORM-CONVERT-IND" path="string('Y')" />            
            <param name="INFORM-CONVERT-AMOUNT" path="string('00000000000')" />
            <param name="INFORM-CONVERT-SEQ-NO" path="string('000')" />
            <param name="WS-INQ-CORP-CD" path="corporateCode" />
            <param name="WS-INQ-AMOUNT" path="string('000000')" />            
            <param name="WS-INQ-INACTIVE-DATE" path="inactiveDate" />
            <param name="WS-INQ-INACTIVE-TIME" path="inactiveTime" />
            <param name="WS-INQ-COMP-CD" path="companyCode" />
            <param name="WS-INQ-DIV-CD" path="divisionCode" />
            <param name="WS-INQ-DEPT-CD" path="departmentCode" />
            <param name="WS-INQ-EMP-ID-NO" path="employeeId" />
            <param name="WS-INQ-KEY-ID" path="keyId" />
            <param name="WS-INQ-TYPE" path="string('TE')" />
            <param name="WS-INQ-CORR-RECV-DATE" path="dateStamp" />
            <param name="WS-INQ-EMP-RECV-DATE" path="dateStamp" />
            <param name="WS-INQ-STATUS-DATE" path="dateStamp" />
            <param name="WS-INQ-LOG-TIMESTAMP" path="logTimeStamp" />
            <param name="WS-INQ-ALT-KEY-ID" path="altKeyId" />
            <param name="WS-INQ-CAT-CD" path="catCode" />
            <param name="WS-INQ-SRC-CD" path="string('WB')" />
            <param name="WS-INQ-INT-EXT-INDC" path="string('X')" />
            <param name="WS-INQ-ADJ-REAS-CD" path="string('N')" />
            <param name="WS-INQ-LOC-SENT-DATE" path="dateStamp" />
            <param name="WS-INQ-RESP-DATE" path="dateStamp" />
            <param name="WS-INQ-FOLLOW-UP-DATE" path="dateStamp" />
            <param name="WS-INQ-REQ-TRANSFER" path="string('N')" />
            <param name="WS-INQ-REQ-CORP-CD" path="corporateCode" />
            <param name="WS-INQ-REQ-COMP-CD" path="companyCode" />
            <param name="WS-INQ-REQ-DIV-CD" path="divisionCode" />
            <param name="WS-INQ-REQ-DEPT-CD" path="departmentCode" />
            <param name="WS-INQ-REQ-EMP-ID-NO" path="employeeId" />
            <param name="WS-INQ-CHG-DATE" path="dateStamp" />
            <param name="WS-INQ-CHG-TIME" path="timeStamp" />
            <param name="WS-INQ-CHG-CORP-CD" path="corporateCode" />
            <param name="WS-INQ-CHG-COMP-CD" path="companyCode" />
            <param name="WS-INQ-CHG-DIV-CD" path="divisionCode" />
            <param name="WS-INQ-CHG-DEPT-CD" path="departmentCode" />
            <param name="WS-INQ-CHG-EMP-ID-NO" path="employeeId" />
            <param name="WS-INQ-USER-DEF-MQ-APPL" path="string('WEBPB')" />
            <param name="WS-INQ-USER-DEF-LOAD-APPL" path="string('W')" />
            <param name="WS-INQ-RPN" path="rpn" />
            <param name="WS-REQ-CORP-CD" path="corporateCode" />
            <param name="WS-REQ-COMP-CD" path="companyCode" />
            <param name="WS-REQ-DIV-CD" path="divisionCode" />
            <param name="WS-REQ-DEPT-CD" path="departmentCode" />
            <param name="WS-REQ-EMP-ID-NO" path="employeeId" />
            <param name="WS-REQ-KEY-ID" path="keyId" />
            <param name="WS-REQ-TYPE" path="string('TE')" />
            <param name="WS-REQ-INQ-TIMESTAMP" path="logTimeStamp" />
            <param name="WS-REQ-INACTIVE-DATE" path="inactiveDate" />
            <param name="WS-REQ-INACTIVE-TIME" path="inactiveTime" />
        </params>
    </task>        
    <task name="TechnicalHelp.1INQ">
    <!-- 
        This task is used to map data to an INFOrm 1INQ (Inquiry) record for
        a Group Admin Technical Help request.
     -->
        <params>
            <param name="INFORM-TYPE-RECORD" path="string('1INQ')" />
            <param name="INFORM-MQ-FROM-APPL" path="string('WEBPB')" />
            <param name="WS-INQ-STATUS-CD" path="string('OP')" />
            <param name="WS-INQ-STATUS-TYPE" path="string('OP')" />
            <param name="WS-INQ-REQUEST-CD" path="string('WEB')" />
            <param name="WS-INQ-RESL-CD" path="string('WEB')" />
            <param name="WS-INQ-CORRSP-NAME" path="header/claimNumber" />
            <param name="WS-INQ-AREA-OF-APPL" path="string('MYINSWB')" />
        </params>
    </task>
    <task name="TechnicalHelp.2REQ">
    <!-- 
        This task is used to map data to an INFOrm 2REQ (Request) record for
        a Group Admin Technical Help request.
     -->
        <params>
            <param name="INFORM-TYPE-RECORD" path="string('2REQ')" />
            <param name="WS-REQ-EMP-ID-NO" path="header/employeeId" />
            <param name="WS-REQ-KEY-ID" path="header/keyId" />
            <param name="WS-REQ-TYPE" path="string('TE')" />
            <param name="WS-REQ-INQ-TIMESTAMP" path="header/logTimeStamp" />
            <param name="WS-REQ-INACTIVE-DATE" path="header/inactiveDate" />
            <param name="WS-REQ-INACTIVE-TIME" path="header/inactiveTime" />
            <param name="INFORM-CONVERT-IND" path="string('Y')" />
            <param name="INFORM-CONVERT-SEQ-NO" path="sequenceNumber" />
            <param name="WS-REQ-VERBIAGE" path="verbiage" />
        </params>
    </task>
    <task name="TechnicalHelp.1END">
    <!-- 
        This task is used to map data to an INFOrm 1END (End) record for
        a Group Admin User Action Entry.
     -->
        <params>
            <param name="INFORM-TYPE-RECORD" path="string('1END')" />
        </params>
    </task>
</tasks>

