<W001_W002_MISC_LAYOUT>
    <w001Transaction level="1" mfname="W001-TRANSACTION" position="1" length="1000">
        <w001Filler level="5" mfname="W001-FILLER" pic="X(02)" length="2" position="1"/>
        <w001RecordKey level="5" mfname="W001-RECORD-KEY" position="3" length="69">
            <w001Record level="10" mfname="W001-RECORD" position="3" length="50">
                <w001CompanyCode level="15" mfname="W001-COMPANY-CODE" pic="X(03)" length="3" position="3"/>
                <w001SourceProgram level="15" mfname="W001-SOURCE-PROGRAM" pic="X(8)" length="8" position="6"/>
                <w001GroupId level="15" mfname="W001-GROUP-ID" position="14" length="10">
                    <w001GroupPrefix level="20" mfname="W001-GROUP-PREFIX" pic="XX" length="2" position="14"/>
                    <w001GroupNumber level="20" mfname="W001-GROUP-NUMBER" pic="X(7)" length="7" position="16"/>
                    <w001GroupSuffix level="20" mfname="W001-GROUP-SUFFIX" pic="X" length="1" position="23"/>
                </w001GroupId>
                <w001DivisionId level="15" mfname="W001-DIVISION-ID" pic="X(5)" length="5" position="24"/>
                <filler level="15" mfname="FILLER" pic="X(03)" length="3" position="29"/>
                <w001CertificateId level="15" mfname="W001-CERTIFICATE-ID" pic="X(10)" length="10" position="32"/>
                <filler level="15" mfname="FILLER" pic="X(03)" length="3" position="42"/>
                <w001DivisionOrigEffdt level="15" mfname="W001-DIVISION-ORIG-EFFDT" pic="X(08)" length="8" position="45"/>
            </w001Record>
            <w001TransactionCode level="10" mfname="W001-TRANSACTION-CODE" pic="X(03)" length="3" position="53"/>
            <w001EntryDate level="10" mfname="W001-ENTRY-DATE" pic="9(08)" isnumber="true" length="8" position="56"/>
            <w001EntryTime level="10" mfname="W001-ENTRY-TIME" pic="9(06)" isnumber="true" length="6" position="64"/>
            <w001SequenceNo level="10" mfname="W001-SEQUENCE-NO" pic="9(02)" isnumber="true" length="2" position="70"/>
        </w001RecordKey>
        <w001MiscCoverageData level="5" mfname="W001-MISC-COVERAGE-DATA" position="72" length="924">
            <w001CoverageTable level="10" mfname="W001-COVERAGE-TABLE" position="72" length="924">
                <w001CoverageArea level="15" mfname="W001-COVERAGE-AREA" occurs="14" position="72" length="924">
                    <w001CoverageCode level="20" mfname="W001-COVERAGE-CODE" pic="X(04)" length="4" position="1"/>
                    <w001CoverageEffectiveDate level="20" mfname="W001-COVERAGE-EFFECTIVE-DATE" position="5" length="8">
                        <w001CovgEffectiveCcyy level="25" mfname="W001-COVG-EFFECTIVE-CCYY" pic="X(04)" length="4" position="5"/>
                        <w001CovgEffectiveMm level="25" mfname="W001-COVG-EFFECTIVE-MM" pic="X(02)" length="2" position="9"/>
                        <w001CovgEffectiveDd level="25" mfname="W001-COVG-EFFECTIVE-DD" pic="X(02)" length="2" position="11"/>
                    </w001CoverageEffectiveDate>
                    <w001CoverageRefused level="20" mfname="W001-COVERAGE-REFUSED" pic="X" length="1" position="13"/>
                    <w001VolumeBasisCode level="20" mfname="W001-VOLUME-BASIS-CODE" pic="X(01)" length="1" position="14"/>
                    <w001FlatAmount level="20" mfname="W001-FLAT-AMOUNT" pic="9(09)" isnumber="true" length="9" position="15"/>
                    <w001NoEvidenceMax level="20" mfname="W001-NO-EVIDENCE-MAX" pic="9(09)" isnumber="true" length="9" position="24"/>
                    <w001MinBenefit level="20" mfname="W001-MIN-BENEFIT" pic="9(09)" isnumber="true" length="9" position="33"/>
                    <w001MaxBenefit level="20" mfname="W001-MAX-BENEFIT" pic="9(09)" isnumber="true" length="9" position="42"/>
                    <w001PercentSalary level="20" mfname="W001-PERCENT-SALARY" pic="9V9999" length="5" isnumber="true" scale="4" position="51"/>
                    <w001RoundCode level="20" mfname="W001-ROUND-CODE" pic="X" length="1" position="56"/>
                    <w001RoundVolume level="20" mfname="W001-ROUND-VOLUME" pic="9(05)" isnumber="true" length="5" position="57"/>
                    <w001WaitPeriod level="20" mfname="W001-WAIT-PERIOD" pic="9(03)" isnumber="true" length="3" position="62"/>
                    <w001WaitPeriodCode level="20" mfname="W001-WAIT-PERIOD-CODE" pic="X" length="1" position="65"/>
                    <w001WaitPeriodDay level="20" mfname="W001-WAIT-PERIOD-DAY" pic="X" length="1" position="66"/>
                </w001CoverageArea>
            </w001CoverageTable>
        </w001MiscCoverageData>
        <w001OtherDentalCoverage level="5" mfname="W001-OTHER-DENTAL-COVERAGE" pic="X(01)" length="1" position="996"/>
        <w001NemIndicator level="5" mfname="W001-NEM-INDICATOR" pic="X(01)" length="1" position="997"/>
        <w001SpouseDentalIndicator level="5" mfname="W001-SPOUSE-DENTAL-INDICATOR" pic="X(01)" length="1" position="998"/>
        <w001NewGroup level="5" mfname="W001-NEW-GROUP" pic="X(01)" length="1" position="999"/>
        <filler level="5" mfname="FILLER" pic="X(01)" length="1" position="1000"/>
    </w001Transaction>
</W001_W002_MISC_LAYOUT>