<GCOMC051_MODIFIED><w183Transaction length="1000" level="1" mfname="W183-TRANSACTION" position="1"><w183FixedArea length="1000" level="2" mfname="W183-FIXED-AREA" position="1"><w183FixedAreaLength length="2" level="5" mfname="W183-FIXED-AREA-LENGTH" pic="X(2)" position="1"/><w183RecordKey length="100" level="5" mfname="W183-RECORD-KEY" position="3"><w183 length="50" level="10" mfname="W183" position="3"><w183CompanyCode length="3" level="15" mfname="W183-COMPANY-CODE" position="3"><w183MajorCompany length="1" level="20" mfname="W183-MAJOR-COMPANY" pic="X" position="3"/><w183SubCompany length="2" level="20" mfname="W183-SUB-COMPANY" pic="XX" position="4"/></w183CompanyCode><w183BatchNumber length="8" level="15" mfname="W183-BATCH-NUMBER" pic="X(8)" position="6"/><w183GroupId length="10" level="15" mfname="W183-GROUP-ID" position="14"><w183GroupPrefix length="2" level="20" mfname="W183-GROUP-PREFIX" pic="XX" position="14"/><w183GroupNumber length="7" level="20" mfname="W183-GROUP-NUMBER" pic="X(7)" position="16"/><w183GroupSuffix length="1" level="20" mfname="W183-GROUP-SUFFIX" pic="X" position="23"/></w183GroupId><w183DivisionId length="5" level="15" mfname="W183-DIVISION-ID" pic="X(5)" position="24"/><filler length="3" level="15" mfname="FILLER" pic="X(3)" position="29"/><w183CertificateId length="10" level="15" mfname="W183-CERTIFICATE-ID" pic="X(10)" position="32"/><filler length="11" level="15" mfname="FILLER" pic="X(11)" position="42"/></w183><w183TransactionCode length="3" level="10" mfname="W183-TRANSACTION-CODE" pic="X(3)" position="53"/><filler length="47" level="10" mfname="FILLER" pic="X(47)" position="56"/></w183RecordKey><w183TranControlData length="88" level="5" mfname="W183-TRAN-CONTROL-DATA" position="103"><w183EntryDate isnumber="true" length="8" level="10" mfname="W183-ENTRY-DATE" pic="9(8)" position="103"/><w183EntryTime isnumber="true" length="6" level="10" mfname="W183-ENTRY-TIME" pic="9(6)" position="111"/><filler length="10" level="10" mfname="FILLER" pic="X(10)" position="117"/><w183TermId length="4" level="10" mfname="W183-TERM-ID" pic="X(4)" position="127"/><w183DeptId length="4" level="10" mfname="W183-DEPT-ID" pic="X(4)" position="131"/><w183ClrkId length="4" level="10" mfname="W183-CLRK-ID" pic="X(4)" position="135"/><w183SourceTypeSys length="4" level="10" mfname="W183-SOURCE-TYPE-SYS" pic="X(4)" position="139"/><w183SourceProgram length="8" level="10" mfname="W183-SOURCE-PROGRAM" pic="X(8)" position="143"/><w183JulianSchedEntryDt isnumber="true" length="4" level="10" mfname="W183-JULIAN-SCHED-ENTRY-DT" pic="9(4)" position="151"/><w183RealtimeIndicators length="2" level="10" mfname="W183-REALTIME-INDICATORS" pic="X(2)" position="155"/><w183RecycledTransInd length="1" level="10" mfname="W183-RECYCLED-TRANS-IND" pic="X" position="157"/><w183SourceInd length="1" level="10" mfname="W183-SOURCE-IND" pic="X" position="158"/><w183GeneratedTransInd length="1" level="10" mfname="W183-GENERATED-TRANS-IND" pic="X" position="159"/><filler length="31" level="10" mfname="FILLER" pic="X(31)" position="160"/></w183TranControlData><w183ErrorData length="42" level="5" mfname="W183-ERROR-DATA" position="191"><w183ErrIndexd length="42" level="10" mfname="W183-ERR-INDEXD" occurs="6" position="191"><w183ErrorCodes length="6" level="15" mfname="W183-ERROR-CODES" pic="X(6)" position="1"/><w183ErrorType length="1" level="15" mfname="W183-ERROR-TYPE" pic="X" position="7"/></w183ErrIndexd></w183ErrorData><w183TransData length="768" level="5" mfname="W183-TRANS-DATA" position="233"><w183BillDueDate length="6" level="10" mfname="W183-BILL-DUE-DATE" position="233"><w183BillDueMonth isnumber="true" length="2" level="15" mfname="W183-BILL-DUE-MONTH" pic="9(2)" position="233"/><w183BillDueDay isnumber="true" length="2" level="15" mfname="W183-BILL-DUE-DAY" pic="9(2)" position="235"/><w183BillDueYear isnumber="true" length="2" level="15" mfname="W183-BILL-DUE-YEAR" pic="9(2)" position="237"/></w183BillDueDate><w183ActivityCode length="1" level="10" mfname="W183-ACTIVITY-CODE" pic="X" position="239"/><w183PaymentDate length="6" level="10" mfname="W183-PAYMENT-DATE" position="240"><w183PayDateMonth isnumber="true" length="2" level="15" mfname="W183-PAY-DATE-MONTH" pic="9(2)" position="240"/><w183PayDateDay isnumber="true" length="2" level="15" mfname="W183-PAY-DATE-DAY" pic="9(2)" position="242"/><w183PayDateYear isnumber="true" length="2" level="15" mfname="W183-PAY-DATE-YEAR" pic="9(2)" position="244"/></w183PaymentDate><w183Payments length="78" level="10" mfname="W183-PAYMENTS" position="246"><w183Pays length="78" level="15" mfname="W183-PAYS" occurs="6" position="246"><w183PayAmount isnumber="true" length="9" level="20" mfname="W183-PAY-AMOUNT" pic="9(9)" position="1"/><w183PaymentCode length="4" level="20" mfname="W183-PAYMENT-CODE" pic="X(4)" position="10"/></w183Pays></w183Payments><w183PaymentAmount isnumber="true" length="9" level="10" mfname="W183-PAYMENT-AMOUNT" pic="9(9)" position="324"/><w183ReversalReason length="2" level="10" mfname="W183-REVERSAL-REASON" pic="X(2)" position="333"/><w183PaymentMethod length="2" level="10" mfname="W183-PAYMENT-METHOD" pic="X(2)" position="335"/><w183EndorsementId length="3" level="10" mfname="W183-ENDORSEMENT-ID" pic="X(3)" position="337"/><w183BillToDate length="6" level="10" mfname="W183-BILL-TO-DATE" pic="X(6)" position="340"/><w183BillDueDateCi length="1" level="10" mfname="W183-BILL-DUE-DATE-CI" pic="X" position="346"/><w183PaymentDateCi length="1" level="10" mfname="W183-PAYMENT-DATE-CI" pic="X" position="347"/><w183BillToDateCi length="1" level="10" mfname="W183-BILL-TO-DATE-CI" pic="X" position="348"/><w183BankRoutingNumber isnumber="true" length="9" level="10" mfname="W183-BANK-ROUTING-NUMBER" pic="9(9)" position="349"/><w183BankAccountNumber length="20" level="10" mfname="W183-BANK-ACCOUNT-NUMBER" pic="X(20)" position="358"/><w183AccountHoldersName length="22" level="10" mfname="W183-ACCOUNT-HOLDERS-NAME" pic="X(22)" position="378"/><w183ConfirmationNumber isnumber="true" length="10" level="10" mfname="W183-CONFIRMATION-NUMBER" pic="9(10)" position="400"/><filler length="591" level="10" mfname="FILLER" pic="X(591)" position="410"/></w183TransData></w183FixedArea></w183Transaction></GCOMC051_MODIFIED>