<W201_W202_LAYOUT>
    <w201Transaction level="1" mfname="W201-TRANSACTION" position="1" length="1000">
        <w201FixedArea level="2" mfname="W201-FIXED-AREA" position="1" length="1000">
            <w201FixedAreaLength level="5" mfname="W201-FIXED-AREA-LENGTH" pic="XX" length="2" position="1"/>
            <w201RecordKey level="5" mfname="W201-RECORD-KEY" position="3" length="100">
                <w201 level="10" mfname="W201" position="3" length="50">
                    <w201CompanyCode level="15" mfname="W201-COMPANY-CODE" position="3" length="3">
                        <w201MajorCompany level="20" mfname="W201-MAJOR-COMPANY" pic="X" length="1" position="3"/>
                        <w201SubCompany level="20" mfname="W201-SUB-COMPANY" pic="XX" length="2" position="4"/>
                    </w201CompanyCode>
                    <w201BatchNumber level="15" mfname="W201-BATCH-NUMBER" pic="X(8)" length="8" position="6"/>
                    <w201GroupId level="15" mfname="W201-GROUP-ID" position="14" length="10">
                        <w201GroupPrefix level="20" mfname="W201-GROUP-PREFIX" pic="XX" length="2" position="14"/>
                        <w201GroupNumber level="20" mfname="W201-GROUP-NUMBER" pic="X(7)" length="7" position="16"/>
                        <w201GroupSuffix level="20" mfname="W201-GROUP-SUFFIX" pic="X" length="1" position="23"/>
                    </w201GroupId>
                    <w201DivisionId level="15" mfname="W201-DIVISION-ID" pic="X(5)" length="5" position="24"/>
                    <w201CellEndDate level="15" mfname="W201-CELL-END-DATE" pic="9(03)" isnumber="true" length="3" position="29"/>
                    <w201CertificateId level="15" mfname="W201-CERTIFICATE-ID" pic="X(10)" length="10" position="32"/>
                    <w201Agent level="15" mfname="W201-AGENT" position="42" length="11">
                        <w201AgentLevel level="20" mfname="W201-AGENT-LEVEL" pic="X" length="1" position="42"/>
                        <w201AgentNumber level="20" mfname="W201-AGENT-NUMBER" pic="X(10)" length="10" position="43"/>
                    </w201Agent>
                </w201>
                <w201TransactionCode level="10" mfname="W201-TRANSACTION-CODE" position="53" length="3">
                    <w201TranFc level="15" mfname="W201-TRAN-FC" pic="X" length="1" position="53"/>
                    <w201TranSfc level="15" mfname="W201-TRAN-SFC" pic="X" length="1" position="54"/>
                    <w201TranAct level="15" mfname="W201-TRAN-ACT" pic="X" length="1" position="55"/>
                </w201TransactionCode>
                <w201SubTransactionCode level="10" mfname="W201-SUB-TRANSACTION-CODE" position="56" length="8">
                    <w201TranRecdId level="15" mfname="W201-TRAN-RECD-ID" pic="XXX" length="3" position="56"/>
                    <w201TranTrlrId level="15" mfname="W201-TRAN-TRLR-ID" pic="XX" length="2" position="59"/>
                    <w201TranTrlrSubId level="15" mfname="W201-TRAN-TRLR-SUB-ID" pic="XXX" length="3" position="61"/>
                </w201SubTransactionCode>
                <w201Qualifiers level="10" mfname="W201-QUALIFIERS" position="64" length="32">
                    <w201CellCode level="15" mfname="W201-CELL-CODE" pic="X" length="1" position="64"/>
                    <w201TypeCode level="15" mfname="W201-TYPE-CODE" pic="X" length="1" position="65"/>
                    <w201Duration level="15" mfname="W201-DURATION" pic="XX" length="2" position="66"/>
                    <w201StOrOffice level="15" mfname="W201-ST-OR-OFFICE" pic="XXX" length="3" position="68"/>
                    <w201MrktOffice level="15" mfname="W201-MRKT-OFFICE" position="71" length="11">
                        <w201MrktOfficeLevel level="20" mfname="W201-MRKT-OFFICE-LEVEL" pic="X" length="1" position="71"/>
                        <w201MrktOfficeId level="20" mfname="W201-MRKT-OFFICE-ID" pic="X(10)" length="10" position="72"/>
                    </w201MrktOffice>
                    <w201ParCode level="15" mfname="W201-PAR-CODE" pic="X" length="1" position="82"/>
                    <w201Class level="15" mfname="W201-CLASS" pic="XX" length="2" position="83"/>
                    <w201CoverageCodeX level="15" mfname="W201-COVERAGE-CODE-X" pic="X(04)" length="4" position="85"/>
                    <w201AccountId level="15" mfname="W201-ACCOUNT-ID" position="89" length="7">
                        <w201MajAccountId level="20" mfname="W201-MAJ-ACCOUNT-ID" pic="X(4)" length="4" position="89"/>
                        <w201SubAccountId level="20" mfname="W201-SUB-ACCOUNT-ID" pic="XXX" length="3" position="93"/>
                    </w201AccountId>
                </w201Qualifiers>
                <w201SequenceNo level="10" mfname="W201-SEQUENCE-NO" pic="9(02)" isnumber="true" length="2" position="96"/>
                <w201DeleteFlag level="10" mfname="W201-DELETE-FLAG" pic="X" length="1" position="98"/>
                <w201DeleteTimeX level="10" mfname="W201-DELETE-TIME-X" position="99" length="4">
                    <w201DeleteTime level="15" mfname="W201-DELETE-TIME" pic="9(04)" isnumber="true" length="4" position="99"/>
                </w201DeleteTimeX>
            </w201RecordKey>
            <w201TranControlData level="5" mfname="W201-TRAN-CONTROL-DATA" position="103" length="88">
                <w201EntryDate level="10" mfname="W201-ENTRY-DATE" pic="9(08)" isnumber="true" length="8" position="103"/>
                <w201EntryTime level="10" mfname="W201-ENTRY-TIME" pic="9(06)" isnumber="true" length="6" position="111"/>
                <w201BatchId level="10" mfname="W201-BATCH-ID" position="117" length="8">
                    <w201InputBatch level="15" mfname="W201-INPUT-BATCH" pic="9(04)" isnumber="true" length="4" position="117"/>
                    <w201SystemBatch level="15" mfname="W201-SYSTEM-BATCH" pic="9(04)" isnumber="true" length="4" position="121"/>
                </w201BatchId>
                <w201LastMiscTranDate level="10" mfname="W201-LAST-MISC-TRAN-DATE" pic="9(04)" isnumber="true" length="4" position="125"/>
                <w201LastAcctTranDate level="10" mfname="W201-LAST-ACCT-TRAN-DATE" pic="9(04)" isnumber="true" length="4" position="129"/>
                <w201TermId level="10" mfname="W201-TERM-ID" pic="X(4)" length="4" position="133"/>
                <w201DeptId level="10" mfname="W201-DEPT-ID" pic="X(4)" length="4" position="137"/>
                <w201ClrkId level="10" mfname="W201-CLRK-ID" pic="X(4)" length="4" position="141"/>
                <w201SourceTypeSys level="10" mfname="W201-SOURCE-TYPE-SYS" pic="X(4)" length="4" position="145"/>
                <w201SourceProgram level="10" mfname="W201-SOURCE-PROGRAM" pic="X(8)" length="8" position="149"/>
                <w201JulianSchedEntryDt level="10" mfname="W201-JULIAN-SCHED-ENTRY-DT" pic="9(04)" isnumber="true" length="4" position="157"/>
                <w201RealtimeIndicators level="10" mfname="W201-REALTIME-INDICATORS" pic="XX" length="2" position="161"/>
                <w201RecycledTransInd level="10" mfname="W201-RECYCLED-TRANS-IND" pic="X" length="1" position="163"/>
                <w201SourceInd level="10" mfname="W201-SOURCE-IND" pic="X" length="1" position="164"/>
                <w201GeneratedTransInd level="10" mfname="W201-GENERATED-TRANS-IND" pic="X" length="1" position="165"/>
                <filler level="10" mfname="FILLER" pic="X(25)" length="25" position="166"/>
            </w201TranControlData>
            <w201ErrorData level="5" mfname="W201-ERROR-DATA" position="191" length="42">
                <w201ErrIndexd level="10" mfname="W201-ERR-INDEXD" occurs="6" position="191" length="42">
                    <w201ErrorCodes level="15" mfname="W201-ERROR-CODES" pic="X(6)" length="6" position="1"/>
                    <w201ErrorType level="15" mfname="W201-ERROR-TYPE" pic="X" length="1" position="7"/>
                </w201ErrIndexd>
            </w201ErrorData>
            <w201TranDataArea level="5" mfname="W201-TRAN-DATA-AREA" position="233" length="768">
                <w201CertificateName level="10" mfname="W201-CERTIFICATE-NAME" position="233" length="35">
                    <w201CertLastName level="15" mfname="W201-CERT-LAST-NAME" pic="X(20)" length="20" position="233"/>
                    <w201CertFirstName level="15" mfname="W201-CERT-FIRST-NAME" pic="X(14)" length="14" position="253"/>
                    <w201CertMiddleInitial level="15" mfname="W201-CERT-MIDDLE-INITIAL" pic="X" length="1" position="267"/>
                </w201CertificateName>
                <w201StateCode level="10" mfname="W201-STATE-CODE" pic="XX" length="2" position="268"/>
                <w201ClassCode level="10" mfname="W201-CLASS-CODE" pic="XX" length="2" position="270"/>
                <w201StatusCode level="10" mfname="W201-STATUS-CODE" pic="X" length="1" position="272"/>
                <w201Sex level="10" mfname="W201-SEX" pic="X" length="1" position="273"/>
                <w201SalaryMode level="10" mfname="W201-SALARY-MODE" pic="X" length="1" position="274"/>
                <w201SalaryAmount level="10" mfname="W201-SALARY-AMOUNT" pic="9(7)V99" isnumber="true" length="9" scale="2" position="275"/>
                <w201Birthdate level="10" mfname="W201-BIRTHDATE" position="284" length="8">
                    <w201BirthdateMonth level="15" mfname="W201-BIRTHDATE-MONTH" pic="XX" length="2" position="284"/>
                    <w201BirthdateDay level="15" mfname="W201-BIRTHDATE-DAY" pic="XX" length="2" position="286"/>
                    <w201BirthdateCentury level="15" mfname="W201-BIRTHDATE-CENTURY" pic="XX" length="2" position="288"/>
                    <w201BirthdateYear level="15" mfname="W201-BIRTHDATE-YEAR" pic="XX" length="2" position="290"/>
                </w201Birthdate>
                <w201OccupationName level="10" mfname="W201-OCCUPATION-NAME" pic="X(10)" length="10" position="292"/>
                <w201WaitPeriodDate level="10" mfname="W201-WAIT-PERIOD-DATE" position="302" length="8">
                    <w201WaitPerMonth level="15" mfname="W201-WAIT-PER-MONTH" pic="XX" length="2" position="302"/>
                    <w201WaitPerDay level="15" mfname="W201-WAIT-PER-DAY" pic="XX" length="2" position="304"/>
                    <w201WaitPerCentury level="15" mfname="W201-WAIT-PER-CENTURY" pic="XX" length="2" position="306"/>
                    <w201WaitPerYear level="15" mfname="W201-WAIT-PER-YEAR" pic="XX" length="2" position="308"/>
                </w201WaitPeriodDate>
                <w201OrigEffectiveDate level="10" mfname="W201-ORIG-EFFECTIVE-DATE" position="310" length="8">
                    <w201OrigEffMonth level="15" mfname="W201-ORIG-EFF-MONTH" pic="XX" length="2" position="310"/>
                    <w201OrigEffDay level="15" mfname="W201-ORIG-EFF-DAY" pic="XX" length="2" position="312"/>
                    <w201OrigEffCentury level="15" mfname="W201-ORIG-EFF-CENTURY" pic="XX" length="2" position="314"/>
                    <w201OrigEffYear level="15" mfname="W201-ORIG-EFF-YEAR" pic="XX" length="2" position="316"/>
                </w201OrigEffectiveDate>
                <w201EffectiveDate level="10" mfname="W201-EFFECTIVE-DATE" position="318" length="8">
                    <w201EffMonth level="15" mfname="W201-EFF-MONTH" pic="XX" length="2" position="318"/>
                    <w201EffDay level="15" mfname="W201-EFF-DAY" pic="XX" length="2" position="320"/>
                    <w201EffCentury level="15" mfname="W201-EFF-CENTURY" pic="XX" length="2" position="322"/>
                    <w201EffYear level="15" mfname="W201-EFF-YEAR" pic="XX" length="2" position="324"/>
                </w201EffectiveDate>
                <w201TerminationDate level="10" mfname="W201-TERMINATION-DATE" position="326" length="8">
                    <w201TermMonth level="15" mfname="W201-TERM-MONTH" pic="XX" length="2" position="326"/>
                    <w201TermDay level="15" mfname="W201-TERM-DAY" pic="XX" length="2" position="328"/>
                    <w201TermCentury level="15" mfname="W201-TERM-CENTURY" pic="XX" length="2" position="330"/>
                    <w201TermYear level="15" mfname="W201-TERM-YEAR" pic="XX" length="2" position="332"/>
                </w201TerminationDate>
                <w201TerminationReason level="10" mfname="W201-TERMINATION-REASON" pic="XX" length="2" position="334"/>
                <w201RatingType level="10" mfname="W201-RATING-TYPE" pic="X" length="1" position="336"/>
                <w201RateBasisCode level="10" mfname="W201-RATE-BASIS-CODE" pic="XX" length="2" position="337"/>
                <w201EditFlag level="10" mfname="W201-EDIT-FLAG" pic="X(01)" length="1" position="339"/>
                <w201CertMaintInd level="10" mfname="W201-CERT-MAINT-IND" pic="X(01)" length="1" position="340"/>
                <w201TermReinstateFlag level="10" mfname="W201-TERM-REINSTATE-FLAG" pic="X(01)" length="1" position="341"/>
                <w201BilledToDate level="10" mfname="W201-BILLED-TO-DATE" position="342" length="8">
                    <w201BilledToMonth level="15" mfname="W201-BILLED-TO-MONTH" pic="X(02)" length="2" position="342"/>
                    <w201BilledToDay level="15" mfname="W201-BILLED-TO-DAY" pic="X(02)" length="2" position="344"/>
                    <w201BilledToCentur level="15" mfname="W201-BILLED-TO-CENTUR" pic="X(02)" length="2" position="346"/>
                    <w201BilledToYear level="15" mfname="W201-BILLED-TO-YEAR" pic="X(02)" length="2" position="348"/>
                </w201BilledToDate>
                <w201NumberDependents level="10" mfname="W201-NUMBER-DEPENDENTS" pic="99" length="2" isnumber="true" position="350"/>
                <w201LastBilledToDate level="10" mfname="W201-LAST-BILLED-TO-DATE" pic="9(04)" isnumber="true" length="4" position="352"/>
                <filler level="10" mfname="FILLER" pic="X(1)" length="1" position="356"/>
                <w201HoursWorked level="10" mfname="W201-HOURS-WORKED" pic="9(02)" isnumber="true" length="2" position="357"/>
                <w201ChangeCode level="10" mfname="W201-CHANGE-CODE" pic="X(1)" length="1" position="359"/>
                <w201CoverageTable level="10" mfname="W201-COVERAGE-TABLE" position="360" length="560">
                    <w201CoverageArea level="15" mfname="W201-COVERAGE-AREA" occurs="16" position="360" length="560">
                        <w201CoverageCode level="20" mfname="W201-COVERAGE-CODE" position="1" length="4">
                            <w201Coverage level="25" mfname="W201-COVERAGE" pic="XX" length="2" position="1"/>
                            <w201SubCoverage level="25" mfname="W201-SUB-COVERAGE" pic="XX" length="2" position="3"/>
                        </w201CoverageCode>
                        <w201CoverageEvidence level="20" mfname="W201-COVERAGE-EVIDENCE" pic="X" length="1" position="5"/>
                        <w201CoverageRefused level="20" mfname="W201-COVERAGE-REFUSED" pic="X" length="1" position="6"/>
                        <w201CoverageImpairment level="20" mfname="W201-COVERAGE-IMPAIRMENT" pic="X" length="1" position="7"/>
                        <w201UnitsElected level="20" mfname="W201-UNITS-ELECTED" pic="9(5)" isnumber="true" length="5" position="8"/>
                        <w201CovgPremium level="20" mfname="W201-COVG-PREMIUM" pic="9(7)V99" isnumber="true" length="9" scale="2" position="13"/>
                        <w201CovgVolume level="20" mfname="W201-COVG-VOLUME" pic="9(9)" isnumber="true" length="9" position="22"/>
                        <w201SubstandardFactor level="20" mfname="W201-SUBSTANDARD-FACTOR" pic="9V9999" length="5" isnumber="true" scale="4" position="31"/>
                    </w201CoverageArea>
                </w201CoverageTable>
                <w201DepartmentCode level="10" mfname="W201-DEPARTMENT-CODE" pic="X(6)" length="6" position="920"/>
                <w201DependentClass level="10" mfname="W201-DEPENDENT-CLASS" pic="XX" length="2" position="926"/>
                <w201PendingReason level="10" mfname="W201-PENDING-REASON" pic="XX" length="2" position="928"/>
                <w201PayrollOfficeNumber level="10" mfname="W201-PAYROLL-OFFICE-NUMBER" pic="X(8)" length="8" position="930"/>
                <w201EmploymentDt level="10" mfname="W201-EMPLOYMENT-DT" position="938" length="8">
                    <w201EmploymentMonth level="15" mfname="W201-EMPLOYMENT-MONTH" pic="XX" length="2" position="938"/>
                    <w201EmploymentDay level="15" mfname="W201-EMPLOYMENT-DAY" pic="XX" length="2" position="940"/>
                    <w201EmploymentCentury level="15" mfname="W201-EMPLOYMENT-CENTURY" pic="XX" length="2" position="942"/>
                    <w201EmploymentYear level="15" mfname="W201-EMPLOYMENT-YEAR" pic="XX" length="2" position="944"/>
                </w201EmploymentDt>
                <w201EmployeeStatus level="10" mfname="W201-EMPLOYEE-STATUS" pic="X" length="1" position="946"/>
                <w201MaritalStatus level="10" mfname="W201-MARITAL-STATUS" pic="X" length="1" position="947"/>
                <w201RefusalReasonCode level="10" mfname="W201-REFUSAL-REASON-CODE" pic="XX" length="2" position="948"/>
                <w201SmokerCode level="10" mfname="W201-SMOKER-CODE" pic="X" length="1" position="950"/>
                <w201CobraCode level="10" mfname="W201-COBRA-CODE" pic="X" length="1" position="951"/>
                <w201Microfiche level="10" mfname="W201-MICROFICHE" pic="X(13)" length="13" position="952"/>
                <w201RerateFlag level="10" mfname="W201-RERATE-FLAG" pic="X(01)" length="1" position="965"/>
                <w201AgeChangeCode level="10" mfname="W201-AGE-CHANGE-CODE" pic="X(01)" length="1" position="966"/>
                <w201IssueCertType level="10" mfname="W201-ISSUE-CERT-TYPE" pic="X(01)" length="1" position="967"/>
                <w201WalletCardType level="10" mfname="W201-WALLET-CARD-TYPE" pic="X(01)" length="1" position="968"/>
                <w201CurrProcessJulian level="10" mfname="W201-CURR-PROCESS-JULIAN" pic="9(04)" isnumber="true" length="4" position="969"/>
                <w201SicCode level="10" mfname="W201-SIC-CODE" pic="9(05)" isnumber="true" length="5" position="973"/>
                <w201RatingZip level="10" mfname="W201-RATING-ZIP" pic="9(05)" isnumber="true" length="5" position="978"/>
                <w201SpouseInd level="10" mfname="W201-SPOUSE-IND" pic="X(01)" length="1" position="983"/>
                <w201CertFlag level="10" mfname="W201-CERT-FLAG" pic="X(01)" length="1" position="984"/>
                <w201CertSsn level="10" mfname="W201-CERT-SSN" pic="9(09)" isnumber="true" length="9" position="985"/>
                <filler level="10" mfname="FILLER" pic="X(7)" length="7" position="994"/>
            </w201TranDataArea>
        </w201FixedArea>
    </w201Transaction>
</W201_W202_LAYOUT>