<W203_W204_LAYOUT>
    <w203Transaction level="1" mfname="W203-TRANSACTION" position="1" length="1000">
        <w203FixedArea level="2" mfname="W203-FIXED-AREA" position="1" length="1000">
            <w203FixedAreaLength level="5" mfname="W203-FIXED-AREA-LENGTH" pic="X(02)" length="2" position="1"/>
            <w203RecordKey level="5" mfname="W203-RECORD-KEY" position="3" length="100">
                <w203 level="10" mfname="W203" position="3" length="50">
                    <w203CompanyCode level="15" mfname="W203-COMPANY-CODE" position="3" length="3">
                        <w203MajorCompany level="20" mfname="W203-MAJOR-COMPANY" pic="X" length="1" position="3"/>
                        <w203SubCompany level="20" mfname="W203-SUB-COMPANY" pic="XX" length="2" position="4"/>
                    </w203CompanyCode>
                    <w203BatchNumber level="15" mfname="W203-BATCH-NUMBER" pic="X(8)" length="8" position="6"/>
                    <w203GroupId level="15" mfname="W203-GROUP-ID" position="14" length="10">
                        <w203GroupPrefix level="20" mfname="W203-GROUP-PREFIX" pic="XX" length="2" position="14"/>
                        <w203GroupNumber level="20" mfname="W203-GROUP-NUMBER" pic="X(7)" length="7" position="16"/>
                        <w203GroupSuffix level="20" mfname="W203-GROUP-SUFFIX" pic="X" length="1" position="23"/>
                    </w203GroupId>
                    <w203DivisionId level="15" mfname="W203-DIVISION-ID" pic="X(5)" length="5" position="24"/>
                    <w203CellEndDate level="15" mfname="W203-CELL-END-DATE" pic="9(03)" isnumber="true" length="3" position="29"/>
                    <w203CertificateId level="15" mfname="W203-CERTIFICATE-ID" pic="X(10)" length="10" position="32"/>
                    <w203Agent level="15" mfname="W203-AGENT" position="42" length="11">
                        <w203AgentLevel level="20" mfname="W203-AGENT-LEVEL" pic="X" length="1" position="42"/>
                        <w203AgentNumber level="20" mfname="W203-AGENT-NUMBER" pic="X(10)" length="10" position="43"/>
                    </w203Agent>
                </w203>
                <w203TransactionCode level="10" mfname="W203-TRANSACTION-CODE" position="53" length="3">
                    <w203TranFc level="15" mfname="W203-TRAN-FC" pic="X" length="1" position="53"/>
                    <w203TranSfc level="15" mfname="W203-TRAN-SFC" pic="X" length="1" position="54"/>
                    <w203TranAct level="15" mfname="W203-TRAN-ACT" pic="X" length="1" position="55"/>
                </w203TransactionCode>
                <w203SubTransactionCode level="10" mfname="W203-SUB-TRANSACTION-CODE" position="56" length="8">
                    <w203TranRecdId level="15" mfname="W203-TRAN-RECD-ID" pic="XXX" length="3" position="56"/>
                    <w203TranTrlrId level="15" mfname="W203-TRAN-TRLR-ID" pic="XX" length="2" position="59"/>
                    <w203TranTrlrSubId level="15" mfname="W203-TRAN-TRLR-SUB-ID" pic="XXX" length="3" position="61"/>
                </w203SubTransactionCode>
                <w203Qualifiers level="10" mfname="W203-QUALIFIERS" position="64" length="32">
                    <w203CellCode level="15" mfname="W203-CELL-CODE" pic="X" length="1" position="64"/>
                    <w203TypeCode level="15" mfname="W203-TYPE-CODE" pic="X" length="1" position="65"/>
                    <w203Duration level="15" mfname="W203-DURATION" pic="XX" length="2" position="66"/>
                    <w203StOrOffice level="15" mfname="W203-ST-OR-OFFICE" pic="XXX" length="3" position="68"/>
                    <w203MrktOffice level="15" mfname="W203-MRKT-OFFICE" position="71" length="11">
                        <w203MrktOfficeLevel level="20" mfname="W203-MRKT-OFFICE-LEVEL" pic="X" length="1" position="71"/>
                        <w203MrktOfficeId level="20" mfname="W203-MRKT-OFFICE-ID" pic="X(10)" length="10" position="72"/>
                    </w203MrktOffice>
                    <w203ParCode level="15" mfname="W203-PAR-CODE" pic="X" length="1" position="82"/>
                    <w203Class level="15" mfname="W203-CLASS" pic="XX" length="2" position="83"/>
                    <w203CoverageCode level="15" mfname="W203-COVERAGE-CODE" position="85" length="4">
                        <w203Coverage level="20" mfname="W203-COVERAGE" pic="XX" length="2" position="85"/>
                        <w203SubCoverage level="20" mfname="W203-SUB-COVERAGE" pic="XX" length="2" position="87"/>
                    </w203CoverageCode>
                    <w203AccountId level="15" mfname="W203-ACCOUNT-ID" position="89" length="7">
                        <w203MajAccountId level="20" mfname="W203-MAJ-ACCOUNT-ID" pic="X(4)" length="4" position="89"/>
                        <w203SubAccountId level="20" mfname="W203-SUB-ACCOUNT-ID" pic="XXX" length="3" position="93"/>
                    </w203AccountId>
                </w203Qualifiers>
                <w203SequenceNo level="10" mfname="W203-SEQUENCE-NO" pic="9(02)" isnumber="true" length="2" position="96"/>
                <w203DeleteFlag level="10" mfname="W203-DELETE-FLAG" pic="X" length="1" position="98"/>
                <w203DeleteTimeX level="10" mfname="W203-DELETE-TIME-X" position="99" length="4">
                    <w203DeleteTime level="15" mfname="W203-DELETE-TIME" pic="9(04)" isnumber="true" length="4" position="99"/>
                </w203DeleteTimeX>
            </w203RecordKey>
            <w203TranControlData level="5" mfname="W203-TRAN-CONTROL-DATA" position="103" length="88">
                <w203EntryDate level="10" mfname="W203-ENTRY-DATE" pic="9(08)" isnumber="true" length="8" position="103"/>
                <w203EntryTime level="10" mfname="W203-ENTRY-TIME" pic="9(06)" isnumber="true" length="6" position="111"/>
                <w203BatchId level="10" mfname="W203-BATCH-ID" position="117" length="8">
                    <w203InputBatch level="15" mfname="W203-INPUT-BATCH" pic="9(04)" isnumber="true" length="4" position="117"/>
                    <w203SystemBatch level="15" mfname="W203-SYSTEM-BATCH" pic="9(04)" isnumber="true" length="4" position="121"/>
                </w203BatchId>
                <w203LastMiscTranDate level="10" mfname="W203-LAST-MISC-TRAN-DATE" pic="9(04)" isnumber="true" length="4" position="125"/>
                <w203LastAcctTranDate level="10" mfname="W203-LAST-ACCT-TRAN-DATE" pic="9(04)" isnumber="true" length="4" position="129"/>
                <w203TermId level="10" mfname="W203-TERM-ID" pic="X(4)" length="4" position="133"/>
                <w203DeptId level="10" mfname="W203-DEPT-ID" pic="X(4)" length="4" position="137"/>
                <w203ClrkId level="10" mfname="W203-CLRK-ID" pic="X(4)" length="4" position="141"/>
                <w203SourceTypeSys level="10" mfname="W203-SOURCE-TYPE-SYS" pic="X(4)" length="4" position="145"/>
                <w203SourceProgram level="10" mfname="W203-SOURCE-PROGRAM" pic="X(8)" length="8" position="149"/>
                <w203JulianSchedEntryDt level="10" mfname="W203-JULIAN-SCHED-ENTRY-DT" pic="9(04)" isnumber="true" length="4" position="157"/>
                <w203RealtimeIndicators level="10" mfname="W203-REALTIME-INDICATORS" pic="XX" length="2" position="161"/>
                <w203RecycledTransInd level="10" mfname="W203-RECYCLED-TRANS-IND" pic="X" length="1" position="163"/>
                <w203SourceInd level="10" mfname="W203-SOURCE-IND" pic="X" length="1" position="164"/>
                <w203GeneratedTransInd level="10" mfname="W203-GENERATED-TRANS-IND" pic="X" length="1" position="165"/>
                <filler level="10" mfname="FILLER" pic="X(25)" length="25" position="166"/>
            </w203TranControlData>
            <w203ErrorData level="5" mfname="W203-ERROR-DATA" position="191" length="42">
                <w203ErrIndexd level="10" mfname="W203-ERR-INDEXD" occurs="6" position="191" length="42">
                    <w203ErrorCodes level="15" mfname="W203-ERROR-CODES" pic="X(6)" length="6" position="1"/>
                    <w203ErrorType level="15" mfname="W203-ERROR-TYPE" pic="X" length="1" position="7"/>
                </w203ErrIndexd>
            </w203ErrorData>
            <w203TranDataArea level="5" mfname="W203-TRAN-DATA-AREA" position="233" length="768">
                <w203SpouseName level="10" mfname="W203-SPOUSE-NAME" position="233" length="35">
                    <w203SposLastName level="15" mfname="W203-SPOS-LAST-NAME" pic="X(20)" length="20" position="233"/>
                    <w203SposFirstName level="15" mfname="W203-SPOS-FIRST-NAME" pic="X(14)" length="14" position="253"/>
                    <w203SposMiddleInitial level="15" mfname="W203-SPOS-MIDDLE-INITIAL" pic="X" length="1" position="267"/>
                </w203SpouseName>
                <w203Sex level="10" mfname="W203-SEX" pic="X" length="1" position="268"/>
                <w203Birthdate level="10" mfname="W203-BIRTHDATE" position="269" length="8">
                    <w203BirthdateMonth level="15" mfname="W203-BIRTHDATE-MONTH" pic="XX" length="2" position="269"/>
                    <w203BirthdateDay level="15" mfname="W203-BIRTHDATE-DAY" pic="XX" length="2" position="271"/>
                    <w203BirthdateCi level="15" mfname="W203-BIRTHDATE-CI" pic="XX" length="2" position="273"/>
                    <w203BirthdateYear level="15" mfname="W203-BIRTHDATE-YEAR" pic="XX" length="2" position="275"/>
                </w203Birthdate>
                <w203SpoEffectiveDate level="10" mfname="W203-SPO-EFFECTIVE-DATE" position="277" length="8">
                    <w203SpoEffMonth level="15" mfname="W203-SPO-EFF-MONTH" pic="XX" length="2" position="277"/>
                    <w203SpoEffDay level="15" mfname="W203-SPO-EFF-DAY" pic="XX" length="2" position="279"/>
                    <w203SpoEffectiveDateCi level="15" mfname="W203-SPO-EFFECTIVE-DATE-CI" pic="XX" length="2" position="281"/>
                    <w203SpoEffYear level="15" mfname="W203-SPO-EFF-YEAR" pic="XX" length="2" position="283"/>
                </w203SpoEffectiveDate>
                <w203SpoTerminationDate level="10" mfname="W203-SPO-TERMINATION-DATE" position="285" length="8">
                    <w203SpoTermMonth level="15" mfname="W203-SPO-TERM-MONTH" pic="XX" length="2" position="285"/>
                    <w203SpoTermDay level="15" mfname="W203-SPO-TERM-DAY" pic="XX" length="2" position="287"/>
                    <w203SpoTerminationDateCi level="15" mfname="W203-SPO-TERMINATION-DATE-CI" pic="XX" length="2" position="289"/>
                    <w203SpoTermYear level="15" mfname="W203-SPO-TERM-YEAR" pic="XX" length="2" position="291"/>
                </w203SpoTerminationDate>
                <w203SpoTerminationReason level="10" mfname="W203-SPO-TERMINATION-REASON" pic="XX" length="2" position="293"/>
                <w203MedicareInd level="10" mfname="W203-MEDICARE-IND" pic="X" length="1" position="295"/>
                <w203SpouseTable level="10" mfname="W203-SPOUSE-TABLE" position="296" length="280">
                    <w203SpouseCoverageArea level="15" mfname="W203-SPOUSE-COVERAGE-AREA" occurs="8" position="296" length="280">
                        <w203SpoCoverageCode level="20" mfname="W203-SPO-COVERAGE-CODE" position="1" length="4">
                            <w203SpoCovg level="25" mfname="W203-SPO-COVG" pic="XX" length="2" position="1"/>
                            <w203SpoSubCovg level="25" mfname="W203-SPO-SUB-COVG" pic="XX" length="2" position="3"/>
                        </w203SpoCoverageCode>
                        <w203SpoCovgEvidence level="20" mfname="W203-SPO-COVG-EVIDENCE" pic="X" length="1" position="5"/>
                        <w203SpoCovgRefusedCode level="20" mfname="W203-SPO-COVG-REFUSED-CODE" pic="X" length="1" position="6"/>
                        <w203SpoCovgImpairment level="20" mfname="W203-SPO-COVG-IMPAIRMENT" pic="X" length="1" position="7"/>
                        <w203SpoUnitsElected level="20" mfname="W203-SPO-UNITS-ELECTED" pic="9(5)" isnumber="true" length="5" position="8"/>
                        <w203SpoPremium level="20" mfname="W203-SPO-PREMIUM" pic="9(7)V99" isnumber="true" length="9" scale="2" position="13"/>
                        <w203SpoVolume level="20" mfname="W203-SPO-VOLUME" pic="9(9)" isnumber="true" length="9" position="22"/>
                        <w203SpoSubstandardFctr level="20" mfname="W203-SPO-SUBSTANDARD-FCTR" pic="9V9999" length="5" isnumber="true" scale="4" position="31"/>
                    </w203SpouseCoverageArea>
                </w203SpouseTable>
                <w203DepnEffectiveDate level="10" mfname="W203-DEPN-EFFECTIVE-DATE" position="576" length="8">
                    <w203DepnEffMonth level="15" mfname="W203-DEPN-EFF-MONTH" pic="XX" length="2" position="576"/>
                    <w203DepnEffDay level="15" mfname="W203-DEPN-EFF-DAY" pic="XX" length="2" position="578"/>
                    <w203DepnEffectiveDateCi level="15" mfname="W203-DEPN-EFFECTIVE-DATE-CI" pic="XX" length="2" position="580"/>
                    <w203DepnEffYear level="15" mfname="W203-DEPN-EFF-YEAR" pic="XX" length="2" position="582"/>
                </w203DepnEffectiveDate>
                <w203DepnTerminationDate level="10" mfname="W203-DEPN-TERMINATION-DATE" position="584" length="8">
                    <w203DepnTermMonth level="15" mfname="W203-DEPN-TERM-MONTH" pic="XX" length="2" position="584"/>
                    <w203DepnTermDay level="15" mfname="W203-DEPN-TERM-DAY" pic="XX" length="2" position="586"/>
                    <w203DepnTerminationDateCi level="15" mfname="W203-DEPN-TERMINATION-DATE-CI" pic="XX" length="2" position="588"/>
                    <w203DepnTermYear level="15" mfname="W203-DEPN-TERM-YEAR" pic="XX" length="2" position="590"/>
                </w203DepnTerminationDate>
                <w203DepnTerminationReason level="10" mfname="W203-DEPN-TERMINATION-REASON" pic="XX" length="2" position="592"/>
                <w203DepnTable level="10" mfname="W203-DEPN-TABLE" position="594" length="185">
                    <w203DepnCoverageArea level="15" mfname="W203-DEPN-COVERAGE-AREA" occurs="5" position="594" length="185">
                        <w203DepnCoverageCode level="20" mfname="W203-DEPN-COVERAGE-CODE" position="1" length="4">
                            <w203DepnCovg level="25" mfname="W203-DEPN-COVG" pic="XX" length="2" position="1"/>
                            <w203DepnSubCovg level="25" mfname="W203-DEPN-SUB-COVG" pic="XX" length="2" position="3"/>
                        </w203DepnCoverageCode>
                        <w203DepnCovgEvidence level="20" mfname="W203-DEPN-COVG-EVIDENCE" pic="X" length="1" position="5"/>
                        <w203DepnCovgRefusedCode level="20" mfname="W203-DEPN-COVG-REFUSED-CODE" pic="X" length="1" position="6"/>
                        <w203DepnCovgImpairment level="20" mfname="W203-DEPN-COVG-IMPAIRMENT" pic="X" length="1" position="7"/>
                        <w203DepnUnitsElected level="20" mfname="W203-DEPN-UNITS-ELECTED" pic="9(5)" isnumber="true" length="5" position="8"/>
                        <w203DepnPremium level="20" mfname="W203-DEPN-PREMIUM" pic="9(7)V99" isnumber="true" length="9" scale="2" position="13"/>
                        <w203DepnVolume level="20" mfname="W203-DEPN-VOLUME" pic="9(9)" isnumber="true" length="9" position="22"/>
                        <w203DepnNumberCovered level="20" mfname="W203-DEPN-NUMBER-COVERED" pic="99" length="2" isnumber="true" position="31"/>
                        <w203DepnSubstandardFctr level="20" mfname="W203-DEPN-SUBSTANDARD-FCTR" pic="9V9999" length="5" isnumber="true" scale="4" position="33"/>
                    </w203DepnCoverageArea>
                </w203DepnTable>
                <w203CurrProcessJulian level="10" mfname="W203-CURR-PROCESS-JULIAN" pic="9(04)" isnumber="true" length="4" position="779"/>
                <w203IssueCertType level="10" mfname="W203-ISSUE-CERT-TYPE" pic="X(01)" length="1" position="783"/>
                <w203WalletCardType level="10" mfname="W203-WALLET-CARD-TYPE" pic="X(01)" length="1" position="784"/>
                <w203CertMaintInd level="10" mfname="W203-CERT-MAINT-IND" pic="X(01)" length="1" position="785"/>
                <w203LastBilledToDate level="10" mfname="W203-LAST-BILLED-TO-DATE" pic="9(04)" isnumber="true" length="4" position="786"/>
                <w203RerateFlag level="10" mfname="W203-RERATE-FLAG" pic="X(01)" length="1" position="790"/>
                <w203AgeChangeCode level="10" mfname="W203-AGE-CHANGE-CODE" pic="X(01)" length="1" position="791"/>
                <w203HsaiFiller level="10" mfname="W203-HSAI-FILLER" pic="X(209)" length="209" position="792"/>
            </w203TranDataArea>
        </w203FixedArea>
    </w203Transaction>
</W203_W204_LAYOUT>