<W205_W206_LAYOUT>
    <w205Transaction level="1" mfname="W205-TRANSACTION" position="1" length="1000">
        <w205FixedArea level="2" mfname="W205-FIXED-AREA" position="1" length="1000">
            <w205FixedAreaLength level="5" mfname="W205-FIXED-AREA-LENGTH" pic="X(02)" length="2" position="1"/>
            <w205RecordKey level="5" mfname="W205-RECORD-KEY" position="3" length="100">
                <w205 level="10" mfname="W205" position="3" length="50">
                    <w205CompanyCode level="15" mfname="W205-COMPANY-CODE" position="3" length="3">
                        <w205MajorCompany level="20" mfname="W205-MAJOR-COMPANY" pic="X" length="1" position="3"/>
                        <w205SubCompany level="20" mfname="W205-SUB-COMPANY" pic="XX" length="2" position="4"/>
                    </w205CompanyCode>
                    <w205BatchNumber level="15" mfname="W205-BATCH-NUMBER" pic="X(8)" length="8" position="6"/>
                    <w205GroupId level="15" mfname="W205-GROUP-ID" position="14" length="10">
                        <w205GroupPrefix level="20" mfname="W205-GROUP-PREFIX" pic="XX" length="2" position="14"/>
                        <w205GroupNumber level="20" mfname="W205-GROUP-NUMBER" pic="X(7)" length="7" position="16"/>
                        <w205GroupSuffix level="20" mfname="W205-GROUP-SUFFIX" pic="X" length="1" position="23"/>
                    </w205GroupId>
                    <w205DivisionId level="15" mfname="W205-DIVISION-ID" pic="X(5)" length="5" position="24"/>
                    <w205CellEndDate level="15" mfname="W205-CELL-END-DATE" pic="9(03)" isnumber="true" length="3" position="29"/>
                    <w205CertificateId level="15" mfname="W205-CERTIFICATE-ID" pic="X(10)" length="10" position="32"/>
                    <w205Agent level="15" mfname="W205-AGENT" position="42" length="11">
                        <w205AgentLevel level="20" mfname="W205-AGENT-LEVEL" pic="X" length="1" position="42"/>
                        <w205AgentNumber level="20" mfname="W205-AGENT-NUMBER" pic="X(10)" length="10" position="43"/>
                    </w205Agent>
                </w205>
                <w205TransactionCode level="10" mfname="W205-TRANSACTION-CODE" position="53" length="3">
                    <w205TranFc level="15" mfname="W205-TRAN-FC" pic="X" length="1" position="53"/>
                    <w205TranSfc level="15" mfname="W205-TRAN-SFC" pic="X" length="1" position="54"/>
                    <w205TranAct level="15" mfname="W205-TRAN-ACT" pic="X" length="1" position="55"/>
                </w205TransactionCode>
                <w205SubTransactionCode level="10" mfname="W205-SUB-TRANSACTION-CODE" position="56" length="8">
                    <w205TranRecdId level="15" mfname="W205-TRAN-RECD-ID" pic="XXX" length="3" position="56"/>
                    <w205TranTrlrId level="15" mfname="W205-TRAN-TRLR-ID" pic="XX" length="2" position="59"/>
                    <w205TranTrlrSubId level="15" mfname="W205-TRAN-TRLR-SUB-ID" pic="XXX" length="3" position="61"/>
                </w205SubTransactionCode>
                <w205Qualifiers level="10" mfname="W205-QUALIFIERS" position="64" length="32">
                    <w205CellCode level="15" mfname="W205-CELL-CODE" pic="X" length="1" position="64"/>
                    <w205TypeCode level="15" mfname="W205-TYPE-CODE" pic="X" length="1" position="65"/>
                    <w205Duration level="15" mfname="W205-DURATION" pic="XX" length="2" position="66"/>
                    <w205StOrOffice level="15" mfname="W205-ST-OR-OFFICE" pic="XXX" length="3" position="68"/>
                    <w205MrktOffice level="15" mfname="W205-MRKT-OFFICE" position="71" length="11">
                        <w205MrktOfficeLevel level="20" mfname="W205-MRKT-OFFICE-LEVEL" pic="X" length="1" position="71"/>
                        <w205MrktOfficeId level="20" mfname="W205-MRKT-OFFICE-ID" pic="X(10)" length="10" position="72"/>
                    </w205MrktOffice>
                    <w205ParCode level="15" mfname="W205-PAR-CODE" pic="X" length="1" position="82"/>
                    <w205Class level="15" mfname="W205-CLASS" pic="XX" length="2" position="83"/>
                    <w205CoverageCode level="15" mfname="W205-COVERAGE-CODE" position="85" length="4">
                        <w205Coverage level="20" mfname="W205-COVERAGE" pic="XX" length="2" position="85"/>
                        <w205SubCoverage level="20" mfname="W205-SUB-COVERAGE" pic="XX" length="2" position="87"/>
                    </w205CoverageCode>
                    <w205AccountId level="15" mfname="W205-ACCOUNT-ID" position="89" length="7">
                        <w205MajAccountId level="20" mfname="W205-MAJ-ACCOUNT-ID" pic="X(04)" length="4" position="89"/>
                        <w205SubAccountId level="20" mfname="W205-SUB-ACCOUNT-ID" pic="XXX" length="3" position="93"/>
                    </w205AccountId>
                </w205Qualifiers>
                <w205SequenceNo level="10" mfname="W205-SEQUENCE-NO" pic="9(02)" isnumber="true" length="2" position="96"/>
                <w205DeleteFlag level="10" mfname="W205-DELETE-FLAG" pic="X" length="1" position="98"/>
                <w205DeleteTimeX level="10" mfname="W205-DELETE-TIME-X" position="99" length="4">
                    <w205DeleteTime level="15" mfname="W205-DELETE-TIME" pic="9(04)" isnumber="true" length="4" position="99"/>
                </w205DeleteTimeX>
            </w205RecordKey>
            <w205TranControlData level="5" mfname="W205-TRAN-CONTROL-DATA" position="103" length="88">
                <w205EntryDate level="10" mfname="W205-ENTRY-DATE" pic="9(08)" isnumber="true" length="8" position="103"/>
                <w205EntryTime level="10" mfname="W205-ENTRY-TIME" pic="9(06)" isnumber="true" length="6" position="111"/>
                <w205BatchId level="10" mfname="W205-BATCH-ID" position="117" length="8">
                    <w205InputBatch level="15" mfname="W205-INPUT-BATCH" pic="9(04)" isnumber="true" length="4" position="117"/>
                    <w205SystemBatch level="15" mfname="W205-SYSTEM-BATCH" pic="9(04)" isnumber="true" length="4" position="121"/>
                </w205BatchId>
                <w205LastMiscTranDate level="10" mfname="W205-LAST-MISC-TRAN-DATE" pic="9(04)" isnumber="true" length="4" position="125"/>
                <w205LastAcctTranDate level="10" mfname="W205-LAST-ACCT-TRAN-DATE" pic="9(04)" isnumber="true" length="4" position="129"/>
                <w205TermId level="10" mfname="W205-TERM-ID" pic="X(4)" length="4" position="133"/>
                <w205DeptId level="10" mfname="W205-DEPT-ID" pic="X(4)" length="4" position="137"/>
                <w205ClrkId level="10" mfname="W205-CLRK-ID" pic="X(4)" length="4" position="141"/>
                <w205SourceTypeSys level="10" mfname="W205-SOURCE-TYPE-SYS" pic="X(4)" length="4" position="145"/>
                <w205SourceProgram level="10" mfname="W205-SOURCE-PROGRAM" pic="X(8)" length="8" position="149"/>
                <w205JulianSchedEntryDt level="10" mfname="W205-JULIAN-SCHED-ENTRY-DT" pic="9(04)" isnumber="true" length="4" position="157"/>
                <w205RealtimeIndicators level="10" mfname="W205-REALTIME-INDICATORS" pic="XX" length="2" position="161"/>
                <w205RecycledTransInd level="10" mfname="W205-RECYCLED-TRANS-IND" pic="X" length="1" position="163"/>
                <w205SourceInd level="10" mfname="W205-SOURCE-IND" pic="X" length="1" position="164"/>
                <w205GeneratedTransInd level="10" mfname="W205-GENERATED-TRANS-IND" pic="X" length="1" position="165"/>
                <filler level="10" mfname="FILLER" pic="X(25)" length="25" position="166"/>
            </w205TranControlData>
            <w205ErrorData level="5" mfname="W205-ERROR-DATA" position="191" length="42">
                <w205ErrIndexd level="10" mfname="W205-ERR-INDEXD" occurs="6" position="191" length="42">
                    <w205ErrorCodes level="15" mfname="W205-ERROR-CODES" pic="X(6)" length="6" position="1"/>
                    <w205ErrorType level="15" mfname="W205-ERROR-TYPE" pic="X" length="1" position="7"/>
                </w205ErrIndexd>
            </w205ErrorData>
            <w205TranDataArea level="5" mfname="W205-TRAN-DATA-AREA" position="233" length="768">
                <w205EffectiveDate level="10" mfname="W205-EFFECTIVE-DATE" position="233" length="8">
                    <w205EffMonth level="15" mfname="W205-EFF-MONTH" pic="99" length="2" isnumber="true" position="233"/>
                    <w205EffDay level="15" mfname="W205-EFF-DAY" pic="99" length="2" isnumber="true" position="235"/>
                    <w205EffectiveDateCi level="15" mfname="W205-EFFECTIVE-DATE-CI" pic="99" length="2" isnumber="true" position="237"/>
                    <w205EffYear level="15" mfname="W205-EFF-YEAR" pic="99" length="2" isnumber="true" position="239"/>
                </w205EffectiveDate>
                <w205NameArea level="10" mfname="W205-NAME-AREA" occurs="7" position="241" length="434">
                    <w205ActionCode level="15" mfname="W205-ACTION-CODE" pic="X" length="1" position="1"/>
                    <w205Id level="15" mfname="W205-ID" pic="XXX" length="3" position="2"/>
                    <w205Name level="15" mfname="W205-NAME" position="5" length="35">
                        <w205LastName level="20" mfname="W205-LAST-NAME" pic="X(20)" length="20" position="5"/>
                        <w205FirstName level="20" mfname="W205-FIRST-NAME" pic="X(14)" length="14" position="25"/>
                        <w205MiddleI level="20" mfname="W205-MIDDLE-I" pic="X" length="1" position="39"/>
                    </w205Name>
                    <w205Sex level="15" mfname="W205-SEX" pic="X" length="1" position="40"/>
                    <w205Relationship level="15" mfname="W205-RELATIONSHIP" pic="XXX" length="3" position="41"/>
                    <w205BirthDate level="15" mfname="W205-BIRTH-DATE" position="44" length="8">
                        <w205BirthMonth level="20" mfname="W205-BIRTH-MONTH" pic="99" length="2" isnumber="true" position="44"/>
                        <w205BirthDay level="20" mfname="W205-BIRTH-DAY" pic="99" length="2" isnumber="true" position="46"/>
                        <w205BirthDateCi level="20" mfname="W205-BIRTH-DATE-CI" pic="99" length="2" isnumber="true" position="48"/>
                        <w205BirthYear level="20" mfname="W205-BIRTH-YEAR" pic="99" length="2" isnumber="true" position="50"/>
                    </w205BirthDate>
                    <w205Impairment level="15" mfname="W205-IMPAIRMENT" pic="X" length="1" position="52"/>
                    <w205StudentFlag level="15" mfname="W205-STUDENT-FLAG" pic="X" length="1" position="53"/>
                    <w205SocialSecurityNo level="15" mfname="W205-SOCIAL-SECURITY-NO" pic="X(9)" length="9" position="54"/>
                </w205NameArea>
                <w205PmscFiller level="10" mfname="W205-PMSC-FILLER" pic="X(326)" length="326" position="675"/>
            </w205TranDataArea>
        </w205FixedArea>
    </w205Transaction>
</W205_W206_LAYOUT>