<W217_LAYOUT>
    <w217Transaction level="1" mfname="W217-TRANSACTION" position="1" length="1000">
        <w217FixedArea level="2" mfname="W217-FIXED-AREA" position="1" length="1000">
            <w217FixedAreaLength level="5" mfname="W217-FIXED-AREA-LENGTH" pic="X(02)" length="2" position="1"/>
            <w217RecordKey level="5" mfname="W217-RECORD-KEY" position="3" length="100">
                <w217 level="10" mfname="W217" position="3" length="50">
                    <w217CompanyCode level="15" mfname="W217-COMPANY-CODE" position="3" length="3">
                        <w217MajorCompany level="20" mfname="W217-MAJOR-COMPANY" pic="X" length="1" position="3"/>
                        <w217SubCompany level="20" mfname="W217-SUB-COMPANY" pic="XX" length="2" position="4"/>
                    </w217CompanyCode>
                    <w217BatchNumber level="15" mfname="W217-BATCH-NUMBER" pic="X(8)" length="8" position="6"/>
                    <w217GroupId level="15" mfname="W217-GROUP-ID" position="14" length="10">
                        <w217GroupPrefix level="20" mfname="W217-GROUP-PREFIX" pic="XX" length="2" position="14"/>
                        <w217GroupNumber level="20" mfname="W217-GROUP-NUMBER" pic="X(7)" length="7" position="16"/>
                        <w217GroupSuffix level="20" mfname="W217-GROUP-SUFFIX" pic="X" length="1" position="23"/>
                    </w217GroupId>
                    <w217DivisionId level="15" mfname="W217-DIVISION-ID" pic="X(5)" length="5" position="24"/>
                    <w217CellEndDate level="15" mfname="W217-CELL-END-DATE" pic="9(03)" isnumber="true" length="3" position="29"/>
                    <w217CertificateId level="15" mfname="W217-CERTIFICATE-ID" pic="X(10)" length="10" position="32"/>
                    <w217Agent level="15" mfname="W217-AGENT" position="42" length="11">
                        <w217AgentLevel level="20" mfname="W217-AGENT-LEVEL" pic="X" length="1" position="42"/>
                        <w217AgentNumber level="20" mfname="W217-AGENT-NUMBER" pic="X(10)" length="10" position="43"/>
                    </w217Agent>
                </w217>
                <w217TransactionCode level="10" mfname="W217-TRANSACTION-CODE" position="53" length="3">
                    <w217TranFc level="15" mfname="W217-TRAN-FC" pic="X" length="1" position="53"/>
                    <w217TranSfc level="15" mfname="W217-TRAN-SFC" pic="X" length="1" position="54"/>
                    <w217TranAct level="15" mfname="W217-TRAN-ACT" pic="X" length="1" position="55"/>
                </w217TransactionCode>
                <w217SubTransactionCode level="10" mfname="W217-SUB-TRANSACTION-CODE" position="56" length="8">
                    <w217TranRecdId level="15" mfname="W217-TRAN-RECD-ID" pic="XXX" length="3" position="56"/>
                    <w217TranTrlrId level="15" mfname="W217-TRAN-TRLR-ID" pic="XX" length="2" position="59"/>
                    <w217TranTrlrSubId level="15" mfname="W217-TRAN-TRLR-SUB-ID" pic="XXX" length="3" position="61"/>
                </w217SubTransactionCode>
                <w217Qualifiers level="10" mfname="W217-QUALIFIERS" position="64" length="32">
                    <w217CellCode level="15" mfname="W217-CELL-CODE" pic="X" length="1" position="64"/>
                    <w217TypeCode level="15" mfname="W217-TYPE-CODE" pic="X" length="1" position="65"/>
                    <w217Duration level="15" mfname="W217-DURATION" pic="XX" length="2" position="66"/>
                    <w217StOrOffice level="15" mfname="W217-ST-OR-OFFICE" pic="XXX" length="3" position="68"/>
                    <w217MrktOffice level="15" mfname="W217-MRKT-OFFICE" position="71" length="11">
                        <w217MrktOfficeLevel level="20" mfname="W217-MRKT-OFFICE-LEVEL" pic="X" length="1" position="71"/>
                        <w217MrktOfficeId level="20" mfname="W217-MRKT-OFFICE-ID" pic="X(10)" length="10" position="72"/>
                    </w217MrktOffice>
                    <w217ParCode level="15" mfname="W217-PAR-CODE" pic="X" length="1" position="82"/>
                    <w217Class level="15" mfname="W217-CLASS" pic="XX" length="2" position="83"/>
                    <w217CoverageCode level="15" mfname="W217-COVERAGE-CODE" position="85" length="4">
                        <w217Coverage level="20" mfname="W217-COVERAGE" pic="XX" length="2" position="85"/>
                        <w217SubCoverage level="20" mfname="W217-SUB-COVERAGE" pic="XX" length="2" position="87"/>
                    </w217CoverageCode>
                    <w217AccountId level="15" mfname="W217-ACCOUNT-ID" position="89" length="7">
                        <w217MajAccountId level="20" mfname="W217-MAJ-ACCOUNT-ID" pic="X(4)" length="4" position="89"/>
                        <w217SubAccountId level="20" mfname="W217-SUB-ACCOUNT-ID" pic="XXX" length="3" position="93"/>
                    </w217AccountId>
                </w217Qualifiers>
                <w217SequenceNo level="10" mfname="W217-SEQUENCE-NO" pic="9(02)" isnumber="true" length="2" position="96"/>
                <w217DeleteFlag level="10" mfname="W217-DELETE-FLAG" pic="X" length="1" position="98"/>
                <w217DeleteTimeX level="10" mfname="W217-DELETE-TIME-X" position="99" length="4">
                    <w217DeleteTime level="15" mfname="W217-DELETE-TIME" pic="9(04)" isnumber="true" length="4" position="99"/>
                </w217DeleteTimeX>
            </w217RecordKey>
            <w217TranControlData level="5" mfname="W217-TRAN-CONTROL-DATA" position="103" length="88">
                <w217EntryDate level="10" mfname="W217-ENTRY-DATE" pic="9(08)" isnumber="true" length="8" position="103"/>
                <w217EntryTime level="10" mfname="W217-ENTRY-TIME" pic="9(06)" isnumber="true" length="6" position="111"/>
                <w217BatchId level="10" mfname="W217-BATCH-ID" position="117" length="8">
                    <w217InputBatch level="15" mfname="W217-INPUT-BATCH" pic="9(04)" isnumber="true" length="4" position="117"/>
                    <w217SystemBatch level="15" mfname="W217-SYSTEM-BATCH" pic="9(04)" isnumber="true" length="4" position="121"/>
                </w217BatchId>
                <w217LastMiscTranDate level="10" mfname="W217-LAST-MISC-TRAN-DATE" pic="9(04)" isnumber="true" length="4" position="125"/>
                <w217LastAcctTranDate level="10" mfname="W217-LAST-ACCT-TRAN-DATE" pic="9(04)" isnumber="true" length="4" position="129"/>
                <w217TermId level="10" mfname="W217-TERM-ID" pic="X(4)" length="4" position="133"/>
                <w217DeptId level="10" mfname="W217-DEPT-ID" pic="X(4)" length="4" position="137"/>
                <w217ClrkId level="10" mfname="W217-CLRK-ID" pic="X(4)" length="4" position="141"/>
                <w217SourceTypeSys level="10" mfname="W217-SOURCE-TYPE-SYS" pic="X(4)" length="4" position="145"/>
                <w217SourceProgram level="10" mfname="W217-SOURCE-PROGRAM" pic="X(8)" length="8" position="149"/>
                <w217JulianSchedEntryDt level="10" mfname="W217-JULIAN-SCHED-ENTRY-DT" pic="9(04)" isnumber="true" length="4" position="157"/>
                <w217RealtimeIndicators level="10" mfname="W217-REALTIME-INDICATORS" pic="XX" length="2" position="161"/>
                <w217RecycledTransInd level="10" mfname="W217-RECYCLED-TRANS-IND" pic="X" length="1" position="163"/>
                <w217SourceInd level="10" mfname="W217-SOURCE-IND" pic="X" length="1" position="164"/>
                <w217GeneratedTransInd level="10" mfname="W217-GENERATED-TRANS-IND" pic="X" length="1" position="165"/>
                <filler level="10" mfname="FILLER" pic="X(25)" length="25" position="166"/>
            </w217TranControlData>
            <w217ErrorData level="5" mfname="W217-ERROR-DATA" position="191" length="42">
                <w217ErrIndexd level="10" mfname="W217-ERR-INDEXD" occurs="6" position="191" length="42">
                    <w217ErrorCodes level="15" mfname="W217-ERROR-CODES" pic="X(6)" length="6" position="1"/>
                    <w217ErrorType level="15" mfname="W217-ERROR-TYPE" pic="X" length="1" position="7"/>
                </w217ErrIndexd>
            </w217ErrorData>
            <w217TranDataArea level="5" mfname="W217-TRAN-DATA-AREA" position="233" length="768">
                <w217ActionDate level="10" mfname="W217-ACTION-DATE" position="233" length="8">
                    <w217ActionMonth level="15" mfname="W217-ACTION-MONTH" pic="XX" length="2" position="233"/>
                    <w217ActionDay level="15" mfname="W217-ACTION-DAY" pic="XX" length="2" position="235"/>
                    <w217ActionDateCi level="15" mfname="W217-ACTION-DATE-CI" pic="XX" length="2" position="237"/>
                    <w217ActionYear level="15" mfname="W217-ACTION-YEAR" pic="XX" length="2" position="239"/>
                </w217ActionDate>
                <w217PrintCertificate level="10" mfname="W217-PRINT-CERTIFICATE" pic="X" length="1" position="241"/>
                <w217PrintIdCards level="10" mfname="W217-PRINT-ID-CARDS" pic="X" length="1" position="242"/>
                <w217CertificateInd level="10" mfname="W217-CERTIFICATE-IND" pic="X" length="1" position="243"/>
                <w217IdcardInd level="10" mfname="W217-IDCARD-IND" pic="X" length="1" position="244"/>
                <w217PrintStatus level="10" mfname="W217-PRINT-STATUS" pic="X" length="1" position="245"/>
                <w217PrintRerate level="10" mfname="W217-PRINT-RERATE" pic="X" length="1" position="246"/>
                <w217StatusReason level="10" mfname="W217-STATUS-REASON" pic="XX" length="2" position="247"/>
                <w217GrpDivCert level="10" mfname="W217-GRP-DIV-CERT" pic="X" length="1" position="249"/>
                <w217DivisionName level="10" mfname="W217-DIVISION-NAME" pic="X(35)" length="35" position="250"/>
                <w217Class level="10" mfname="W217-CLASS" pic="XX" length="2" position="285"/>
                <w217NumberOfCerts level="10" mfname="W217-NUMBER-OF-CERTS" pic="9(4)" isnumber="true" length="4" position="287"/>
                <w217NumberOfCards level="10" mfname="W217-NUMBER-OF-CARDS" pic="9(4)" isnumber="true" length="4" position="291"/>
                <w217ActivityCode level="10" mfname="W217-ACTIVITY-CODE" pic="X" length="1" position="295"/>
                <w217PrintDateInd level="10" mfname="W217-PRINT-DATE-IND" pic="X" length="1" position="296"/>
                <w217IssueCertType level="10" mfname="W217-ISSUE-CERT-TYPE" pic="X" length="1" position="297"/>
                <w217WalletCardType level="10" mfname="W217-WALLET-CARD-TYPE" pic="X" length="1" position="298"/>
                <filler level="10" mfname="FILLER" pic="X(702)" length="702" position="299"/>
            </w217TranDataArea>
        </w217FixedArea>
    </w217Transaction>
</W217_LAYOUT>