<W806_LAYOUT>
    <w806Transaction level="1" mfname="W806-TRANSACTION" position="1" length="1000">
        <w806FixedArea level="2" mfname="W806-FIXED-AREA" position="1" length="1000">
            <w806FixedAreaLength level="5" mfname="W806-FIXED-AREA-LENGTH" pic="X(02)" length="2" position="1"/>
            <w806RecordKey level="5" mfname="W806-RECORD-KEY" position="3" length="100">
                <w806 level="10" mfname="W806" position="3" length="50">
                    <w806CompanyCode level="15" mfname="W806-COMPANY-CODE" position="3" length="3">
                        <w806MajorCompany level="20" mfname="W806-MAJOR-COMPANY" pic="X" length="1" position="3"/>
                        <w806SubCompany level="20" mfname="W806-SUB-COMPANY" pic="XX" length="2" position="4"/>
                    </w806CompanyCode>
                    <w806BatchNumber level="15" mfname="W806-BATCH-NUMBER" pic="X(8)" length="8" position="6"/>
                    <w806GroupId level="15" mfname="W806-GROUP-ID" position="14" length="10">
                        <w806GroupPrefix level="20" mfname="W806-GROUP-PREFIX" pic="XX" length="2" position="14"/>
                        <w806GroupNumber level="20" mfname="W806-GROUP-NUMBER" pic="X(7)" length="7" position="16"/>
                        <w806GroupSuffix level="20" mfname="W806-GROUP-SUFFIX" pic="X" length="1" position="23"/>
                    </w806GroupId>
                    <w806DivisionId level="15" mfname="W806-DIVISION-ID" pic="X(5)" length="5" position="24"/>
                    <w806CellEndDate level="15" mfname="W806-CELL-END-DATE" pic="9(03)" isnumber="true" length="3" position="29"/>
                    <w806CertificateId level="15" mfname="W806-CERTIFICATE-ID" pic="X(10)" length="10" position="32"/>
                    <w806Agent level="15" mfname="W806-AGENT" position="42" length="11">
                        <w806AgentLevel level="20" mfname="W806-AGENT-LEVEL" pic="X" length="1" position="42"/>
                        <w806AgentNumber level="20" mfname="W806-AGENT-NUMBER" pic="X(10)" length="10" position="43"/>
                    </w806Agent>
                </w806>
                <w806TransactionCode level="10" mfname="W806-TRANSACTION-CODE" position="53" length="3">
                    <w806TranFc level="15" mfname="W806-TRAN-FC" pic="X" length="1" position="53"/>
                    <w806TranSfc level="15" mfname="W806-TRAN-SFC" pic="X" length="1" position="54"/>
                    <w806TranAct level="15" mfname="W806-TRAN-ACT" pic="X" length="1" position="55"/>
                </w806TransactionCode>
                <w806SubTransactionCode level="10" mfname="W806-SUB-TRANSACTION-CODE" position="56" length="8">
                    <w806TranRecdId level="15" mfname="W806-TRAN-RECD-ID" pic="XXX" length="3" position="56"/>
                    <w806TranTrlrId level="15" mfname="W806-TRAN-TRLR-ID" pic="XX" length="2" position="59"/>
                    <w806TranTrlrSubId level="15" mfname="W806-TRAN-TRLR-SUB-ID" pic="XXX" length="3" position="61"/>
                </w806SubTransactionCode>
                <w806Qualifiers level="10" mfname="W806-QUALIFIERS" position="64" length="32">
                    <w806CellCode level="15" mfname="W806-CELL-CODE" pic="X" length="1" position="64"/>
                    <w806TypeCode level="15" mfname="W806-TYPE-CODE" pic="X" length="1" position="65"/>
                    <w806Duration level="15" mfname="W806-DURATION" pic="XX" length="2" position="66"/>
                    <w806StOrOffice level="15" mfname="W806-ST-OR-OFFICE" pic="XXX" length="3" position="68"/>
                    <w806MrktOffice level="15" mfname="W806-MRKT-OFFICE" position="71" length="11">
                        <w806MrktOfficeLevel level="20" mfname="W806-MRKT-OFFICE-LEVEL" pic="X" length="1" position="71"/>
                        <w806MrktOfficeId level="20" mfname="W806-MRKT-OFFICE-ID" pic="X(10)" length="10" position="72"/>
                    </w806MrktOffice>
                    <w806ParCode level="15" mfname="W806-PAR-CODE" pic="X" length="1" position="82"/>
                    <w806Class level="15" mfname="W806-CLASS" pic="XX" length="2" position="83"/>
                    <w806CoverageCode level="15" mfname="W806-COVERAGE-CODE" position="85" length="4">
                        <w806Coverage level="20" mfname="W806-COVERAGE" pic="XX" length="2" position="85"/>
                        <w806SubCoverage level="20" mfname="W806-SUB-COVERAGE" pic="XX" length="2" position="87"/>
                    </w806CoverageCode>
                    <w806AccountId level="15" mfname="W806-ACCOUNT-ID" position="89" length="7">
                        <w806MajAccountId level="20" mfname="W806-MAJ-ACCOUNT-ID" pic="X(4)" length="4" position="89"/>
                        <w806SubAccountId level="20" mfname="W806-SUB-ACCOUNT-ID" pic="XXX" length="3" position="93"/>
                    </w806AccountId>
                </w806Qualifiers>
                <w806SequenceNo level="10" mfname="W806-SEQUENCE-NO" pic="9(02)" isnumber="true" length="2" position="96"/>
                <w806DeleteFlag level="10" mfname="W806-DELETE-FLAG" pic="X" length="1" position="98"/>
                <w806DeleteTimeX level="10" mfname="W806-DELETE-TIME-X" position="99" length="4">
                    <w806DeleteTime level="15" mfname="W806-DELETE-TIME" pic="9(04)" isnumber="true" length="4" position="99"/>
                </w806DeleteTimeX>
            </w806RecordKey>
            <w806TranControlData level="5" mfname="W806-TRAN-CONTROL-DATA" position="103" length="88">
                <w806EntryDate level="10" mfname="W806-ENTRY-DATE" pic="9(08)" isnumber="true" length="8" position="103"/>
                <w806EntryTime level="10" mfname="W806-ENTRY-TIME" pic="9(06)" isnumber="true" length="6" position="111"/>
                <w806BatchId level="10" mfname="W806-BATCH-ID" position="117" length="8">
                    <w806InputBatch level="15" mfname="W806-INPUT-BATCH" pic="9(04)" isnumber="true" length="4" position="117"/>
                    <w806SystemBatch level="15" mfname="W806-SYSTEM-BATCH" pic="9(04)" isnumber="true" length="4" position="121"/>
                </w806BatchId>
                <w806LastMiscTranDate level="10" mfname="W806-LAST-MISC-TRAN-DATE" pic="9(04)" isnumber="true" length="4" position="125"/>
                <w806LastAcctTranDate level="10" mfname="W806-LAST-ACCT-TRAN-DATE" pic="9(04)" isnumber="true" length="4" position="129"/>
                <w806TermId level="10" mfname="W806-TERM-ID" pic="X(4)" length="4" position="133"/>
                <w806DeptId level="10" mfname="W806-DEPT-ID" pic="X(4)" length="4" position="137"/>
                <w806ClrkId level="10" mfname="W806-CLRK-ID" pic="X(4)" length="4" position="141"/>
                <w806SourceTypeSys level="10" mfname="W806-SOURCE-TYPE-SYS" pic="X(4)" length="4" position="145"/>
                <w806SourceProgram level="10" mfname="W806-SOURCE-PROGRAM" pic="X(8)" length="8" position="149"/>
                <w806JulianSchedEntryDt level="10" mfname="W806-JULIAN-SCHED-ENTRY-DT" pic="9(04)" isnumber="true" length="4" position="157"/>
                <w806RealtimeIndicators level="10" mfname="W806-REALTIME-INDICATORS" pic="XX" length="2" position="161"/>
                <w806RecycledTransInd level="10" mfname="W806-RECYCLED-TRANS-IND" pic="X" length="1" position="163"/>
                <w806SourceInd level="10" mfname="W806-SOURCE-IND" pic="X" length="1" position="164"/>
                <w806GeneratedTransInd level="10" mfname="W806-GENERATED-TRANS-IND" pic="X" length="1" position="165"/>
                <filler level="10" mfname="FILLER" pic="X(25)" length="25" position="166"/>
            </w806TranControlData>
            <w806ErrorData level="5" mfname="W806-ERROR-DATA" position="191" length="42">
                <w806ErrIndexd level="10" mfname="W806-ERR-INDEXD" occurs="6" position="191" length="42">
                    <w806ErrorCodes level="15" mfname="W806-ERROR-CODES" pic="X(6)" length="6" position="1"/>
                    <w806ErrorType level="15" mfname="W806-ERROR-TYPE" pic="X" length="1" position="7"/>
                </w806ErrIndexd>
            </w806ErrorData>
            <w806DataArea level="5" mfname="W806-DATA-AREA" position="233" length="768">
                <w806ActivityCode level="10" mfname="W806-ACTIVITY-CODE" pic="X" length="1" position="233"/>
                <w806EffectiveDate level="10" mfname="W806-EFFECTIVE-DATE" pic="X(8)" length="8" position="234"/>
                <w806Level level="10" mfname="W806-LEVEL" pic="X" length="1" position="242"/>
                <w806Person level="10" mfname="W806-PERSON" pic="X" length="1" position="243"/>
                <w806IdType level="10" mfname="W806-ID-TYPE" pic="XXX" length="3" position="244"/>
                <w806NameType level="10" mfname="W806-NAME-TYPE" pic="X" length="1" position="247"/>
                <w806Name level="10" mfname="W806-NAME" position="248" length="35">
                    <w806LastName level="15" mfname="W806-LAST-NAME" pic="X(20)" length="20" position="248"/>
                    <w806FirstName level="15" mfname="W806-FIRST-NAME" pic="X(14)" length="14" position="268"/>
                    <w806MiddleInit level="15" mfname="W806-MIDDLE-INIT" pic="X" length="1" position="282"/>
                </w806Name>
                <w806Address1 level="10" mfname="W806-ADDRESS-1" pic="X(35)" length="35" position="283"/>
                <w806Address2 level="10" mfname="W806-ADDRESS-2" pic="X(35)" length="35" position="318"/>
                <w806Address3 level="10" mfname="W806-ADDRESS-3" pic="X(35)" length="35" position="353"/>
                <w806City level="10" mfname="W806-CITY" pic="X(25)" length="25" position="388"/>
                <w806State level="10" mfname="W806-STATE" pic="XX" length="2" position="413"/>
                <w806ZipCode level="10" mfname="W806-ZIP-CODE" pic="X(10)" length="10" position="415"/>
                <w806County level="10" mfname="W806-COUNTY" pic="X(6)" length="6" position="425"/>
                <w806AgentCurrentYear level="10" mfname="W806-AGENT-CURRENT-YEAR" position="431" length="2">
                    <w806CurrentYear level="15" mfname="W806-CURRENT-YEAR" pic="99" length="2" isnumber="true" position="431"/>
                </w806AgentCurrentYear>
                <w806PhoneNumber level="10" mfname="W806-PHONE-NUMBER" pic="X(12)" length="12" position="433"/>
                <w806CovgEffectiveDate level="10" mfname="W806-COVG-EFFECTIVE-DATE" pic="9(8)" isnumber="true" length="8" position="445"/>
                <w806CovgEndDate level="10" mfname="W806-COVG-END-DATE" pic="9(8)" isnumber="true" length="8" position="453"/>
                <w806BirthDate level="10" mfname="W806-BIRTH-DATE" pic="9(8)" isnumber="true" length="8" position="461"/>
                <w806SocialSecurityNo level="10" mfname="W806-SOCIAL-SECURITY-NO" pic="X(9)" length="9" position="469"/>
                <w806CurrentYearCi level="10" mfname="W806-CURRENT-YEAR-CI" pic="X" length="1" position="478"/>
                <w806PmscFiller level="10" mfname="W806-PMSC-FILLER" pic="X(522)" length="522" position="479"/>
            </w806DataArea>
        </w806FixedArea>
    </w806Transaction>
</W806_LAYOUT>