<GCOMC052_MODIFIED><w841Transaction length="1000" level="1" mfname="W841-TRANSACTION" position="1"><w841FixedArea length="1000" level="2" mfname="W841-FIXED-AREA" position="1"><w841FixedAreaLength length="2" level="5" mfname="W841-FIXED-AREA-LENGTH" pic="X(2)" position="1"/><w841RecordKey length="100" level="5" mfname="W841-RECORD-KEY" position="3"><w841 length="50" level="10" mfname="W841" position="3"><w841CompanyCode length="3" level="15" mfname="W841-COMPANY-CODE" position="3"><w841MajorCompany length="1" level="20" mfname="W841-MAJOR-COMPANY" pic="X" position="3"/><w841SubCompany length="2" level="20" mfname="W841-SUB-COMPANY" pic="X(2)" position="4"/></w841CompanyCode><w841BatchNumber length="8" level="15" mfname="W841-BATCH-NUMBER" pic="X(8)" position="6"/><w841GroupId length="10" level="15" mfname="W841-GROUP-ID" position="14"><w841GroupPrefix length="2" level="20" mfname="W841-GROUP-PREFIX" pic="X(2)" position="14"/><w841GroupNumber length="7" level="20" mfname="W841-GROUP-NUMBER" pic="X(7)" position="16"/><w841GroupSuffix length="1" level="20" mfname="W841-GROUP-SUFFIX" pic="X" position="23"/></w841GroupId><w841DivisionId length="5" level="15" mfname="W841-DIVISION-ID" pic="X(5)" position="24"/><filler length="3" level="15" mfname="FILLER" pic="X(3)" position="29"/><w841CertificateId length="10" level="15" mfname="W841-CERTIFICATE-ID" pic="X(10)" position="32"/><filler length="11" level="15" mfname="FILLER" pic="X(11)" position="42"/></w841><w841TransactionCode length="3" level="10" mfname="W841-TRANSACTION-CODE" pic="X(3)" position="53"/><filler length="47" level="10" mfname="FILLER" pic="X(47)" position="56"/></w841RecordKey><w841TranControlData length="88" level="5" mfname="W841-TRAN-CONTROL-DATA" position="103"><w841EntryDate isnumber="true" length="8" level="10" mfname="W841-ENTRY-DATE" pic="9(8)" position="103"/><w841EntryTime isnumber="true" length="6" level="10" mfname="W841-ENTRY-TIME" pic="9(6)" position="111"/><filler length="10" level="10" mfname="FILLER" pic="X(10)" position="117"/><w841TermId length="4" level="10" mfname="W841-TERM-ID" pic="X(4)" position="127"/><w841DeptId length="4" level="10" mfname="W841-DEPT-ID" pic="X(4)" position="131"/><w841ClrkId length="4" level="10" mfname="W841-CLRK-ID" pic="X(4)" position="135"/><w841SourceTypeSys length="4" level="10" mfname="W841-SOURCE-TYPE-SYS" pic="X(4)" position="139"/><w841SourceProgram length="8" level="10" mfname="W841-SOURCE-PROGRAM" pic="X(8)" position="143"/><w841JulianSchedEntryDt isnumber="true" length="4" level="10" mfname="W841-JULIAN-SCHED-ENTRY-DT" pic="9(4)" position="151"/><w841RealtimeIndicators length="2" level="10" mfname="W841-REALTIME-INDICATORS" pic="X(2)" position="155"/><w841RecycledTransInd length="1" level="10" mfname="W841-RECYCLED-TRANS-IND" pic="X" position="157"/><w841SourceInd length="1" level="10" mfname="W841-SOURCE-IND" pic="X" position="158"/><w841GeneratedTransInd length="1" level="10" mfname="W841-GENERATED-TRANS-IND" pic="X" position="159"/><filler length="31" level="10" mfname="FILLER" pic="X(31)" position="160"/></w841TranControlData><w841ErrorData length="42" level="5" mfname="W841-ERROR-DATA" position="191"><w841ErrIndexd length="42" level="10" mfname="W841-ERR-INDEXD" occurs="6" position="191"><w841ErrorCodes length="6" level="15" mfname="W841-ERROR-CODES" pic="X(6)" position="1"/><w841ErrorType length="1" level="15" mfname="W841-ERROR-TYPE" pic="X" position="7"/></w841ErrIndexd></w841ErrorData><w841TransData length="768" level="5" mfname="W841-TRANS-DATA" position="233"><w841ActivityCode length="1" level="10" mfname="W841-ACTIVITY-CODE" pic="X" position="233"/><w841EffectiveDate length="8" level="10" mfname="W841-EFFECTIVE-DATE" position="234"><w841EffectiveMonth isnumber="true" length="2" level="15" mfname="W841-EFFECTIVE-MONTH" pic="9(2)" position="234"/><w841EffectiveDay isnumber="true" length="2" level="15" mfname="W841-EFFECTIVE-DAY" pic="9(2)" position="236"/><w841EffectiveCi isnumber="true" length="2" level="15" mfname="W841-EFFECTIVE-CI" pic="9(2)" position="238"/><w841EffectiveYear isnumber="true" length="2" level="15" mfname="W841-EFFECTIVE-YEAR" pic="9(2)" position="240"/></w841EffectiveDate><filler length="14" level="10" mfname="FILLER" pic="X(14)" position="242"/><w841BankRoutingNumber isnumber="true" length="9" level="10" mfname="W841-BANK-ROUTING-NUMBER" pic="9(9)" position="256"/><w841BankAccountNumber length="20" level="10" mfname="W841-BANK-ACCOUNT-NUMBER" pic="X(20)" position="265"/><w841AccountHoldersName length="22" level="10" mfname="W841-ACCOUNT-HOLDERS-NAME" pic="X(22)" position="285"/><w841BankName length="25" level="10" mfname="W841-BANK-NAME" pic="X(25)" position="307"/><filler length="12" level="10" mfname="FILLER" pic="X(12)" position="332"/><w841PaymentType length="1" level="10" mfname="W841-PAYMENT-TYPE" pic="X" position="344"/><filler length="4" level="10" mfname="FILLER" pic="X(4)" position="345"/><w841Status length="1" level="10" mfname="W841-STATUS" pic="X" position="349"/><w841ConfirmationNumber isnumber="true" length="10" level="10" mfname="W841-CONFIRMATION-NUMBER" pic="9(10)" position="350"/><filler length="641" level="10" mfname="FILLER" pic="X(641)" position="360"/></w841TransData></w841FixedArea></w841Transaction></GCOMC052_MODIFIED>