<WEB.INFORM.2REQ>
  <informMaintenanceRecord level='10' length='2124' mfname='INFORM-MAINTENANCE-RECORD' position='1'>
    <informSystemPrefix level='12' length='4' mfname='INFORM-SYSTEM-PREFIX' pic='X(4)' position='1'>
      <informValidPrefixes level='88' mfname='INFORM-VALID-PREFIXES' value='INBP' />
      <informValidPrefixes level='88' mfname='INFORM-VALID-PREFIXES' value='INFC' />
      <informValidPrefixes level='88' mfname='INFORM-VALID-PREFIXES' value='INLF' />
      <informValidPrefixes level='88' mfname='INFORM-VALID-PREFIXES' value='INFP' />
      <informValidPrefixes level='88' mfname='INFORM-VALID-PREFIXES' value='INFT' />
      <informValidPrefixes level='88' mfname='INFORM-VALID-PREFIXES' value='INFE' />
      <informValidPrefixes level='88' mfname='INFORM-VALID-PREFIXES' value='INFH' />
      <informValidPrefixes level='88' mfname='INFORM-VALID-PREFIXES' value='INFN' />
      <informValidPrefixes level='88' mfname='INFORM-VALID-PREFIXES' value='INFM' />
      <informValidPrefixes level='88' mfname='INFORM-VALID-PREFIXES' value='INFS' />
      <informValidPrefixes level='88' mfname='INFORM-VALID-PREFIXES' value='INFL' />
      <informValidPrefixes level='88' mfname='INFORM-VALID-PREFIXES' value='INFW' />
      <informValidPrefixes level='88' mfname='INFORM-VALID-PREFIXES' value='INFO' />
      <informValidPrefixes level='88' mfname='INFORM-VALID-PREFIXES' value='INFI' />
      <informValidPrefixes level='88' mfname='INFORM-VALID-PREFIXES' value='IN2B' />
      <informValidPrefixes level='88' mfname='INFORM-VALID-PREFIXES' value='IN2O' />
      <informValidPrefixes level='88' mfname='INFORM-VALID-PREFIXES' value='IN2P' />
      <informValidPrefixes level='88' mfname='INFORM-VALID-PREFIXES' value='IN4C' />
      <informValidPrefixes level='88' mfname='INFORM-VALID-PREFIXES' value='INFR' />
      <informValidPrefixes level='88' mfname='INFORM-VALID-PREFIXES' value='IN5P' />
      <informValidPrefixes level='88' mfname='INFORM-VALID-PREFIXES' value='INB1' />
      <informValidPrefixes level='88' mfname='INFORM-VALID-PREFIXES' value='IN1C' />
      <informValidPrefixes level='88' mfname='INFORM-VALID-PREFIXES' value='IN1F' />
      <informValidPrefixes level='88' mfname='INFORM-VALID-PREFIXES' value='IN1P' />
      <informValidPrefixes level='88' mfname='INFORM-VALID-PREFIXES' value='IN1T' />
      <informValidPrefixes level='88' mfname='INFORM-VALID-PREFIXES' value='IN1E' />
      <informValidPrefixes level='88' mfname='INFORM-VALID-PREFIXES' value='IN1H' />
      <informValidPrefixes level='88' mfname='INFORM-VALID-PREFIXES' value='IN1N' />
      <informValidPrefixes level='88' mfname='INFORM-VALID-PREFIXES' value='IN1M' />
      <informValidPrefixes level='88' mfname='INFORM-VALID-PREFIXES' value='IN1S' />
      <informValidPrefixes level='88' mfname='INFORM-VALID-PREFIXES' value='IN1L' />
      <informValidPrefixes level='88' mfname='INFORM-VALID-PREFIXES' value='IN1W' />
      <informValidPrefixes level='88' mfname='INFORM-VALID-PREFIXES' value='IN1O' />
      <informValidPrefixes level='88' mfname='INFORM-VALID-PREFIXES' value='I2B1' />
      <informValidPrefixes level='88' mfname='INFORM-VALID-PREFIXES' value='I21O' />
      <informValidPrefixes level='88' mfname='INFORM-VALID-PREFIXES' value='I21P' />
      <informValidPrefixes level='88' mfname='INFORM-VALID-PREFIXES' value='INFD' />
      <informValidPrefixes level='88' mfname='INFORM-VALID-PREFIXES' value='IN1D' />
      <informValidPrefixes level='88' mfname='INFORM-VALID-PREFIXES' value='IN1I' />
      <informValidPrefixes level='88' mfname='INFORM-VALID-PREFIXES' value='I41C' />
      <informValidPrefixes level='88' mfname='INFORM-VALID-PREFIXES' value='IN1R' />
      <informValidPrefixes level='88' mfname='INFORM-VALID-PREFIXES' value='I51P' />
    </informSystemPrefix>
    <informLoadSystem level='12' length='1' mfname='INFORM-LOAD-SYSTEM' pic='X' position='5'>
      <informLoadProduction level='88' mfname='INFORM-LOAD-PRODUCTION' value='P' />
      <informLoadTest level='88' mfname='INFORM-LOAD-TEST' value='T' />
      <informRunEdit level='88' mfname='INFORM-RUN-EDIT' value='E' />
      <informLoadInformational level='88' mfname='INFORM-LOAD-INFORMATIONAL' value='D' />
    </informLoadSystem>
    <informActionRequested level='12' length='1' mfname='INFORM-ACTION-REQUESTED' pic='X' position='6'>
      <informRead level='88' mfname='INFORM-READ' value='R' />
      <informAdd level='88' mfname='INFORM-ADD' value='A' />
      <informUpdate level='88' mfname='INFORM-UPDATE' value='U' />
      <informModify level='88' mfname='INFORM-MODIFY' value='M' />
      <informOverlay level='88' mfname='INFORM-OVERLAY' value='O' />
      <informDelete level='88' mfname='INFORM-DELETE' value='D' />
      <informTransferTo level='88' mfname='INFORM-TRANSFER-TO' value='T' />
      <informSharing level='88' mfname='INFORM-SHARING' value='S' />
      <informChangeKey level='88' mfname='INFORM-CHANGE-KEY' value='K' />
    </informActionRequested>
    <informTypeRecord level='12' length='4' mfname='INFORM-TYPE-RECORD' pic='X(4)' position='7'>
      <informRequestRecord level='88' mfname='INFORM-REQUEST-RECORD' value='2REQ' />
    </informTypeRecord>
    <informCompCd level='12' length='6' mfname='INFORM-COMP-CD' pic='X(06)' position='11' />
    <informKey1 level='12' length='40' mfname='INFORM-KEY1' position='17'>
      <informKeyId level='15' length='20' mfname='INFORM-KEY-ID' pic='X(20)' position='17' />
      <informAltKeyId level='15' length='20' mfname='INFORM-ALT-KEY-ID' pic='X(20)' position='37' />
    </informKey1>
    <informLogTimestamp level='12' length='26' mfname='INFORM-LOG-TIMESTAMP' pic='X(26)' position='57' />
    <informUpdateKeyFields level='12' length='1' mfname='INFORM-UPDATE-KEY-FIELDS' pic='X' position='83'>
      <informUpdateKeys level='88' mfname='INFORM-UPDATE-KEYS' value='Y' />
    </informUpdateKeyFields>
    <informPreviousKeys level='12' length='40' mfname='INFORM-PREVIOUS-KEYS' position='84'>
      <informPreviousKeyId level='15' length='20' mfname='INFORM-PREVIOUS-KEY-ID' pic='X(20)' position='84' />
      <informPreviousAltKeyId level='15' length='20' mfname='INFORM-PREVIOUS-ALT-KEY-ID' pic='X(20)' position='104' />
    </informPreviousKeys>
    <informReturnData level='12' length='82' mfname='INFORM-RETURN-DATA' position='124'>
      <informReturnConditionCode level='15' length='2' mfname='INFORM-RETURN-CONDITION-CODE' pic='X(2)' position='124' />
      <informReturnMessage level='15' length='80' mfname='INFORM-RETURN-MESSAGE' pic='X(80)' position='126' />
    </informReturnData>
    <informReturnSqlCode level='12' length='5' mfname='INFORM-RETURN-SQL-CODE' pic='X(5)' position='206' />
    <informReturnModname level='12' length='8' mfname='INFORM-RETURN-MODNAME' pic='X(8)' position='211' />
    <informReturnTabname level='12' length='8' mfname='INFORM-RETURN-TABNAME' pic='X(8)' position='219' />
    <informReturnSqlfunc level='12' length='8' mfname='INFORM-RETURN-SQLFUNC' pic='X(8)' position='227' />
    <informEditReqVerbiage level='12' length='1' mfname='INFORM-EDIT-REQ-VERBIAGE' pic='X(1)' position='235' />
    <informMqInfo level='12' length='40' mfname='INFORM-MQ-INFO' position='236'>
      <informMqQueId level='15' length='6' mfname='INFORM-MQ-QUE-ID' pic='X(06)' position='236' />
      <informMqFromAppl level='15' length='5' mfname='INFORM-MQ-FROM-APPL' pic='X(05)' position='242' />
      <informMqToAppl level='15' length='5' mfname='INFORM-MQ-TO-APPL' pic='X(05)' position='247' />
      <informMqSendReply level='15' length='1' mfname='INFORM-MQ-SEND-REPLY' pic='X(01)' position='252' />
      <informMqSendResponse level='15' length='1' mfname='INFORM-MQ-SEND-RESPONSE' pic='X(01)' position='253' />
      <informMqUpdCust level='15' length='1' mfname='INFORM-MQ-UPD-CUST' pic='X(01)' position='254' />
      <informMqUpdCustomerNo level='15' length='8' mfname='INFORM-MQ-UPD-CUSTOMER-NO' pic='X(08)' position='255' />
      <informMqTermId level='15' length='5' mfname='INFORM-MQ-TERM-ID' pic='X(05)' position='263' />
      <informMqDestination level='15' length='2' mfname='INFORM-MQ-DESTINATION' pic='X(02)' position='268' />
      <informMqReplyComp level='15' length='6' mfname='INFORM-MQ-REPLY-COMP' pic='X(06)' position='270' />
    </informMqInfo>
    <informConvertFields level='12' length='15' mfname='INFORM-CONVERT-FIELDS' position='276'>
      <informConvertInd level='15' length='1' mfname='INFORM-CONVERT-IND' pic='X(01)' position='276' />
      <informConvertAmount level='15' length='11' mfname='INFORM-CONVERT-AMOUNT' pic='9(11)' isnumber='true' position='277' />
      <informConvertSeqNo level='15' length='3' mfname='INFORM-CONVERT-SEQ-NO' pic='9(03)' isnumber='true' position='288' />
    </informConvertFields>
    <wsVinfreqzRec level='12' length='180' mfname='WS-VINFREQZ-REC' position='291'>
      <wsReqCorpCd level='15' length='6' mfname='WS-REQ-CORP-CD' pic='X(6)' position='291' />
      <wsReqInactiveDate level='15' length='10' mfname='WS-REQ-INACTIVE-DATE' pic='X(10)' position='297' />
      <wsReqInactiveTime level='15' length='8' mfname='WS-REQ-INACTIVE-TIME' pic='X(8)' position='307' />
      <wsReqCompCd level='15' length='6' mfname='WS-REQ-COMP-CD' pic='X(6)' position='315' />
      <wsReqDivCd level='15' length='6' mfname='WS-REQ-DIV-CD' pic='X(6)' position='321' />
      <wsReqDeptCd level='15' length='6' mfname='WS-REQ-DEPT-CD' pic='X(6)' position='327' />
      <wsReqEmpIdNo level='15' length='9' mfname='WS-REQ-EMP-ID-NO' pic='X(9)' position='333' />
      <wsReqKeyId level='15' length='20' mfname='WS-REQ-KEY-ID' pic='X(20)' position='342' />
      <wsReqType level='15' length='2' mfname='WS-REQ-TYPE' pic='X(2)' position='362' />
      <wsReqInqTimestamp level='15' length='26' mfname='WS-REQ-INQ-TIMESTAMP' pic='X(26)' position='364' />
      <wsReqSeqNo level='15' length='2' mfname='WS-REQ-SEQ-NO' pic='X(2)' position='390' />
      <wsReqVerbiage level='15' length='79' mfname='WS-REQ-VERBIAGE' pic='X(79)' position='392' />
    </wsVinfreqzRec>
    <filler level='12' length='1654' mfname='FILLER' pic='X(1654)' position='471' />
  </informMaintenanceRecord>
</WEB.INFORM.2REQ>
