<WEB.INFORM.1INQ><informMaintenanceRecord length="2124" level="10" mfname="INFORM-MAINTENANCE-RECORD" position="1"><informSystemPrefix length="4" level="12" mfname="INFORM-SYSTEM-PREFIX" pic="X(4)" position="1"><informValidPrefixes level="88" mfname="INFORM-VALID-PREFIXES" value="INBP"/><informValidPrefixes level="88" mfname="INFORM-VALID-PREFIXES" value="INFC"/><informValidPrefixes level="88" mfname="INFORM-VALID-PREFIXES" value="INLF"/><informValidPrefixes level="88" mfname="INFORM-VALID-PREFIXES" value="INFP"/><informValidPrefixes level="88" mfname="INFORM-VALID-PREFIXES" value="INFT"/><informValidPrefixes level="88" mfname="INFORM-VALID-PREFIXES" value="INFE"/><informValidPrefixes level="88" mfname="INFORM-VALID-PREFIXES" value="INFH"/><informValidPrefixes level="88" mfname="INFORM-VALID-PREFIXES" value="INFN"/><informValidPrefixes level="88" mfname="INFORM-VALID-PREFIXES" value="INFM"/><informValidPrefixes level="88" mfname="INFORM-VALID-PREFIXES" value="INFS"/><informValidPrefixes level="88" mfname="INFORM-VALID-PREFIXES" value="INFL"/><informValidPrefixes level="88" mfname="INFORM-VALID-PREFIXES" value="INFW"/><informValidPrefixes level="88" mfname="INFORM-VALID-PREFIXES" value="INFO"/><informValidPrefixes level="88" mfname="INFORM-VALID-PREFIXES" value="INFI"/><informValidPrefixes level="88" mfname="INFORM-VALID-PREFIXES" value="IN2B"/><informValidPrefixes level="88" mfname="INFORM-VALID-PREFIXES" value="IN2O"/><informValidPrefixes level="88" mfname="INFORM-VALID-PREFIXES" value="IN2P"/><informValidPrefixes level="88" mfname="INFORM-VALID-PREFIXES" value="IN4C"/><informValidPrefixes level="88" mfname="INFORM-VALID-PREFIXES" value="INFR"/><informValidPrefixes level="88" mfname="INFORM-VALID-PREFIXES" value="IN5P"/><informValidPrefixes level="88" mfname="INFORM-VALID-PREFIXES" value="INB1"/><informValidPrefixes level="88" mfname="INFORM-VALID-PREFIXES" value="IN1C"/><informValidPrefixes level="88" mfname="INFORM-VALID-PREFIXES" value="IN1F"/><informValidPrefixes level="88" mfname="INFORM-VALID-PREFIXES" value="IN1P"/><informValidPrefixes level="88" mfname="INFORM-VALID-PREFIXES" value="IN1T"/><informValidPrefixes level="88" mfname="INFORM-VALID-PREFIXES" value="IN1E"/><informValidPrefixes level="88" mfname="INFORM-VALID-PREFIXES" value="IN1H"/><informValidPrefixes level="88" mfname="INFORM-VALID-PREFIXES" value="IN1N"/><informValidPrefixes level="88" mfname="INFORM-VALID-PREFIXES" value="IN1M"/><informValidPrefixes level="88" mfname="INFORM-VALID-PREFIXES" value="IN1S"/><informValidPrefixes level="88" mfname="INFORM-VALID-PREFIXES" value="IN1L"/><informValidPrefixes level="88" mfname="INFORM-VALID-PREFIXES" value="IN1W"/><informValidPrefixes level="88" mfname="INFORM-VALID-PREFIXES" value="IN1O"/><informValidPrefixes level="88" mfname="INFORM-VALID-PREFIXES" value="I2B1"/><informValidPrefixes level="88" mfname="INFORM-VALID-PREFIXES" value="I21O"/><informValidPrefixes level="88" mfname="INFORM-VALID-PREFIXES" value="I21P"/><informValidPrefixes level="88" mfname="INFORM-VALID-PREFIXES" value="INFD"/><informValidPrefixes level="88" mfname="INFORM-VALID-PREFIXES" value="IN1D"/><informValidPrefixes level="88" mfname="INFORM-VALID-PREFIXES" value="IN1I"/><informValidPrefixes level="88" mfname="INFORM-VALID-PREFIXES" value="I41C"/><informValidPrefixes level="88" mfname="INFORM-VALID-PREFIXES" value="IN1R"/><informValidPrefixes level="88" mfname="INFORM-VALID-PREFIXES" value="I51P"/></informSystemPrefix><informLoadSystem length="1" level="12" mfname="INFORM-LOAD-SYSTEM" pic="X" position="5"><informLoadProduction level="88" mfname="INFORM-LOAD-PRODUCTION" value="P"/><informLoadTest level="88" mfname="INFORM-LOAD-TEST" value="T"/><informRunEdit level="88" mfname="INFORM-RUN-EDIT" value="E"/><informLoadInformational level="88" mfname="INFORM-LOAD-INFORMATIONAL" value="D"/></informLoadSystem><informActionRequested length="1" level="12" mfname="INFORM-ACTION-REQUESTED" pic="X" position="6"><informRead level="88" mfname="INFORM-READ" value="R"/><informAdd level="88" mfname="INFORM-ADD" value="A"/><informUpdate level="88" mfname="INFORM-UPDATE" value="U"/><informModify level="88" mfname="INFORM-MODIFY" value="M"/><informOverlay level="88" mfname="INFORM-OVERLAY" value="O"/><informDelete level="88" mfname="INFORM-DELETE" value="D"/><informTransferTo level="88" mfname="INFORM-TRANSFER-TO" value="T"/><informSharing level="88" mfname="INFORM-SHARING" value="S"/><informChangeKey level="88" mfname="INFORM-CHANGE-KEY" value="K"/></informActionRequested><informTypeRecord length="4" level="12" mfname="INFORM-TYPE-RECORD" pic="X(4)" position="7"><informInquiryRecord level="88" mfname="INFORM-INQUIRY-RECORD" value="1INQ"/></informTypeRecord><informCompCd length="6" level="12" mfname="INFORM-COMP-CD" pic="X(06)" position="11"/><informKey1 length="40" level="12" mfname="INFORM-KEY1" position="17"><informKeyId length="20" level="15" mfname="INFORM-KEY-ID" pic="X(20)" position="17"/><informAltKeyId length="20" level="15" mfname="INFORM-ALT-KEY-ID" pic="X(20)" position="37"/></informKey1><informLogTimestamp length="26" level="12" mfname="INFORM-LOG-TIMESTAMP" pic="X(26)" position="57"/><informUpdateKeyFields length="1" level="12" mfname="INFORM-UPDATE-KEY-FIELDS" pic="X" position="83"><informUpdateKeys level="88" mfname="INFORM-UPDATE-KEYS" value="Y"/></informUpdateKeyFields><informPreviousKeys length="40" level="12" mfname="INFORM-PREVIOUS-KEYS" position="84"><informPreviousKeyId length="20" level="15" mfname="INFORM-PREVIOUS-KEY-ID" pic="X(20)" position="84"/><informPreviousAltKeyId length="20" level="15" mfname="INFORM-PREVIOUS-ALT-KEY-ID" pic="X(20)" position="104"/></informPreviousKeys><informReturnData length="82" level="12" mfname="INFORM-RETURN-DATA" position="124"><informReturnConditionCode length="2" level="15" mfname="INFORM-RETURN-CONDITION-CODE" pic="X(2)" position="124"/><informReturnMessage length="80" level="15" mfname="INFORM-RETURN-MESSAGE" pic="X(80)" position="126"/></informReturnData><informReturnSqlCode length="5" level="12" mfname="INFORM-RETURN-SQL-CODE" pic="X(5)" position="206"/><informReturnModname length="8" level="12" mfname="INFORM-RETURN-MODNAME" pic="X(8)" position="211"/><informReturnTabname length="8" level="12" mfname="INFORM-RETURN-TABNAME" pic="X(8)" position="219"/><informReturnSqlfunc length="8" level="12" mfname="INFORM-RETURN-SQLFUNC" pic="X(8)" position="227"/><informEditReqVerbiage length="1" level="12" mfname="INFORM-EDIT-REQ-VERBIAGE" pic="X(1)" position="235"/><informMqInfo length="40" level="12" mfname="INFORM-MQ-INFO" position="236"><informMqQueId length="6" level="15" mfname="INFORM-MQ-QUE-ID" pic="X(06)" position="236"/><informMqFromAppl length="5" level="15" mfname="INFORM-MQ-FROM-APPL" pic="X(05)" position="242"/><informMqToAppl length="5" level="15" mfname="INFORM-MQ-TO-APPL" pic="X(05)" position="247"/><informMqSendReply length="1" level="15" mfname="INFORM-MQ-SEND-REPLY" pic="X(01)" position="252"/><informMqSendResponse length="1" level="15" mfname="INFORM-MQ-SEND-RESPONSE" pic="X(01)" position="253"/><informMqUpdCust length="1" level="15" mfname="INFORM-MQ-UPD-CUST" pic="X(01)" position="254"/><informMqUpdCustomerNo length="8" level="15" mfname="INFORM-MQ-UPD-CUSTOMER-NO" pic="X(08)" position="255"/><informMqTermId length="5" level="15" mfname="INFORM-MQ-TERM-ID" pic="X(05)" position="263"/><informMqDestination length="2" level="15" mfname="INFORM-MQ-DESTINATION" pic="X(02)" position="268"/><informMqReplyComp length="6" level="15" mfname="INFORM-MQ-REPLY-COMP" pic="X(06)" position="270"/></informMqInfo><informConvertFields length="15" level="12" mfname="INFORM-CONVERT-FIELDS" position="276"><informConvertInd length="1" level="15" mfname="INFORM-CONVERT-IND" pic="X(01)" position="276"/><informConvertAmount isnumber="true" length="11" level="15" mfname="INFORM-CONVERT-AMOUNT" pic="9(11)" position="277"/><informConvertSeqNo isnumber="true" length="3" level="15" mfname="INFORM-CONVERT-SEQ-NO" pic="9(03)" position="288"/></informConvertFields><wsVinfinqzRec length="790" level="12" mfname="WS-VINFINQZ-REC" position="291"><wsInqCorpCd length="6" level="15" mfname="WS-INQ-CORP-CD" pic="X(6)" position="291"/><wsInqInactiveDate length="10" level="15" mfname="WS-INQ-INACTIVE-DATE" pic="X(10)" position="297"/><wsInqInactiveTime length="8" level="15" mfname="WS-INQ-INACTIVE-TIME" pic="X(8)" position="307"/><wsInqCompCd length="6" level="15" mfname="WS-INQ-COMP-CD" pic="X(6)" position="315"/><wsInqDivCd length="6" level="15" mfname="WS-INQ-DIV-CD" pic="X(6)" position="321"/><wsInqDeptCd length="6" level="15" mfname="WS-INQ-DEPT-CD" pic="X(6)" position="327"/><wsInqEmpIdNo length="9" level="15" mfname="WS-INQ-EMP-ID-NO" pic="X(9)" position="333"/><wsInqKeyId length="20" level="15" mfname="WS-INQ-KEY-ID" pic="X(20)" position="342"/><wsInqType length="2" level="15" mfname="WS-INQ-TYPE" pic="X(2)" position="362"/><wsInqLogTimestamp length="26" level="15" mfname="WS-INQ-LOG-TIMESTAMP" pic="X(26)" position="364"/><wsInqAltKeyId length="20" level="15" mfname="WS-INQ-ALT-KEY-ID" pic="X(20)" position="390"/><wsInqCustId length="12" level="15" mfname="WS-INQ-CUST-ID" pic="X(12)" position="410"/><wsInqSevCd length="2" level="15" mfname="WS-INQ-SEV-CD" pic="X(2)" position="422"/><wsInqStatusCd length="2" level="15" mfname="WS-INQ-STATUS-CD" pic="X(2)" position="424"/><wsInqStatusType length="2" level="15" mfname="WS-INQ-STATUS-TYPE" pic="X(2)" position="426"/><wsInqRequestCd length="5" level="15" mfname="WS-INQ-REQUEST-CD" pic="X(5)" position="428"/><wsInqReslCd length="5" level="15" mfname="WS-INQ-RESL-CD" pic="X(5)" position="433"/><wsInqBusType length="5" level="15" mfname="WS-INQ-BUS-TYPE" pic="X(5)" position="438"/><wsInqTypeSystem length="7" level="15" mfname="WS-INQ-TYPE-SYSTEM" pic="X(7)" position="443"/><wsInqCatCd length="3" level="15" mfname="WS-INQ-CAT-CD" pic="X(3)" position="450"/><wsInqSrcCd length="2" level="15" mfname="WS-INQ-SRC-CD" pic="X(2)" position="453"/><wsInqIntExtIndc length="2" level="15" mfname="WS-INQ-INT-EXT-INDC" pic="X(2)" position="455"/><wsInqAdjReasCd length="2" level="15" mfname="WS-INQ-ADJ-REAS-CD" pic="X(2)" position="457"/><wsInqClaimNumber length="17" level="15" mfname="WS-INQ-CLAIM-NUMBER" pic="X(17)" position="459"/><wsInqPvdrNo length="30" level="15" mfname="WS-INQ-PVDR-NO" pic="X(30)" position="476"/><wsInqDocumNo length="15" level="15" mfname="WS-INQ-DOCUM-NO" pic="X(15)" position="506"/><wsInqDocumAppl length="4" level="15" mfname="WS-INQ-DOCUM-APPL" pic="X(4)" position="521"/><wsInqDocumMedia length="1" level="15" mfname="WS-INQ-DOCUM-MEDIA" pic="X(1)" position="525"/><wsInqCorrspName length="30" level="15" mfname="WS-INQ-CORRSP-NAME" pic="X(30)" position="526"/><wsInqCorrRecvDate length="10" level="15" mfname="WS-INQ-CORR-RECV-DATE" pic="X(10)" position="556"/><wsInqEmpRecvDate length="10" level="15" mfname="WS-INQ-EMP-RECV-DATE" pic="X(10)" position="566"/><wsInqLocCd length="3" level="15" mfname="WS-INQ-LOC-CD" pic="X(3)" position="576"/><wsInqLocSentDate length="10" level="15" mfname="WS-INQ-LOC-SENT-DATE" pic="X(10)" position="579"/><wsInqStatusDate length="10" level="15" mfname="WS-INQ-STATUS-DATE" pic="X(10)" position="589"/><wsInqRespDate length="10" level="15" mfname="WS-INQ-RESP-DATE" pic="X(10)" position="599"/><wsInqFollowUpDate length="10" level="15" mfname="WS-INQ-FOLLOW-UP-DATE" pic="X(10)" position="609"/><wsInqPatId length="15" level="15" mfname="WS-INQ-PAT-ID" pic="X(15)" position="619"/><wsInqPatName length="30" level="15" mfname="WS-INQ-PAT-NAME" pic="X(30)" position="634"/><wsInqPatSt length="2" level="15" mfname="WS-INQ-PAT-ST" pic="X(2)" position="664"/><wsInqSexRelshpCd length="2" level="15" mfname="WS-INQ-SEX-RELSHP-CD" pic="X(2)" position="666"/><wsInqReqTransfer length="1" level="15" mfname="WS-INQ-REQ-TRANSFER" pic="X(1)" position="668"/><wsInqReqCorpCd length="6" level="15" mfname="WS-INQ-REQ-CORP-CD" pic="X(6)" position="669"/><wsInqReqCompCd length="6" level="15" mfname="WS-INQ-REQ-COMP-CD" pic="X(6)" position="675"/><wsInqReqDivCd length="6" level="15" mfname="WS-INQ-REQ-DIV-CD" pic="X(6)" position="681"/><wsInqReqDeptCd length="6" level="15" mfname="WS-INQ-REQ-DEPT-CD" pic="X(6)" position="687"/><wsInqReqEmpIdNo length="9" level="15" mfname="WS-INQ-REQ-EMP-ID-NO" pic="X(9)" position="693"/><wsInqChgDate length="10" level="15" mfname="WS-INQ-CHG-DATE" pic="X(10)" position="702"/><wsInqChgTime length="8" level="15" mfname="WS-INQ-CHG-TIME" pic="X(8)" position="712"/><wsInqChgCorpCd length="6" level="15" mfname="WS-INQ-CHG-CORP-CD" pic="X(6)" position="720"/><wsInqChgCompCd length="6" level="15" mfname="WS-INQ-CHG-COMP-CD" pic="X(6)" position="726"/><wsInqChgDivCd length="6" level="15" mfname="WS-INQ-CHG-DIV-CD" pic="X(6)" position="732"/><wsInqChgDeptCd length="6" level="15" mfname="WS-INQ-CHG-DEPT-CD" pic="X(6)" position="738"/><wsInqChgEmpIdNo length="9" level="15" mfname="WS-INQ-CHG-EMP-ID-NO" pic="X(9)" position="744"/><wsInqUserDef1 length="40" level="15" mfname="WS-INQ-USER-DEF-1" pic="X(40)" position="753"/><wsInqUserDefMqAppl length="5" level="15" mfname="WS-INQ-USER-DEF-MQ-APPL" pic="X(5)" position="793"/><wsInqUserDef2 length="2" level="15" mfname="WS-INQ-USER-DEF-2" pic="X(2)" position="798"/><wsInqUserDefLoadAppl length="1" level="15" mfname="WS-INQ-USER-DEF-LOAD-APPL" pic="X(1)" position="800"/><wsInqUserDef3 length="7" level="15" mfname="WS-INQ-USER-DEF-3" pic="X(7)" position="801"/><wsInqUserDefDocfInd length="1" level="15" mfname="WS-INQ-USER-DEF-DOCF-IND" pic="X(1)" position="808"/><wsInqUserDefDocfCom length="1" level="15" mfname="WS-INQ-USER-DEF-DOCF-COM" pic="X(1)" position="809"/><wsInqUserDef4 length="43" level="15" mfname="WS-INQ-USER-DEF-4" pic="X(43)" position="810"/><wsInqAccessKey length="12" level="15" mfname="WS-INQ-ACCESS-KEY" pic="X(12)" position="853"/><wsInqAreaOfAppl length="7" level="15" mfname="WS-INQ-AREA-OF-APPL" pic="X(7)" position="865"/><wsInqCustTeleNo length="20" level="15" mfname="WS-INQ-CUST-TELE-NO" pic="X(20)" position="872"/><wsInqCustCont length="41" level="15" mfname="WS-INQ-CUST-CONT" pic="X(41)" position="892"/><wsInqSpclHndlIndc length="1" level="15" mfname="WS-INQ-SPCL-HNDL-INDC" pic="X(1)" position="933"/><wsInqCusOwner length="25" level="15" mfname="WS-INQ-CUS-OWNER" pic="X(25)" position="934"/><wsInqTftCorp length="6" level="15" mfname="WS-INQ-TFT-CORP" pic="X(6)" position="959"/><wsInqTftComp length="6" level="15" mfname="WS-INQ-TFT-COMP" pic="X(6)" position="965"/><wsInqTftDiv length="6" level="15" mfname="WS-INQ-TFT-DIV" pic="X(6)" position="971"/><wsInqTftDept length="6" level="15" mfname="WS-INQ-TFT-DEPT" pic="X(6)" position="977"/><wsInqTftEmp length="9" level="15" mfname="WS-INQ-TFT-EMP" pic="X(9)" position="983"/><wsInqEligCd length="3" level="15" mfname="WS-INQ-ELIG-CD" pic="X(3)" position="992"/><wsInqZipCode length="9" level="15" mfname="WS-INQ-ZIP-CODE" pic="X(9)" position="995"/><wsInqRpn length="3" level="15" mfname="WS-INQ-RPN" pic="X(3)" position="1004"/><wsInqAmount length="6" level="15" mfname="WS-INQ-AMOUNT" pic="X(6)" position="1007"/><wsInqCusCostCent length="6" level="15" mfname="WS-INQ-CUS-COST-CENT" pic="X(6)" position="1013"/><wsInqCusCompNo length="6" level="15" mfname="WS-INQ-CUS-COMP-NO" pic="X(6)" position="1019"/><wsInqCusClass length="5" level="15" mfname="WS-INQ-CUS-CLASS" pic="X(5)" position="1025"/><wsInqCusNetName length="10" level="15" mfname="WS-INQ-CUS-NET-NAME" pic="X(10)" position="1030"/><wsInqContFirstNam length="15" level="15" mfname="WS-INQ-CONT-FIRST-NAM" pic="X(15)" position="1040"/><wsInqContMidInit length="1" level="15" mfname="WS-INQ-CONT-MID-INIT" pic="X(1)" position="1055"/><wsInqOwnFirstNam length="15" level="15" mfname="WS-INQ-OWN-FIRST-NAM" pic="X(15)" position="1056"/><wsInqOwnMidInit length="1" level="15" mfname="WS-INQ-OWN-MID-INIT" pic="X(1)" position="1071"/><wsInqCusEmpNo length="9" level="15" mfname="WS-INQ-CUS-EMP-NO" pic="X(9)" position="1072"/></wsVinfinqzRec><filler length="1044" level="12" mfname="FILLER" pic="X(1044)" position="1081"/></informMaintenanceRecord></WEB.INFORM.1INQ>