{
	"apiVersion": "v1",
	"kind": "AwsDeploymentConfig",
	"metadata": {
		"name": "AwsDeploymentConfig",
		"description": "AWS Deployment configuration."
	},
	"spec": {
		"steps": [
			{
				"name": "step01 - glue",
				"type": "AWS",
				"command": "glue"
			},
			{
				"name": "step02 - s3",
				"type": "AWS",
				"command": "s3"
			},
			{
				"name": "step03 - ecr",
				"type": "AWS",
				"command": "ecr"
			},
			{
				"name": "step04 - run user script 01",
				"type": "CMD",
				"command": "testspace/my-scripts-folder/testScript01.sh Environment=UCD"
			}
		]
	}
}

