{
	"apiVersion": "v1",
	"kind": "AwsDeploymentConfig",
	"metadata": {
		"name": "AwsDeploymentConfig",
		"description": "AWS Deployment configuration."
	},
	"spec": {
		"steps": [
			{
				"name": "step01 - printout system time",
				"type": "CMD",
				"command": ["date"]
			},
			{
				"name": "step02 - run AWS services deployment group 1",
				"type": "AWS",
				"command": ["glue", "s3", "ecr"]
			},
			{
				"name": "step03 - show who am I.",
				"type": "CMD",
				"command": ["whoami"]
			},
			{
				"name": "step04 - run user script 01",
				"type": "CMD",
				"command": ["testspace/my-scripts-folder/testScript01.sh", "Environment=UCD"]
			},
			{
				"name": "step05 - run AWS services deployment group 2",
				"type": "AWS",
				"command": ["cf"]
			},
			{
				"name": "step06 - run AWS services deployment group 3",
				"type": "AWS",
				"command": ["emr","eb","ecs"]
			},
			{
				"name": "step07 - run user script 02",
				"type": "CMD",
				"command": ["testspace/my-scripts-folder/testScript02.sh", "Environment=UCD"]
			}
		]
	}
}