<?xml version="1.0"?>
<ruleset name="Custom ruleset"
         xmlns="http://pmd.sourceforge.net/ruleset/2.0.0"
         xmlns:xsi="http://www.w3.org/2001/XMLSchema-instance"
         xsi:schemaLocation="http://pmd.sourceforge.net/ruleset/2.0.0 http://pmd.sourceforge.net/ruleset_2_0_0.xsd">

  <description>
    This is the standard BlueCross BlueShield of South Carolina rule set. Changes to this rule set need
    to come through the Non-Host Application Development (ISSC.NH.APPS@bcbssc.com) and Non-Host SCM
    (ISSC.SCM@bcbssc.com) I/S Standards Committees.
  </description>

  <rule ref="rulesets/java/strings.xml">
    <!-- 2016-07-27 - ConsecutiveLiteralAppends conflicts with ConsecutiveAppendsShouldReuse - Disabled -->
    <exclude name="ConsecutiveLiteralAppends"/>
  </rule>

  <rule ref="rulesets/java/imports.xml/DuplicateImports"/>

  <rule ref="rulesets/java/unnecessary.xml/UnnecessaryConversionTemporary"/>
  <rule ref="rulesets/java/empty.xml/EmptyCatchBlock" message="Exceptions should be handled. Please verify this code.">
    <!-- 2016-07-27 - Priority 3 means "Change recommended. Behavior is confusing, perhaps buggy, and/or against standards/best practices." -->
    <priority>3</priority>
  </rule>

  <!-- 2016-07-27 - Enabled all of the J2EE rules -->
  <rule ref="rulesets/java/j2ee.xml"/>

  <!-- 2016-08-03 - Enabled JUnit rules -->
  <rule ref="rulesets/java/junit.xml">
    <exclude name="JUnitTestContainsTooManyAsserts"/>
  </rule>

  <!-- 2016-08-03 - overwrite the maximum asserts to 5 -->
  <rule ref="rulesets/java/junit.xml/JUnitTestContainsTooManyAsserts">
    <properties>
      <property name="maximumAsserts" value="5"/>
    </properties>
  </rule>

  <!-- 2016-08-03 - turn on jakarta logging rules -->
  <rule ref="rulesets/java/logging-jakarta-commons.xml">
    <!-- 2016-08-03 - disable the ProperLogger rule because it also checks the logger variable and cannot be regexed -->
    <exclude name="ProperLogger"/>
    <!-- The GuardLogStatement is excluded from the global rules so it can be specified below -->
    <exclude name="GuardLogStatement"/>
    <!-- Exclude the GuardDebugLogging rule to prevent duplicate findings with the GuardLogStatement rule -->
    <exclude name="GuardDebugLogging"/>
  </rule>

  <!-- 2016-08-03 - setup the guards for the GuardLogStatement rule to trace, debug, and info -->
  <rule ref="rulesets/java/logging-jakarta-commons.xml/GuardLogStatement" message="All logger statments at info or lower should be wrapped by the appropriate guard statement">
    <properties>
      <property name="logLevels" value="trace,debug"/>
      <property name="guardsMethods" value="isTraceEnabled,isDebugEnabled"/>
    </properties>
  </rule>

  <!-- 2016-08-03 - turn on java logging rules -->
  <rule ref="rulesets/java/logging-java.xml">
    <!-- The GuardLogStatementJavaUtil rule is excluded from the global rules so it can be specified below -->
    <exclude name="GuardLogStatementJavaUtil"/>
  </rule>

  <!-- note: the logging-java.xml/GuardLogStatementJavaUtil will pick up jakarta info logger statements.
       The logging-jakarta-commons.xml/GuardLogStatement will also pick up java info logger statements.
       This can create duplicate findings when logging at info is used in an application. To attempt to
       prevent the duplication, info has been turned off for Jakarta logging. However, false-positives
       will happen when jakarta logging is used at the info level. -->

  <!-- 2016-08-03 - setup the guards for the GuardLogStatementJavaUtil rule to finest, finer, fine, and info -->
  <rule ref="rulesets/java/logging-java.xml/GuardLogStatementJavaUtil" message="All logger statments at info or lower should be wrapped by the appropriate guard statement">
    <properties>
      <property name="logLevels" value="finest,finer,fine,info"/>
    </properties>
  </rule>

  <!-- 2016-08-03 - turn on UseArrayListInsteadOfVector rule -->
  <rule ref="rulesets/java/optimizations.xml/UseArrayListInsteadOfVector"/>

  <!-- 2016-08-03 - turn on UseStringBufferForStringAppends rule -->
  <rule ref="rulesets/java/optimizations.xml/UseStringBufferForStringAppends" message="Prefer StringBuilder over += for concatenating strings"/>

  <!-- 2016-08-03 - turn on UseArraysAsList rule -->
  <rule ref="rulesets/java/optimizations.xml/UseArraysAsList"/>

  <!-- 2016-08-03 - turn on AvoidArrayLoops rule -->
  <rule ref="rulesets/java/optimizations.xml/AvoidArrayLoops"/>

  <!-- 2016-08-03 - turn on UnnecessaryWrapperObjectCreation rule -->
  <rule ref="rulesets/java/optimizations.xml/UnnecessaryWrapperObjectCreation"/>

  <!-- 2016-08-03 - turn on AddEmptyString rule -->
  <rule ref="rulesets/java/optimizations.xml/AddEmptyString"/>

  <!-- 2016-08-03 - turn on PrematureDeclaration rule -->
  <rule ref="rulesets/java/optimizations.xml/PrematureDeclaration"/>

  <!-- 2016-08-17 - turn on java bean rules -->
  <rule ref="rulesets/java/javabeans.xml">
    <!-- 2016-09-07 - turn off the BeanMembersShouldSerialize because the rule checks more than just bean classes -->
    <exclude name="BeanMembersShouldSerialize"/>
  </rule>

  <!-- 2016-08-17 - turn on most of the naming rules. Here is a list of rules to be turned off and why:
        * LongVariable – We have not found a situation where a variable name was so long where it made
            the code hard to read.
        * VariableNamingConventions – This rule is extremely generic and we generally do not have any
            rules on the naming of variables.
        * MethodNamingConventions – This rule is (or should be) covered by CheckStyle
        * ClassNamingConventions – This rule is (or should be) covered by CheckStyle
        * AbstractNaming – This is not a rule we’ve ever adhered to and we see no benefit
        * GenericsNaming – When we have a lot of defined generics, the single letter rule can make the
            code confusing to understand
  -->
  <rule ref="rulesets/java/naming.xml">
    <exclude name="LongVariable"/>
    <exclude name="VariableNamingConventions"/>
    <exclude name="MethodNamingConventions"/>
    <exclude name="ClassNamingConventions"/>
    <exclude name="AbstractNaming"/>
    <exclude name="GenericsNaming"/>
  </rule>

  <!-- 2016-08-17 - turn on unused code rules -->
  <rule ref="rulesets/java/unusedcode.xml">
    <!-- 2016-08-17 - turn off UnusedModifier because it doesn't cause runtime efficiencies and provides a
         clearer understanding of the code -->
    <exclude name="UnusedModifier"/>
  </rule>

  <!-- 2016-09-07 - turn on all of the Clone Implementation rules except CloneMethodMustImplementCloneable because it is
       in the Type Resolution rules -->
  <rule ref="rulesets/java/clone.xml">
    <exclude name="CloneMethodMustImplementCloneable"/>
  </rule>

  <!-- 2016-09-07 - turn on all of the type resolution rules -->
  <rule ref="rulesets/java/typeresolution.xml">
    <!-- this one is excluded so it can be configured below -->
    <exclude name="SignatureDeclareThrowsException"/>
  </rule>

  <!-- 2016-09-07 - configure the SignatureDeclareThrowsException rule to always ignore JUnit tests -->
  <rule ref="rulesets/java/typeresolution.xml/SignatureDeclareThrowsException">
    <properties>
      <property name="IgnoreJUnitCompletely" value="true"/>
    </properties>
  </rule>

  <!-- 2016-09-07 - turn on all finalizer rules -->
  <rule ref="rulesets/java/finalizers.xml"/>

  <!-- 2016-09-07 - turn on all migrating rules -->
  <rule ref="rulesets/java/migrating.xml"/>

  <!-- 2016-09-22 - turn on most of the strict exception rules -->
  <rule ref="rulesets/java/strictexception.xml">
    <!-- disable SignatureDeclareThrowsException because it is already enabled by Type Resolution -->
    <exclude name="SignatureDeclareThrowsException"/>
  </rule>

  <!-- 2016-09-22 - turn on select rules from code size -->
  <rule ref="rulesets/java/codesize.xml/ExcessiveParameterList"/>
  <rule ref="rulesets/java/codesize.xml/CyclomaticComplexity">
    <properties>
      <!-- 2016-07-27 - Most mapping code will have high cyclomatic complexity. Setting level to 10 to limit reporting -->
      <property name="reportLevel" value="10"/>
    </properties>
    <!-- 2016-07-27 - Priority 5 means "Change highly optional. Nice to have." -->
    <priority>5</priority>
  </rule>

  <!-- 2016-10-19 - turn on most of the controversial rules -->
  <rule ref="rulesets/java/controversial.xml">
    <exclude name="AtLeastOneConstructor"/>
    <exclude name="CallSuperInConstructor"/>
    <exclude name="UnnecessaryParentheses"/> <!-- this should be a checkstyle check -->
    <exclude name="BooleanInversion"/>
    <exclude name="DataflowAnomalyAnalysis"/>
    <exclude name="AvoidFinalLocalVariable"/>
    <exclude name="OneDeclarationPerLine"/> <!-- this should be a checkstyle check -->
    <exclude name="UseObjectForClearerAPI"/>
  </rule>

  <!-- 2017-02-08 - turn on most of the design rules -->
  <rule ref="rulesets/java/design.xml/UseUtilityClass"/>
  <rule ref="rulesets/java/design.xml/SimplifyBooleanReturns"/>
  <rule ref="rulesets/java/design.xml/SimplifyBooleanExpressions"/>
  <rule ref="rulesets/java/design.xml/SwitchStmtsShouldHaveDefault"/>
  <rule ref="rulesets/java/design.xml/AvoidDeeplyNestedIfStmts"/>
  <rule ref="rulesets/java/design.xml/AvoidReassigningParameters"/>
  <rule ref="rulesets/java/design.xml/SwitchDensity"/>
  <rule ref="rulesets/java/design.xml/ConstructorCallsOverridableMethod"/>
  <rule ref="rulesets/java/design.xml/AccessorClassGeneration"/>
  <rule ref="rulesets/java/design.xml/FinalFieldCouldBeStatic"/>
  <rule ref="rulesets/java/design.xml/CloseResource"/>
  <rule ref="rulesets/java/design.xml/NonStaticInitializer"/>
  <rule ref="rulesets/java/design.xml/DefaultLabelNotLastInSwitchStmt"/>
  <rule ref="rulesets/java/design.xml/NonCaseLabelInSwitchStatement"/>
  <rule ref="rulesets/java/design.xml/OptimizableToArrayCall"/>
  <rule ref="rulesets/java/design.xml/BadComparison"/>
  <rule ref="rulesets/java/design.xml/EqualsNull"/>
  <rule ref="rulesets/java/design.xml/ConfusingTernary"/>
  <rule ref="rulesets/java/design.xml/InstantiationToGetClass"/>
  <rule ref="rulesets/java/design.xml/IdempotentOperations"/>
  <!-- 2017-02-08 - disabled because we don't use locale for most of our applications -->
  <!-- <rule ref="rulesets/java/design.xml/SimpleDateFormatNeedsLocale"/> -->
  <rule ref="rulesets/java/design.xml/ImmutableField"/>
  <!-- 2017-02-08 - disabled because we don't use locale for most of our applications -->
  <!-- <rule ref="rulesets/java/design.xml/UseLocaleWithCaseConversions"/> -->
  <rule ref="rulesets/java/design.xml/AvoidProtectedFieldInFinalClass"/>
  <rule ref="rulesets/java/design.xml/AssignmentToNonFinalStatic"/>
  <rule ref="rulesets/java/design.xml/MissingStaticMethodInNonInstantiatableClass"/>
  <rule ref="rulesets/java/design.xml/AvoidSynchronizedAtMethodLevel"/>
  <rule ref="rulesets/java/design.xml/MissingBreakInSwitch"/>
  <rule ref="rulesets/java/design.xml/UseNotifyAllInsteadOfNotify"/>
  <rule ref="rulesets/java/design.xml/AvoidInstanceofChecksInCatchClause"/>
  <rule ref="rulesets/java/design.xml/AbstractClassWithoutAbstractMethod"/>
  <rule ref="rulesets/java/design.xml/SimplifyConditional"/>
  <rule ref="rulesets/java/design.xml/CompareObjectsWithEquals"/>
  <rule ref="rulesets/java/design.xml/PositionLiteralsFirstInComparisons"/>
  <rule ref="rulesets/java/design.xml/PositionLiteralsFirstInCaseInsensitiveComparisons"/>
  <rule ref="rulesets/java/design.xml/UnnecessaryLocalBeforeReturn"/>
  <rule ref="rulesets/java/design.xml/NonThreadSafeSingleton"/>
  <rule ref="rulesets/java/design.xml/UncommentedEmptyMethod"/>
  <rule ref="rulesets/java/design.xml/UncommentedEmptyConstructor"/>
  <rule ref="rulesets/java/design.xml/AvoidConstantsInterface"/>
  <rule ref="rulesets/java/design.xml/UnsynchronizedStaticDateFormatter"/>
  <rule ref="rulesets/java/design.xml/PreserveStackTrace"/>
  <rule ref="rulesets/java/design.xml/UseCollectionIsEmpty"/>
  <rule ref="rulesets/java/design.xml/ClassWithOnlyPrivateConstructorsShouldBeFinal"/>
  <rule ref="rulesets/java/design.xml/EmptyMethodInAbstractClassShouldBeAbstract"/>
  <rule ref="rulesets/java/design.xml/SingularField"/>
  <rule ref="rulesets/java/design.xml/ReturnEmptyArrayRatherThanNull"/>
  <rule ref="rulesets/java/design.xml/AbstractClassWithoutAnyMethod"/>
  <rule ref="rulesets/java/design.xml/TooFewBranchesForASwitchStatement"/>
  <rule ref="rulesets/java/design.xml/LogicInversion"/>
  <!-- 2017-02-08 - disabled because this doesn't provide any value -->
  <!-- <rule ref="rulesets/java/design.xml/UseVarargs"/> -->
  <rule ref="rulesets/java/design.xml/FieldDeclarationsShouldBeAtStartOfClass"/>
  <rule ref="rulesets/java/design.xml/GodClass"/>
  <rule ref="rulesets/java/design.xml/AvoidProtectedMethodInFinalClassNotExtending"/>

  <!-- The following rule sets have been disabled by the committee
       2016-07-27 - Braces - Most of these rules should be handled by CheckStyle. Might need to revisit these rules
                             after CheckStyle is reviewed.
       2016-08-17 - Comments - Most of these rules should be handled by CheckStyle. Might need to revisit these rules
                               after CheckStyle is reviewed.
       2016-09-07 - Security Code - While these rules may be valid, turning them on would result in a lot of findings.
                                    Need to revisit this after the report is updated to show level or filter.
       2016-09-07 - Coupling - While these rules may be valid, turning them on would result in a lot of findings. Need
                               to revisit this after the report is updated to show level or filter.
  -->
  <!--
    <rule ref="rulesets/java/braces.xml"/>
    <rule ref="rulesets/java/comments.xml"/>
    <rule ref="rulesets/java/sunsecure.xml"/>
    <rule ref="rulesets/java/coupling.xml"/>
  -->

</ruleset>