<?xml version="1.0" encoding="UTF-8"?><java-wsdl-mapping version="1.1" xmlns="http://java.sun.com/xml/ns/j2ee" xmlns:xsi="http://www.w3.org/2001/XMLSchema-instance" xsi:schemaLocation="http://java.sun.com/xml/ns/j2ee http://www.ibm.com/webservices/xsd/j2ee_jaxrpc_mapping_1_1.xsd">
    <package-mapping>
        <package-type>com.microfocus.cmpgen</package-type>
        <namespaceURI>http://cmpgen.microfocus.com</namespaceURI>
    </package-mapping>
    <package-mapping>
        <package-type>com.bcbssc.services.billingaccountaddressinfo</package-type>
        <namespaceURI>http://BillingAccountAddressInfo.PIRST102EJB.commercial.bcbssc.com</namespaceURI>
    </package-mapping>
    <java-xml-type-mapping>
        <java-type>com.bcbssc.services.billingaccountaddressinfo.BillingAccountAddressInfoBillAccountAddressInfo[]</java-type>
        <root-type-qname xmlns:rtq="http://BillingAccountAddressInfo.PIRST102EJB.commercial.bcbssc.com">rtq:ArrayOfBillingAccountAddressInfoBillAccountAddressInfo</root-type-qname>
        <qname-scope>complexType</qname-scope>
        <variable-mapping>
            <java-variable-name>billingAccountAddressInfoBillAccountAddressInfo</java-variable-name>
            <xml-element-name>BillingAccountAddressInfoBillAccountAddressInfo</xml-element-name>
        </variable-mapping>
    </java-xml-type-mapping>
    <java-xml-type-mapping>
        <java-type>com.bcbssc.services.billingaccountaddressinfo.BillingAccountAddressInfoInput</java-type>
        <root-type-qname xmlns:rtq="http://BillingAccountAddressInfo.PIRST102EJB.commercial.bcbssc.com">rtq:BillingAccountAddressInfoInput</root-type-qname>
        <qname-scope>complexType</qname-scope>
        <variable-mapping>
            <java-variable-name>billInfoNumberRequested</java-variable-name>
            <xml-element-name>billInfoNumberRequested</xml-element-name>
        </variable-mapping>
        <variable-mapping>
            <java-variable-name>addressTypeCode</java-variable-name>
            <xml-element-name>addressTypeCode</xml-element-name>
        </variable-mapping>
        <variable-mapping>
            <java-variable-name>hostID</java-variable-name>
            <xml-element-name>hostID</xml-element-name>
        </variable-mapping>
        <variable-mapping>
            <java-variable-name>hostPassword</java-variable-name>
            <xml-element-name>hostPassword</xml-element-name>
        </variable-mapping>
        <variable-mapping>
            <java-variable-name>toEscapeChar</java-variable-name>
            <xml-element-name>toEscapeChar</xml-element-name>
        </variable-mapping>
        <variable-mapping>
            <java-variable-name>MWIConfig</java-variable-name>
            <xml-element-name>MWIConfig</xml-element-name>
        </variable-mapping>
        <variable-mapping>
            <java-variable-name>applTrace</java-variable-name>
            <xml-element-name>applTrace</xml-element-name>
        </variable-mapping>
    </java-xml-type-mapping>
    <java-xml-type-mapping>
        <java-type>java.lang.String</java-type>
        <root-type-qname xmlns:rtq="http://www.w3.org/2001/XMLSchema">rtq:string</root-type-qname>
        <qname-scope>simpleType</qname-scope>
    </java-xml-type-mapping>
    <java-xml-type-mapping>
        <java-type>com.bcbssc.services.billingaccountaddressinfo.BillingAccountAddressInfoOutput</java-type>
        <root-type-qname xmlns:rtq="http://BillingAccountAddressInfo.PIRST102EJB.commercial.bcbssc.com">rtq:BillingAccountAddressInfoOutput</root-type-qname>
        <qname-scope>complexType</qname-scope>
        <variable-mapping>
            <java-variable-name>applicationMessage</java-variable-name>
            <xml-element-name>applicationMessage</xml-element-name>
        </variable-mapping>
        <variable-mapping>
            <java-variable-name>serviceMessage</java-variable-name>
            <xml-element-name>serviceMessage</xml-element-name>
        </variable-mapping>
        <variable-mapping>
            <java-variable-name>serviceMessageCode</java-variable-name>
            <xml-element-name>serviceMessageCode</xml-element-name>
        </variable-mapping>
        <variable-mapping>
            <java-variable-name>systemMessage</java-variable-name>
            <xml-element-name>systemMessage</xml-element-name>
        </variable-mapping>
        <variable-mapping>
            <java-variable-name>billAccountAddressInfo</java-variable-name>
            <xml-element-name>billAccountAddressInfo</xml-element-name>
        </variable-mapping>
        <variable-mapping>
            <java-variable-name>ebizReplyAbendcode</java-variable-name>
            <xml-element-name>ebizReplyAbendcode</xml-element-name>
        </variable-mapping>
        <variable-mapping>
            <java-variable-name>ebizReplyStatus</java-variable-name>
            <xml-element-name>ebizReplyStatus</xml-element-name>
        </variable-mapping>
        <variable-mapping>
            <java-variable-name>ebizReplyStatusMessage</java-variable-name>
            <xml-element-name>ebizReplyStatusMessage</xml-element-name>
        </variable-mapping>
    </java-xml-type-mapping>
    <java-xml-type-mapping>
        <java-type>com.bcbssc.services.billingaccountaddressinfo.BillingAccountAddressInfoBillAccountAddressInfo</java-type>
        <root-type-qname xmlns:rtq="http://BillingAccountAddressInfo.PIRST102EJB.commercial.bcbssc.com">rtq:BillingAccountAddressInfoBillAccountAddressInfo</root-type-qname>
        <qname-scope>complexType</qname-scope>
        <variable-mapping>
            <java-variable-name>rpn</java-variable-name>
            <xml-element-name>rpn</xml-element-name>
        </variable-mapping>
        <variable-mapping>
            <java-variable-name>rpnDescription</java-variable-name>
            <xml-element-name>rpnDescription</xml-element-name>
        </variable-mapping>
        <variable-mapping>
            <java-variable-name>billInfoNumber</java-variable-name>
            <xml-element-name>billInfoNumber</xml-element-name>
        </variable-mapping>
        <variable-mapping>
            <java-variable-name>billingAddressTypeCode</java-variable-name>
            <xml-element-name>billingAddressTypeCode</xml-element-name>
        </variable-mapping>
        <variable-mapping>
            <java-variable-name>billingAddressTypeCodeDesc</java-variable-name>
            <xml-element-name>billingAddressTypeCodeDesc</xml-element-name>
        </variable-mapping>
        <variable-mapping>
            <java-variable-name>clientNumber</java-variable-name>
            <xml-element-name>clientNumber</xml-element-name>
        </variable-mapping>
        <variable-mapping>
            <java-variable-name>clientName</java-variable-name>
            <xml-element-name>clientName</xml-element-name>
        </variable-mapping>
        <variable-mapping>
            <java-variable-name>billingAddressRecordBeginDate</java-variable-name>
            <xml-element-name>billingAddressRecordBeginDate</xml-element-name>
        </variable-mapping>
        <variable-mapping>
            <java-variable-name>billingAddressRecordTermDate</java-variable-name>
            <xml-element-name>billingAddressRecordTermDate</xml-element-name>
        </variable-mapping>
        <variable-mapping>
            <java-variable-name>billingAddressName</java-variable-name>
            <xml-element-name>billingAddressName</xml-element-name>
        </variable-mapping>
        <variable-mapping>
            <java-variable-name>billingAddressContactName</java-variable-name>
            <xml-element-name>billingAddressContactName</xml-element-name>
        </variable-mapping>
        <variable-mapping>
            <java-variable-name>billingAddressLine1</java-variable-name>
            <xml-element-name>billingAddressLine1</xml-element-name>
        </variable-mapping>
        <variable-mapping>
            <java-variable-name>billingAddressLine2</java-variable-name>
            <xml-element-name>billingAddressLine2</xml-element-name>
        </variable-mapping>
        <variable-mapping>
            <java-variable-name>billingAddressCity</java-variable-name>
            <xml-element-name>billingAddressCity</xml-element-name>
        </variable-mapping>
        <variable-mapping>
            <java-variable-name>billingAddressStateCode</java-variable-name>
            <xml-element-name>billingAddressStateCode</xml-element-name>
        </variable-mapping>
        <variable-mapping>
            <java-variable-name>billingAddressZipCode</java-variable-name>
            <xml-element-name>billingAddressZipCode</xml-element-name>
        </variable-mapping>
        <variable-mapping>
            <java-variable-name>billingAddressZipCodePlus4</java-variable-name>
            <xml-element-name>billingAddressZipCodePlus4</xml-element-name>
        </variable-mapping>
        <variable-mapping>
            <java-variable-name>billingAreaCode</java-variable-name>
            <xml-element-name>billingAreaCode</xml-element-name>
        </variable-mapping>
        <variable-mapping>
            <java-variable-name>billingPhoneNumber</java-variable-name>
            <xml-element-name>billingPhoneNumber</xml-element-name>
        </variable-mapping>
        <variable-mapping>
            <java-variable-name>billingPhoneExtensionNumber</java-variable-name>
            <xml-element-name>billingPhoneExtensionNumber</xml-element-name>
        </variable-mapping>
        <variable-mapping>
            <java-variable-name>billingFaxNumberAreaCode</java-variable-name>
            <xml-element-name>billingFaxNumberAreaCode</xml-element-name>
        </variable-mapping>
        <variable-mapping>
            <java-variable-name>billingFaxNumber</java-variable-name>
            <xml-element-name>billingFaxNumber</xml-element-name>
        </variable-mapping>
        <variable-mapping>
            <java-variable-name>billingEmailAddress</java-variable-name>
            <xml-element-name>billingEmailAddress</xml-element-name>
        </variable-mapping>
        <variable-mapping>
            <java-variable-name>billingNotesLine1</java-variable-name>
            <xml-element-name>billingNotesLine1</xml-element-name>
        </variable-mapping>
        <variable-mapping>
            <java-variable-name>billingNotesLine2</java-variable-name>
            <xml-element-name>billingNotesLine2</xml-element-name>
        </variable-mapping>
        <variable-mapping>
            <java-variable-name>billingNotesLine3</java-variable-name>
            <xml-element-name>billingNotesLine3</xml-element-name>
        </variable-mapping>
        <variable-mapping>
            <java-variable-name>billingNotesLine4</java-variable-name>
            <xml-element-name>billingNotesLine4</xml-element-name>
        </variable-mapping>
        <variable-mapping>
            <java-variable-name>lastOperatorTransactionId</java-variable-name>
            <xml-element-name>lastOperatorTransactionId</xml-element-name>
        </variable-mapping>
        <variable-mapping>
            <java-variable-name>lastOperatorName</java-variable-name>
            <xml-element-name>lastOperatorName</xml-element-name>
        </variable-mapping>
        <variable-mapping>
            <java-variable-name>lastTransactionDate</java-variable-name>
            <xml-element-name>lastTransactionDate</xml-element-name>
        </variable-mapping>
    </java-xml-type-mapping>
    <java-xml-type-mapping>
        <java-type>int</java-type>
        <root-type-qname xmlns:rtq="http://www.w3.org/2001/XMLSchema">rtq:int</root-type-qname>
        <qname-scope>simpleType</qname-scope>
    </java-xml-type-mapping>
    <java-xml-type-mapping>
        <java-type>boolean</java-type>
        <root-type-qname xmlns:rtq="http://www.w3.org/2001/XMLSchema">rtq:boolean</root-type-qname>
        <qname-scope>simpleType</qname-scope>
    </java-xml-type-mapping>
    <java-xml-type-mapping>
        <java-type>com.microfocus.cmpgen.EbizException</java-type>
        <root-type-qname xmlns:rtq="http://cmpgen.microfocus.com">rtq:EbizException</root-type-qname>
        <qname-scope>complexType</qname-scope>
        <variable-mapping>
            <java-variable-name>message</java-variable-name>
            <xml-element-name>message</xml-element-name>
        </variable-mapping>
    </java-xml-type-mapping>
    <java-xml-type-mapping>
        <java-type>com.microfocus.cmpgen.EbizException</java-type>
        <root-type-qname xmlns:rtq="http://cmpgen.microfocus.com">rtq:EbizException</root-type-qname>
        <qname-scope>element</qname-scope>
    </java-xml-type-mapping>
    <java-xml-type-mapping>
        <java-type>com.bcbssc.services.billingaccountaddressinfo.BillingAccountAddressInfoBillAccountAddressInfo[]</java-type>
        <anonymous-type-qname>http://BillingAccountAddressInfo.PIRST102EJB.commercial.bcbssc.com:BillingAccountAddressInfoBillAccountAddressInfo[0,unbounded]</anonymous-type-qname>
        <qname-scope>complexType</qname-scope>
    </java-xml-type-mapping>
    <java-xml-type-mapping>
        <java-type>com.bcbssc.services.billingaccountaddressinfo.BillingAccountAddressInfoBillAccountAddressInfo[]</java-type>
        <anonymous-type-qname>http://BillingAccountAddressInfo.PIRST102EJB.commercial.bcbssc.com:ArrayOfBillingAccountAddressInfoBillAccountAddressInfo&gt;BillingAccountAddressInfoBillAccountAddressInfo[0,unbounded]</anonymous-type-qname>
        <qname-scope>complexType</qname-scope>
    </java-xml-type-mapping>
    <exception-mapping>
        <exception-type>com.microfocus.cmpgen.EbizException</exception-type>
        <wsdl-message xmlns:em="http://BillingAccountAddressInfo.PIRST102EJB.commercial.bcbssc.com">em:EbizException</wsdl-message>
        <constructor-parameter-order>
            <element-name>message</element-name>
        </constructor-parameter-order>
    </exception-mapping>
    <service-interface-mapping>
        <service-interface>com.bcbssc.services.billingaccountaddressinfo.BillingAccountAddressInfoServiceService</service-interface>
        <wsdl-service-name xmlns:sim="http://BillingAccountAddressInfo.PIRST102EJB.commercial.bcbssc.com">sim:BillingAccountAddressInfoServiceService</wsdl-service-name>
        <port-mapping>
            <port-name>BillingAccountAddressInfo</port-name>
            <java-port-name>BillingAccountAddressInfo</java-port-name>
        </port-mapping>
    </service-interface-mapping>
    <service-endpoint-interface-mapping>
        <service-endpoint-interface>com.bcbssc.services.billingaccountaddressinfo.BillingAccountAddressInfoService</service-endpoint-interface>
        <wsdl-port-type xmlns:seimwpt="http://BillingAccountAddressInfo.PIRST102EJB.commercial.bcbssc.com">seimwpt:BillingAccountAddressInfoService</wsdl-port-type>
        <wsdl-binding xmlns:seimwb="http://BillingAccountAddressInfo.PIRST102EJB.commercial.bcbssc.com">seimwb:BillingAccountAddressInfoSoapBinding</wsdl-binding>
        <service-endpoint-method-mapping>
            <java-method-name>getBillingAccountAddressInfo</java-method-name>
            <wsdl-operation>getBillingAccountAddressInfo</wsdl-operation>
            <wrapped-element/>
            <method-param-parts-mapping>
                <param-position>0</param-position>
                <param-type>com.bcbssc.services.billingaccountaddressinfo.BillingAccountAddressInfoInput</param-type>
                <wsdl-message-mapping>
                    <wsdl-message xmlns:mppm="http://BillingAccountAddressInfo.PIRST102EJB.commercial.bcbssc.com">mppm:getBillingAccountAddressInfoRequest</wsdl-message>
                    <wsdl-message-part-name>arg_0_0</wsdl-message-part-name>
                    <parameter-mode>IN</parameter-mode>
                </wsdl-message-mapping>
            </method-param-parts-mapping>
            <wsdl-return-value-mapping>
                <method-return-value>com.bcbssc.services.billingaccountaddressinfo.BillingAccountAddressInfoOutput</method-return-value>
                <wsdl-message xmlns:wrvm="http://BillingAccountAddressInfo.PIRST102EJB.commercial.bcbssc.com">wrvm:getBillingAccountAddressInfoResponse</wsdl-message>
                <wsdl-message-part-name>getBillingAccountAddressInfoReturn</wsdl-message-part-name>
            </wsdl-return-value-mapping>
        </service-endpoint-method-mapping>
    </service-endpoint-interface-mapping>
</java-wsdl-mapping>