<?xml version="1.0" encoding="UTF-8"?>
<java-wsdl-mapping xmlns="http://java.sun.com/xml/ns/j2ee" xmlns:xsi="http://www.w3.org/2001/XMLSchema-instance" version="1.1" xsi:schemaLocation="http://java.sun.com/xml/ns/j2ee http://www.ibm.com/webservices/xsd/j2ee_jaxrpc_mapping_1_1.xsd">
    <package-mapping>
        <package-type>com.microfocus.cmpgen</package-type>
        <namespaceURI>http://cmpgen.microfocus.com</namespaceURI>
    </package-mapping>
    <package-mapping>
        <package-type>com.bcbssc.services.policyadminarhistory</package-type>
        <namespaceURI>http://PolicyAdminARHistory.FSSMT101EJB.commercial.bcbssc.com</namespaceURI>
    </package-mapping>
    <java-xml-type-mapping>
        <java-type>org.w3c.dom.Element</java-type>
        <root-type-qname xmlns:rtq="http://xml.apache.org/xml-soap">rtq:Element</root-type-qname>
        <qname-scope>complexType</qname-scope>
    </java-xml-type-mapping>
    <java-xml-type-mapping>
        <java-type>com.bcbssc.services.policyadminarhistory.PolicyAdminARHistoryOutput</java-type>
        <root-type-qname xmlns:rtq="http://PolicyAdminARHistory.FSSMT101EJB.commercial.bcbssc.com">rtq:PolicyAdminARHistoryOutput</root-type-qname>
        <qname-scope>complexType</qname-scope>
        <variable-mapping>
            <java-variable-name>applicationMessage</java-variable-name>
            <xml-element-name>applicationMessage</xml-element-name>
        </variable-mapping>
        <variable-mapping>
            <java-variable-name>serviceMessage</java-variable-name>
            <xml-element-name>serviceMessage</xml-element-name>
        </variable-mapping>
        <variable-mapping>
            <java-variable-name>serviceMessageCode</java-variable-name>
            <xml-element-name>serviceMessageCode</xml-element-name>
        </variable-mapping>
        <variable-mapping>
            <java-variable-name>systemMessage</java-variable-name>
            <xml-element-name>systemMessage</xml-element-name>
        </variable-mapping>
        <variable-mapping>
            <java-variable-name>rpnDescription</java-variable-name>
            <xml-element-name>rpnDescription</xml-element-name>
        </variable-mapping>
        <variable-mapping>
            <java-variable-name>asOfDate</java-variable-name>
            <xml-element-name>asOfDate</xml-element-name>
        </variable-mapping>
        <variable-mapping>
            <java-variable-name>masterArName</java-variable-name>
            <xml-element-name>masterArName</xml-element-name>
        </variable-mapping>
        <variable-mapping>
            <java-variable-name>clientNumber</java-variable-name>
            <xml-element-name>clientNumber</xml-element-name>
        </variable-mapping>
        <variable-mapping>
            <java-variable-name>subscriberId</java-variable-name>
            <xml-element-name>subscriberId</xml-element-name>
        </variable-mapping>
        <variable-mapping>
            <java-variable-name>marketSegment</java-variable-name>
            <xml-element-name>marketSegment</xml-element-name>
        </variable-mapping>
        <variable-mapping>
            <java-variable-name>accountReceivable</java-variable-name>
            <xml-element-name>accountReceivable</xml-element-name>
        </variable-mapping>
        <variable-mapping>
            <java-variable-name>moreDataIndicator</java-variable-name>
            <xml-element-name>moreDataIndicator</xml-element-name>
        </variable-mapping>
        <variable-mapping>
            <java-variable-name>ebizReplyAbendcode</java-variable-name>
            <xml-element-name>ebizReplyAbendcode</xml-element-name>
        </variable-mapping>
        <variable-mapping>
            <java-variable-name>ebizReplyStatus</java-variable-name>
            <xml-element-name>ebizReplyStatus</xml-element-name>
        </variable-mapping>
        <variable-mapping>
            <java-variable-name>ebizReplyStatusMessage</java-variable-name>
            <xml-element-name>ebizReplyStatusMessage</xml-element-name>
        </variable-mapping>
    </java-xml-type-mapping>
    <java-xml-type-mapping>
        <java-type>javax.xml.soap.SOAPElement</java-type>
        <root-type-qname xmlns:rtq="http://websphere.ibm.com/webservices/">rtq:SOAPElement</root-type-qname>
        <qname-scope>complexType</qname-scope>
    </java-xml-type-mapping>
    <java-xml-type-mapping>
        <java-type>com.bcbssc.services.policyadminarhistory.PolicyAdminARHistoryInput</java-type>
        <root-type-qname xmlns:rtq="http://PolicyAdminARHistory.FSSMT101EJB.commercial.bcbssc.com">rtq:PolicyAdminARHistoryInput</root-type-qname>
        <qname-scope>complexType</qname-scope>
        <variable-mapping>
            <java-variable-name>masterArNumber</java-variable-name>
            <xml-element-name>masterArNumber</xml-element-name>
        </variable-mapping>
        <variable-mapping>
            <java-variable-name>rpn</java-variable-name>
            <xml-element-name>rpn</xml-element-name>
        </variable-mapping>
        <variable-mapping>
            <java-variable-name>asOfDateRequested</java-variable-name>
            <xml-element-name>asOfDateRequested</xml-element-name>
        </variable-mapping>
        <variable-mapping>
            <java-variable-name>hostID</java-variable-name>
            <xml-element-name>hostID</xml-element-name>
        </variable-mapping>
        <variable-mapping>
            <java-variable-name>hostPassword</java-variable-name>
            <xml-element-name>hostPassword</xml-element-name>
        </variable-mapping>
        <variable-mapping>
            <java-variable-name>toEscapeChar</java-variable-name>
            <xml-element-name>toEscapeChar</xml-element-name>
        </variable-mapping>
        <variable-mapping>
            <java-variable-name>MWIConfig</java-variable-name>
            <xml-element-name>MWIConfig</xml-element-name>
        </variable-mapping>
        <variable-mapping>
            <java-variable-name>applTrace</java-variable-name>
            <xml-element-name>applTrace</xml-element-name>
        </variable-mapping>
    </java-xml-type-mapping>
    <java-xml-type-mapping>
        <java-type>com.bcbssc.services.policyadminarhistory.PolicyAdminARHistoryAccountReceivable[]</java-type>
        <root-type-qname xmlns:rtq="http://PolicyAdminARHistory.FSSMT101EJB.commercial.bcbssc.com">rtq:ArrayOfPolicyAdminARHistoryAccountReceivable</root-type-qname>
        <qname-scope>complexType</qname-scope>
        <variable-mapping>
            <java-variable-name>policyAdminARHistoryAccountReceivable</java-variable-name>
            <xml-element-name>PolicyAdminARHistoryAccountReceivable</xml-element-name>
        </variable-mapping>
    </java-xml-type-mapping>
    <java-xml-type-mapping>
        <java-type>com.microfocus.cmpgen.EbizException</java-type>
        <root-type-qname xmlns:rtq="http://cmpgen.microfocus.com">rtq:EbizException</root-type-qname>
        <qname-scope>complexType</qname-scope>
        <variable-mapping>
            <java-variable-name>message</java-variable-name>
            <xml-element-name>message</xml-element-name>
        </variable-mapping>
    </java-xml-type-mapping>
    <java-xml-type-mapping>
        <java-type>com.microfocus.cmpgen.EbizException</java-type>
        <root-type-qname xmlns:rtq="http://cmpgen.microfocus.com">rtq:EbizException</root-type-qname>
        <qname-scope>element</qname-scope>
    </java-xml-type-mapping>
    <java-xml-type-mapping>
        <java-type>java.lang.String</java-type>
        <root-type-qname xmlns:rtq="http://www.w3.org/2001/XMLSchema">rtq:string</root-type-qname>
        <qname-scope>simpleType</qname-scope>
    </java-xml-type-mapping>
    <java-xml-type-mapping>
        <java-type>com.bcbssc.services.policyadminarhistory.PolicyAdminARHistoryAccountReceivable[]</java-type>
        <anonymous-type-qname>http://PolicyAdminARHistory.FSSMT101EJB.commercial.bcbssc.com:PolicyAdminARHistoryAccountReceivable[0,unbounded]</anonymous-type-qname>
        <qname-scope>complexType</qname-scope>
    </java-xml-type-mapping>
    <java-xml-type-mapping>
        <java-type>boolean</java-type>
        <root-type-qname xmlns:rtq="http://www.w3.org/2001/XMLSchema">rtq:boolean</root-type-qname>
        <qname-scope>simpleType</qname-scope>
    </java-xml-type-mapping>
    <java-xml-type-mapping>
        <java-type>com.bcbssc.services.policyadminarhistory.PolicyAdminARHistoryAccountReceivable</java-type>
        <root-type-qname xmlns:rtq="http://PolicyAdminARHistory.FSSMT101EJB.commercial.bcbssc.com">rtq:PolicyAdminARHistoryAccountReceivable</root-type-qname>
        <qname-scope>complexType</qname-scope>
        <variable-mapping>
            <java-variable-name>coveragePeriodBeginDate</java-variable-name>
            <xml-element-name>coveragePeriodBeginDate</xml-element-name>
        </variable-mapping>
        <variable-mapping>
            <java-variable-name>billDueDate</java-variable-name>
            <xml-element-name>billDueDate</xml-element-name>
        </variable-mapping>
        <variable-mapping>
            <java-variable-name>periodBilled</java-variable-name>
            <xml-element-name>periodBilled</xml-element-name>
        </variable-mapping>
        <variable-mapping>
            <java-variable-name>totalPayments</java-variable-name>
            <xml-element-name>totalPayments</xml-element-name>
        </variable-mapping>
        <variable-mapping>
            <java-variable-name>coveragePeriodEndDate</java-variable-name>
            <xml-element-name>coveragePeriodEndDate</xml-element-name>
        </variable-mapping>
        <variable-mapping>
            <java-variable-name>periodAdjustments</java-variable-name>
            <xml-element-name>periodAdjustments</xml-element-name>
        </variable-mapping>
        <variable-mapping>
            <java-variable-name>periodNetDue</java-variable-name>
            <xml-element-name>periodNetDue</xml-element-name>
        </variable-mapping>
        <variable-mapping>
            <java-variable-name>coverageMarketingPackage</java-variable-name>
            <xml-element-name>coverageMarketingPackage</xml-element-name>
        </variable-mapping>
        <variable-mapping>
            <java-variable-name>periodFees</java-variable-name>
            <xml-element-name>periodFees</xml-element-name>
        </variable-mapping>
        <variable-mapping>
            <java-variable-name>previousBalance</java-variable-name>
            <xml-element-name>previousBalance</xml-element-name>
        </variable-mapping>
        <variable-mapping>
            <java-variable-name>coverageSubMarketingPackage</java-variable-name>
            <xml-element-name>coverageSubMarketingPackage</xml-element-name>
        </variable-mapping>
        <variable-mapping>
            <java-variable-name>periodBalance</java-variable-name>
            <xml-element-name>periodBalance</xml-element-name>
        </variable-mapping>
        <variable-mapping>
            <java-variable-name>currentBalance</java-variable-name>
            <xml-element-name>currentBalance</xml-element-name>
        </variable-mapping>
    </java-xml-type-mapping>
    <java-xml-type-mapping>
        <java-type>int</java-type>
        <root-type-qname xmlns:rtq="http://www.w3.org/2001/XMLSchema">rtq:int</root-type-qname>
        <qname-scope>simpleType</qname-scope>
    </java-xml-type-mapping>
    <java-xml-type-mapping>
        <java-type>com.bcbssc.services.policyadminarhistory.PolicyAdminARHistoryAccountReceivable[]</java-type>
        <anonymous-type-qname>http://PolicyAdminARHistory.FSSMT101EJB.commercial.bcbssc.com:ArrayOfPolicyAdminARHistoryAccountReceivable&gt;PolicyAdminARHistoryAccountReceivable[0,unbounded]</anonymous-type-qname>
        <qname-scope>complexType</qname-scope>
    </java-xml-type-mapping>
    <exception-mapping>
        <exception-type>com.microfocus.cmpgen.EbizException</exception-type>
        <wsdl-message xmlns:em="http://PolicyAdminARHistory.FSSMT101EJB.commercial.bcbssc.com">em:EbizException</wsdl-message>
        <constructor-parameter-order>
            <element-name>message</element-name>
        </constructor-parameter-order>
    </exception-mapping>
    <service-interface-mapping>
        <service-interface>com.bcbssc.services.policyadminarhistory.PolicyAdminARHistoryServiceService</service-interface>
        <wsdl-service-name xmlns:sim="http://PolicyAdminARHistory.FSSMT101EJB.commercial.bcbssc.com">sim:PolicyAdminARHistoryServiceService</wsdl-service-name>
        <port-mapping>
            <port-name>PolicyAdminARHistory</port-name>
            <java-port-name>PolicyAdminARHistory</java-port-name>
        </port-mapping>
    </service-interface-mapping>
    <service-endpoint-interface-mapping>
        <service-endpoint-interface>com.bcbssc.services.policyadminarhistory.PolicyAdminARHistoryService</service-endpoint-interface>
        <wsdl-port-type xmlns:seimwpt="http://PolicyAdminARHistory.FSSMT101EJB.commercial.bcbssc.com">seimwpt:PolicyAdminARHistoryService</wsdl-port-type>
        <wsdl-binding xmlns:seimwb="http://PolicyAdminARHistory.FSSMT101EJB.commercial.bcbssc.com">seimwb:PolicyAdminARHistorySoapBinding</wsdl-binding>
        <service-endpoint-method-mapping>
            <java-method-name>getAccountsReceivableHistory</java-method-name>
            <wsdl-operation>getAccountsReceivableHistory</wsdl-operation>
            <wrapped-element></wrapped-element>
            <method-param-parts-mapping>
                <param-position>0</param-position>
                <param-type>com.bcbssc.services.policyadminarhistory.PolicyAdminARHistoryInput</param-type>
                <wsdl-message-mapping>
                    <wsdl-message xmlns:mppm="http://PolicyAdminARHistory.FSSMT101EJB.commercial.bcbssc.com">mppm:getAccountsReceivableHistoryRequest</wsdl-message>
                    <wsdl-message-part-name>arg_0_0</wsdl-message-part-name>
                    <parameter-mode>IN</parameter-mode>
                </wsdl-message-mapping>
            </method-param-parts-mapping>
            <wsdl-return-value-mapping>
                <method-return-value>com.bcbssc.services.policyadminarhistory.PolicyAdminARHistoryOutput</method-return-value>
                <wsdl-message xmlns:wrvm="http://PolicyAdminARHistory.FSSMT101EJB.commercial.bcbssc.com">wrvm:getAccountsReceivableHistoryResponse</wsdl-message>
                <wsdl-message-part-name>getAccountsReceivableHistoryReturn</wsdl-message-part-name>
            </wsdl-return-value-mapping>
        </service-endpoint-method-mapping>
    </service-endpoint-interface-mapping>
</java-wsdl-mapping>
