<?xml version="1.0" encoding="UTF-8"?><java-wsdl-mapping version="1.1" xmlns="http://java.sun.com/xml/ns/j2ee" xmlns:xsi="http://www.w3.org/2001/XMLSchema-instance" xsi:schemaLocation="http://java.sun.com/xml/ns/j2ee http://www.ibm.com/webservices/xsd/j2ee_jaxrpc_mapping_1_1.xsd">
    <package-mapping>
        <package-type>com.bcbssc.commercial.FSSMT102EJB.PolicyAdminARDetail</package-type>
        <namespaceURI>http://PolicyAdminARDetail.FSSMT102EJB.commercial.bcbssc.com</namespaceURI>
    </package-mapping>
    <package-mapping>
        <package-type>com.bcbssc.services.policyadminardetail</package-type>
        <namespaceURI>http://PolicyAdminARDetail.FSSMT102EJB.commercial.bcbssc.com"</namespaceURI>
    </package-mapping>
    <package-mapping>
        <package-type>com.microfocus.cmpgen</package-type>
        <namespaceURI>http://cmpgen.microfocus.com</namespaceURI>
    </package-mapping>
    <java-xml-type-mapping>
        <java-type>com.bcbssc.commercial.FSSMT102EJB.PolicyAdminARDetail.PolicyAdminARDetailOutput</java-type>
        <root-type-qname xmlns:rtq="http://PolicyAdminARDetail.FSSMT102EJB.commercial.bcbssc.com">rtq:PolicyAdminARDetailOutput</root-type-qname>
        <qname-scope>complexType</qname-scope>
        <variable-mapping>
            <java-variable-name>applicationMessage</java-variable-name>
            <xml-element-name>applicationMessage</xml-element-name>
        </variable-mapping>
        <variable-mapping>
            <java-variable-name>serviceMessage</java-variable-name>
            <xml-element-name>serviceMessage</xml-element-name>
        </variable-mapping>
        <variable-mapping>
            <java-variable-name>serviceMessageCode</java-variable-name>
            <xml-element-name>serviceMessageCode</xml-element-name>
        </variable-mapping>
        <variable-mapping>
            <java-variable-name>systemMessage</java-variable-name>
            <xml-element-name>systemMessage</xml-element-name>
        </variable-mapping>
        <variable-mapping>
            <java-variable-name>rpnDescription</java-variable-name>
            <xml-element-name>rpnDescription</xml-element-name>
        </variable-mapping>
        <variable-mapping>
            <java-variable-name>masterArName</java-variable-name>
            <xml-element-name>masterArName</xml-element-name>
        </variable-mapping>
        <variable-mapping>
            <java-variable-name>subscriberId</java-variable-name>
            <xml-element-name>subscriberId</xml-element-name>
        </variable-mapping>
        <variable-mapping>
            <java-variable-name>coverageMarketingPackage</java-variable-name>
            <xml-element-name>coverageMarketingPackage</xml-element-name>
        </variable-mapping>
        <variable-mapping>
            <java-variable-name>coverageSubMarketingPackage</java-variable-name>
            <xml-element-name>coverageSubMarketingPackage</xml-element-name>
        </variable-mapping>
        <variable-mapping>
            <java-variable-name>accountReceivableDetailInfo</java-variable-name>
            <xml-element-name>accountReceivableDetailInfo</xml-element-name>
        </variable-mapping>
        <variable-mapping>
            <java-variable-name>ebizReplyAbendcode</java-variable-name>
            <xml-element-name>ebizReplyAbendcode</xml-element-name>
        </variable-mapping>
        <variable-mapping>
            <java-variable-name>ebizReplyStatus</java-variable-name>
            <xml-element-name>ebizReplyStatus</xml-element-name>
        </variable-mapping>
        <variable-mapping>
            <java-variable-name>ebizReplyStatusMessage</java-variable-name>
            <xml-element-name>ebizReplyStatusMessage</xml-element-name>
        </variable-mapping>
    </java-xml-type-mapping>
    <java-xml-type-mapping>
        <java-type>com.bcbssc.commercial.FSSMT102EJB.PolicyAdminARDetail.PolicyAdminARDetailAccountReceivableDetailInfo[]</java-type>
        <anonymous-type-qname>http://PolicyAdminARDetail.FSSMT102EJB.commercial.bcbssc.com:PolicyAdminARDetailAccountReceivableDetailInfo[0,unbounded]</anonymous-type-qname>
        <qname-scope>complexType</qname-scope>
    </java-xml-type-mapping>
    <java-xml-type-mapping>
        <java-type>com.bcbssc.commercial.FSSMT102EJB.PolicyAdminARDetail.PolicyAdminARDetailAccountReceivableDetailInfo</java-type>
        <root-type-qname xmlns:rtq="http://PolicyAdminARDetail.FSSMT102EJB.commercial.bcbssc.com">rtq:PolicyAdminARDetailAccountReceivableDetailInfo</root-type-qname>
        <qname-scope>complexType</qname-scope>
        <variable-mapping>
            <java-variable-name>arCreationDate</java-variable-name>
            <xml-element-name>arCreationDate</xml-element-name>
        </variable-mapping>
        <variable-mapping>
            <java-variable-name>arDueDate</java-variable-name>
            <xml-element-name>arDueDate</xml-element-name>
        </variable-mapping>
        <variable-mapping>
            <java-variable-name>arDescription</java-variable-name>
            <xml-element-name>arDescription</xml-element-name>
        </variable-mapping>
        <variable-mapping>
            <java-variable-name>imageNumber</java-variable-name>
            <xml-element-name>imageNumber</xml-element-name>
        </variable-mapping>
        <variable-mapping>
            <java-variable-name>arNumberOfMonths</java-variable-name>
            <xml-element-name>arNumberOfMonths</xml-element-name>
        </variable-mapping>
        <variable-mapping>
            <java-variable-name>arBilledAmount</java-variable-name>
            <xml-element-name>arBilledAmount</xml-element-name>
        </variable-mapping>
        <variable-mapping>
            <java-variable-name>arPaymentAmount</java-variable-name>
            <xml-element-name>arPaymentAmount</xml-element-name>
        </variable-mapping>
        <variable-mapping>
            <java-variable-name>arSplitPaymentIndicator</java-variable-name>
            <xml-element-name>arSplitPaymentIndicator</xml-element-name>
        </variable-mapping>
        <variable-mapping>
            <java-variable-name>splitPaymentCreationDate1</java-variable-name>
            <xml-element-name>splitPaymentCreationDate1</xml-element-name>
        </variable-mapping>
        <variable-mapping>
            <java-variable-name>splitPaymentDueDate1</java-variable-name>
            <xml-element-name>splitPaymentDueDate1</xml-element-name>
        </variable-mapping>
        <variable-mapping>
            <java-variable-name>splitPaymentDescription1</java-variable-name>
            <xml-element-name>splitPaymentDescription1</xml-element-name>
        </variable-mapping>
        <variable-mapping>
            <java-variable-name>splitPaymentImageNumber1</java-variable-name>
            <xml-element-name>splitPaymentImageNumber1</xml-element-name>
        </variable-mapping>
        <variable-mapping>
            <java-variable-name>splitPaymentAmount1</java-variable-name>
            <xml-element-name>splitPaymentAmount1</xml-element-name>
        </variable-mapping>
        <variable-mapping>
            <java-variable-name>splitPaymentCreationDate2</java-variable-name>
            <xml-element-name>splitPaymentCreationDate2</xml-element-name>
        </variable-mapping>
        <variable-mapping>
            <java-variable-name>splitPaymentDueDate2</java-variable-name>
            <xml-element-name>splitPaymentDueDate2</xml-element-name>
        </variable-mapping>
        <variable-mapping>
            <java-variable-name>splitPaymentDescription2</java-variable-name>
            <xml-element-name>splitPaymentDescription2</xml-element-name>
        </variable-mapping>
        <variable-mapping>
            <java-variable-name>splitPaymentImageNumber2</java-variable-name>
            <xml-element-name>splitPaymentImageNumber2</xml-element-name>
        </variable-mapping>
        <variable-mapping>
            <java-variable-name>splitPaymentAmount2</java-variable-name>
            <xml-element-name>splitPaymentAmount2</xml-element-name>
        </variable-mapping>
        <variable-mapping>
            <java-variable-name>splitPaymentCreationDate3</java-variable-name>
            <xml-element-name>splitPaymentCreationDate3</xml-element-name>
        </variable-mapping>
        <variable-mapping>
            <java-variable-name>splitPaymentDueDate3</java-variable-name>
            <xml-element-name>splitPaymentDueDate3</xml-element-name>
        </variable-mapping>
        <variable-mapping>
            <java-variable-name>splitPaymentDescription3</java-variable-name>
            <xml-element-name>splitPaymentDescription3</xml-element-name>
        </variable-mapping>
        <variable-mapping>
            <java-variable-name>splitPaymentImageNumber3</java-variable-name>
            <xml-element-name>splitPaymentImageNumber3</xml-element-name>
        </variable-mapping>
        <variable-mapping>
            <java-variable-name>splitPaymentAmount3</java-variable-name>
            <xml-element-name>splitPaymentAmount3</xml-element-name>
        </variable-mapping>
        <variable-mapping>
            <java-variable-name>splitPaymentCreationDate4</java-variable-name>
            <xml-element-name>splitPaymentCreationDate4</xml-element-name>
        </variable-mapping>
        <variable-mapping>
            <java-variable-name>splitPaymentDueDate4</java-variable-name>
            <xml-element-name>splitPaymentDueDate4</xml-element-name>
        </variable-mapping>
        <variable-mapping>
            <java-variable-name>splitPaymentDescription4</java-variable-name>
            <xml-element-name>splitPaymentDescription4</xml-element-name>
        </variable-mapping>
        <variable-mapping>
            <java-variable-name>splitPaymentImageNumber4</java-variable-name>
            <xml-element-name>splitPaymentImageNumber4</xml-element-name>
        </variable-mapping>
        <variable-mapping>
            <java-variable-name>splitPaymentAmount4</java-variable-name>
            <xml-element-name>splitPaymentAmount4</xml-element-name>
        </variable-mapping>
        <variable-mapping>
            <java-variable-name>splitPaymentCreationDate5</java-variable-name>
            <xml-element-name>splitPaymentCreationDate5</xml-element-name>
        </variable-mapping>
        <variable-mapping>
            <java-variable-name>splitPaymentDueDate5</java-variable-name>
            <xml-element-name>splitPaymentDueDate5</xml-element-name>
        </variable-mapping>
        <variable-mapping>
            <java-variable-name>splitPaymentDescription5</java-variable-name>
            <xml-element-name>splitPaymentDescription5</xml-element-name>
        </variable-mapping>
        <variable-mapping>
            <java-variable-name>splitPaymentImageNumber5</java-variable-name>
            <xml-element-name>splitPaymentImageNumber5</xml-element-name>
        </variable-mapping>
        <variable-mapping>
            <java-variable-name>splitPaymentAmount5</java-variable-name>
            <xml-element-name>splitPaymentAmount5</xml-element-name>
        </variable-mapping>
        <variable-mapping>
            <java-variable-name>splitPaymentCreationDate6</java-variable-name>
            <xml-element-name>splitPaymentCreationDate6</xml-element-name>
        </variable-mapping>
        <variable-mapping>
            <java-variable-name>splitPaymentDueDate6</java-variable-name>
            <xml-element-name>splitPaymentDueDate6</xml-element-name>
        </variable-mapping>
        <variable-mapping>
            <java-variable-name>splitPaymentDescription6</java-variable-name>
            <xml-element-name>splitPaymentDescription6</xml-element-name>
        </variable-mapping>
        <variable-mapping>
            <java-variable-name>splitPaymentImageNumber6</java-variable-name>
            <xml-element-name>splitPaymentImageNumber6</xml-element-name>
        </variable-mapping>
        <variable-mapping>
            <java-variable-name>splitPaymentAmount6</java-variable-name>
            <xml-element-name>splitPaymentAmount6</xml-element-name>
        </variable-mapping>
        <variable-mapping>
            <java-variable-name>splitPaymentCreationDate7</java-variable-name>
            <xml-element-name>splitPaymentCreationDate7</xml-element-name>
        </variable-mapping>
        <variable-mapping>
            <java-variable-name>splitPaymentDueDate7</java-variable-name>
            <xml-element-name>splitPaymentDueDate7</xml-element-name>
        </variable-mapping>
        <variable-mapping>
            <java-variable-name>splitPaymentDescription7</java-variable-name>
            <xml-element-name>splitPaymentDescription7</xml-element-name>
        </variable-mapping>
        <variable-mapping>
            <java-variable-name>splitPaymentImageNumber7</java-variable-name>
            <xml-element-name>splitPaymentImageNumber7</xml-element-name>
        </variable-mapping>
        <variable-mapping>
            <java-variable-name>splitPaymentAmount7</java-variable-name>
            <xml-element-name>splitPaymentAmount7</xml-element-name>
        </variable-mapping>
        <variable-mapping>
            <java-variable-name>splitPaymentCreationDate8</java-variable-name>
            <xml-element-name>splitPaymentCreationDate8</xml-element-name>
        </variable-mapping>
        <variable-mapping>
            <java-variable-name>splitPaymentDueDate8</java-variable-name>
            <xml-element-name>splitPaymentDueDate8</xml-element-name>
        </variable-mapping>
        <variable-mapping>
            <java-variable-name>splitPaymentDescription8</java-variable-name>
            <xml-element-name>splitPaymentDescription8</xml-element-name>
        </variable-mapping>
        <variable-mapping>
            <java-variable-name>splitPaymentImageNumber8</java-variable-name>
            <xml-element-name>splitPaymentImageNumber8</xml-element-name>
        </variable-mapping>
        <variable-mapping>
            <java-variable-name>splitPaymentAmount8</java-variable-name>
            <xml-element-name>splitPaymentAmount8</xml-element-name>
        </variable-mapping>
        <variable-mapping>
            <java-variable-name>splitPaymentCreationDate9</java-variable-name>
            <xml-element-name>splitPaymentCreationDate9</xml-element-name>
        </variable-mapping>
        <variable-mapping>
            <java-variable-name>splitPaymentDueDate9</java-variable-name>
            <xml-element-name>splitPaymentDueDate9</xml-element-name>
        </variable-mapping>
        <variable-mapping>
            <java-variable-name>splitPaymentDescription9</java-variable-name>
            <xml-element-name>splitPaymentDescription9</xml-element-name>
        </variable-mapping>
        <variable-mapping>
            <java-variable-name>splitPaymentImageNumber9</java-variable-name>
            <xml-element-name>splitPaymentImageNumber9</xml-element-name>
        </variable-mapping>
        <variable-mapping>
            <java-variable-name>splitPaymentAmount9</java-variable-name>
            <xml-element-name>splitPaymentAmount9</xml-element-name>
        </variable-mapping>
        <variable-mapping>
            <java-variable-name>splitPaymentCreationDate10</java-variable-name>
            <xml-element-name>splitPaymentCreationDate10</xml-element-name>
        </variable-mapping>
        <variable-mapping>
            <java-variable-name>splitPaymentDueDate10</java-variable-name>
            <xml-element-name>splitPaymentDueDate10</xml-element-name>
        </variable-mapping>
        <variable-mapping>
            <java-variable-name>splitPaymentDescription10</java-variable-name>
            <xml-element-name>splitPaymentDescription10</xml-element-name>
        </variable-mapping>
        <variable-mapping>
            <java-variable-name>splitPaymentImageNumber10</java-variable-name>
            <xml-element-name>splitPaymentImageNumber10</xml-element-name>
        </variable-mapping>
        <variable-mapping>
            <java-variable-name>splitPaymentAmount10</java-variable-name>
            <xml-element-name>splitPaymentAmount10</xml-element-name>
        </variable-mapping>
        <variable-mapping>
            <java-variable-name>splitPaymentCreationDate11</java-variable-name>
            <xml-element-name>splitPaymentCreationDate11</xml-element-name>
        </variable-mapping>
        <variable-mapping>
            <java-variable-name>splitPaymentDueDate11</java-variable-name>
            <xml-element-name>splitPaymentDueDate11</xml-element-name>
        </variable-mapping>
        <variable-mapping>
            <java-variable-name>splitPaymentDescription11</java-variable-name>
            <xml-element-name>splitPaymentDescription11</xml-element-name>
        </variable-mapping>
        <variable-mapping>
            <java-variable-name>splitPaymentImageNumber11</java-variable-name>
            <xml-element-name>splitPaymentImageNumber11</xml-element-name>
        </variable-mapping>
        <variable-mapping>
            <java-variable-name>splitPaymentAmount11</java-variable-name>
            <xml-element-name>splitPaymentAmount11</xml-element-name>
        </variable-mapping>
    </java-xml-type-mapping>
    <java-xml-type-mapping>
        <java-type>com.bcbssc.commercial.FSSMT102EJB.PolicyAdminARDetail.PolicyAdminARDetailInput</java-type>
        <root-type-qname xmlns:rtq="http://PolicyAdminARDetail.FSSMT102EJB.commercial.bcbssc.com">rtq:PolicyAdminARDetailInput</root-type-qname>
        <qname-scope>complexType</qname-scope>
        <variable-mapping>
            <java-variable-name>masterArNumber</java-variable-name>
            <xml-element-name>masterArNumber</xml-element-name>
        </variable-mapping>
        <variable-mapping>
            <java-variable-name>rpn</java-variable-name>
            <xml-element-name>rpn</xml-element-name>
        </variable-mapping>
        <variable-mapping>
            <java-variable-name>coverageBeginDate</java-variable-name>
            <xml-element-name>coverageBeginDate</xml-element-name>
        </variable-mapping>
        <variable-mapping>
            <java-variable-name>coverageEndDate</java-variable-name>
            <xml-element-name>coverageEndDate</xml-element-name>
        </variable-mapping>
        <variable-mapping>
            <java-variable-name>hostID</java-variable-name>
            <xml-element-name>hostID</xml-element-name>
        </variable-mapping>
        <variable-mapping>
            <java-variable-name>hostPassword</java-variable-name>
            <xml-element-name>hostPassword</xml-element-name>
        </variable-mapping>
        <variable-mapping>
            <java-variable-name>toEscapeChar</java-variable-name>
            <xml-element-name>toEscapeChar</xml-element-name>
        </variable-mapping>
        <variable-mapping>
            <java-variable-name>MWIConfig</java-variable-name>
            <xml-element-name>MWIConfig</xml-element-name>
        </variable-mapping>
        <variable-mapping>
            <java-variable-name>applTrace</java-variable-name>
            <xml-element-name>applTrace</xml-element-name>
        </variable-mapping>
    </java-xml-type-mapping>
    <java-xml-type-mapping>
        <java-type>java.lang.String</java-type>
        <root-type-qname xmlns:rtq="http://www.w3.org/2001/XMLSchema">rtq:string</root-type-qname>
        <qname-scope>simpleType</qname-scope>
    </java-xml-type-mapping>
    <java-xml-type-mapping>
        <java-type>int</java-type>
        <root-type-qname xmlns:rtq="http://www.w3.org/2001/XMLSchema">rtq:int</root-type-qname>
        <qname-scope>simpleType</qname-scope>
    </java-xml-type-mapping>
    <java-xml-type-mapping>
        <java-type>boolean</java-type>
        <root-type-qname xmlns:rtq="http://www.w3.org/2001/XMLSchema">rtq:boolean</root-type-qname>
        <qname-scope>simpleType</qname-scope>
    </java-xml-type-mapping>
    <java-xml-type-mapping>
        <java-type>com.microfocus.cmpgen.EbizException</java-type>
        <root-type-qname xmlns:rtq="http://cmpgen.microfocus.com">rtq:EbizException</root-type-qname>
        <qname-scope>complexType</qname-scope>
        <variable-mapping>
            <java-variable-name>message</java-variable-name>
            <xml-element-name>message</xml-element-name>
        </variable-mapping>
    </java-xml-type-mapping>
    <java-xml-type-mapping>
        <java-type>com.microfocus.cmpgen.EbizException</java-type>
        <root-type-qname xmlns:rtq="http://cmpgen.microfocus.com">rtq:EbizException</root-type-qname>
        <qname-scope>element</qname-scope>
    </java-xml-type-mapping>
    <java-xml-type-mapping>
        <java-type>com.bcbssc.commercial.FSSMT102EJB.PolicyAdminARDetail.PolicyAdminARDetailAccountReceivableDetailInfo[]</java-type>
        <root-type-qname xmlns:rtq="http://PolicyAdminARDetail.FSSMT102EJB.commercial.bcbssc.com">rtq:ArrayOfPolicyAdminARDetailAccountReceivableDetailInfo</root-type-qname>
        <qname-scope>complexType</qname-scope>
        <variable-mapping>
            <java-variable-name>policyAdminARDetailAccountReceivableDetailInfo</java-variable-name>
            <xml-element-name>PolicyAdminARDetailAccountReceivableDetailInfo</xml-element-name>
        </variable-mapping>
    </java-xml-type-mapping>
    <java-xml-type-mapping>
        <java-type>com.bcbssc.commercial.FSSMT102EJB.PolicyAdminARDetail.PolicyAdminARDetailAccountReceivableDetailInfo[]</java-type>
        <anonymous-type-qname>http://PolicyAdminARDetail.FSSMT102EJB.commercial.bcbssc.com:ArrayOfPolicyAdminARDetailAccountReceivableDetailInfo&gt;PolicyAdminARDetailAccountReceivableDetailInfo[0,unbounded]</anonymous-type-qname>
        <qname-scope>complexType</qname-scope>
    </java-xml-type-mapping>
    <exception-mapping>
        <exception-type>com.microfocus.cmpgen.EbizException</exception-type>
        <wsdl-message xmlns:em="http://PolicyAdminARDetail.FSSMT102EJB.commercial.bcbssc.com">em:EbizException</wsdl-message>
        <constructor-parameter-order>
            <element-name>message</element-name>
        </constructor-parameter-order>
    </exception-mapping>
    <service-interface-mapping>
        <service-interface>com.bcbssc.commercial.FSSMT102EJB.PolicyAdminARDetail.PolicyAdminARDetailServiceService</service-interface>
        <wsdl-service-name xmlns:sim="http://PolicyAdminARDetail.FSSMT102EJB.commercial.bcbssc.com">sim:PolicyAdminARDetailServiceService</wsdl-service-name>
        <port-mapping>
            <port-name>PolicyAdminARDetail</port-name>
            <java-port-name>PolicyAdminARDetail</java-port-name>
        </port-mapping>
    </service-interface-mapping>
    <service-endpoint-interface-mapping>
        <service-endpoint-interface>com.bcbssc.commercial.FSSMT102EJB.PolicyAdminARDetail.PolicyAdminARDetailService</service-endpoint-interface>
        <wsdl-port-type xmlns:seimwpt="http://PolicyAdminARDetail.FSSMT102EJB.commercial.bcbssc.com">seimwpt:PolicyAdminARDetailService</wsdl-port-type>
        <wsdl-binding xmlns:seimwb="http://PolicyAdminARDetail.FSSMT102EJB.commercial.bcbssc.com">seimwb:PolicyAdminARDetailSoapBinding</wsdl-binding>
        <service-endpoint-method-mapping>
            <java-method-name>getAccountsReceivableDetail</java-method-name>
            <wsdl-operation>getAccountsReceivableDetail</wsdl-operation>
            <wrapped-element/>
            <method-param-parts-mapping>
                <param-position>0</param-position>
                <param-type>com.bcbssc.commercial.FSSMT102EJB.PolicyAdminARDetail.PolicyAdminARDetailInput</param-type>
                <wsdl-message-mapping>
                    <wsdl-message xmlns:mppm="http://PolicyAdminARDetail.FSSMT102EJB.commercial.bcbssc.com">mppm:getAccountsReceivableDetailRequest</wsdl-message>
                    <wsdl-message-part-name>arg_0_0</wsdl-message-part-name>
                    <parameter-mode>IN</parameter-mode>
                </wsdl-message-mapping>
            </method-param-parts-mapping>
            <wsdl-return-value-mapping>
                <method-return-value>com.bcbssc.commercial.FSSMT102EJB.PolicyAdminARDetail.PolicyAdminARDetailOutput</method-return-value>
                <wsdl-message xmlns:wrvm="http://PolicyAdminARDetail.FSSMT102EJB.commercial.bcbssc.com">wrvm:getAccountsReceivableDetailResponse</wsdl-message>
                <wsdl-message-part-name>getAccountsReceivableDetailReturn</wsdl-message-part-name>
            </wsdl-return-value-mapping>
        </service-endpoint-method-mapping>
    </service-endpoint-interface-mapping>
</java-wsdl-mapping>