<?xml version="1.0" encoding="UTF-8"?><java-wsdl-mapping version="1.1" xmlns="http://java.sun.com/xml/ns/j2ee" xmlns:xsi="http://www.w3.org/2001/XMLSchema-instance" xsi:schemaLocation="http://java.sun.com/xml/ns/j2ee http://www.ibm.com/webservices/xsd/j2ee_jaxrpc_mapping_1_1.xsd">
    <package-mapping>
        <package-type>com.bcbssc.services.desktopclientlist</package-type>
        <namespaceURI>http://DesktopClientList.RULEC104EJB.shared.bcbssc.com</namespaceURI>
    </package-mapping>
    <package-mapping>
        <package-type>com.microfocus.cmpgen</package-type>
        <namespaceURI>http://cmpgen.microfocus.com</namespaceURI>
    </package-mapping>
    <java-xml-type-mapping>
        <java-type>com.bcbssc.services.desktopclientlist.DesktopClientListInput</java-type>
        <root-type-qname xmlns:rtq="http://DesktopClientList.RULEC104EJB.shared.bcbssc.com">rtq:DesktopClientListInput</root-type-qname>
        <qname-scope>complexType</qname-scope>
        <variable-mapping>
            <java-variable-name>rpn</java-variable-name>
            <xml-element-name>rpn</xml-element-name>
        </variable-mapping>
        <variable-mapping>
            <java-variable-name>planCode</java-variable-name>
            <xml-element-name>planCode</xml-element-name>
        </variable-mapping>
        <variable-mapping>
            <java-variable-name>racfid</java-variable-name>
            <xml-element-name>racfid</xml-element-name>
        </variable-mapping>
        <variable-mapping>
            <java-variable-name>datatype</java-variable-name>
            <xml-element-name>datatype</xml-element-name>
        </variable-mapping>
        <variable-mapping>
            <java-variable-name>applicationId</java-variable-name>
            <xml-element-name>applicationId</xml-element-name>
        </variable-mapping>
        <variable-mapping>
            <java-variable-name>effectiveDate</java-variable-name>
            <xml-element-name>effectiveDate</xml-element-name>
        </variable-mapping>
        <variable-mapping>
            <java-variable-name>startingRecordRequested</java-variable-name>
            <xml-element-name>startingRecordRequested</xml-element-name>
        </variable-mapping>
        <variable-mapping>
            <java-variable-name>hostID</java-variable-name>
            <xml-element-name>hostID</xml-element-name>
        </variable-mapping>
        <variable-mapping>
            <java-variable-name>hostPassword</java-variable-name>
            <xml-element-name>hostPassword</xml-element-name>
        </variable-mapping>
        <variable-mapping>
            <java-variable-name>toEscapeChar</java-variable-name>
            <xml-element-name>toEscapeChar</xml-element-name>
        </variable-mapping>
        <variable-mapping>
            <java-variable-name>MWIConfig</java-variable-name>
            <xml-element-name>MWIConfig</xml-element-name>
        </variable-mapping>
        <variable-mapping>
            <java-variable-name>applTrace</java-variable-name>
            <xml-element-name>applTrace</xml-element-name>
        </variable-mapping>
    </java-xml-type-mapping>
    <java-xml-type-mapping>
        <java-type>com.bcbssc.services.desktopclientlist.DesktopClientListOutput</java-type>
        <root-type-qname xmlns:rtq="http://DesktopClientList.RULEC104EJB.shared.bcbssc.com">rtq:DesktopClientListOutput</root-type-qname>
        <qname-scope>complexType</qname-scope>
        <variable-mapping>
            <java-variable-name>applicationMessage</java-variable-name>
            <xml-element-name>applicationMessage</xml-element-name>
        </variable-mapping>
        <variable-mapping>
            <java-variable-name>serviceMessage</java-variable-name>
            <xml-element-name>serviceMessage</xml-element-name>
        </variable-mapping>
        <variable-mapping>
            <java-variable-name>serviceMessageCode</java-variable-name>
            <xml-element-name>serviceMessageCode</xml-element-name>
        </variable-mapping>
        <variable-mapping>
            <java-variable-name>systemMessage</java-variable-name>
            <xml-element-name>systemMessage</xml-element-name>
        </variable-mapping>
        <variable-mapping>
            <java-variable-name>moreDataIndicator</java-variable-name>
            <xml-element-name>moreDataIndicator</xml-element-name>
        </variable-mapping>
        <variable-mapping>
            <java-variable-name>nextRecordToRequest</java-variable-name>
            <xml-element-name>nextRecordToRequest</xml-element-name>
        </variable-mapping>
        <variable-mapping>
            <java-variable-name>numberOfRecordsReturned</java-variable-name>
            <xml-element-name>numberOfRecordsReturned</xml-element-name>
        </variable-mapping>
        <variable-mapping>
            <java-variable-name>clientRecords</java-variable-name>
            <xml-element-name>clientRecords</xml-element-name>
        </variable-mapping>
        <variable-mapping>
            <java-variable-name>ebizReplyAbendcode</java-variable-name>
            <xml-element-name>ebizReplyAbendcode</xml-element-name>
        </variable-mapping>
        <variable-mapping>
            <java-variable-name>ebizReplyStatus</java-variable-name>
            <xml-element-name>ebizReplyStatus</xml-element-name>
        </variable-mapping>
        <variable-mapping>
            <java-variable-name>ebizReplyStatusMessage</java-variable-name>
            <xml-element-name>ebizReplyStatusMessage</xml-element-name>
        </variable-mapping>
    </java-xml-type-mapping>
    <java-xml-type-mapping>
        <java-type>com.bcbssc.services.desktopclientlist.DesktopClientListClientRecords[]</java-type>
        <root-type-qname xmlns:rtq="http://DesktopClientList.RULEC104EJB.shared.bcbssc.com">rtq:ArrayOfDesktopClientListClientRecords</root-type-qname>
        <qname-scope>complexType</qname-scope>
        <variable-mapping>
            <java-variable-name>desktopClientListClientRecords</java-variable-name>
            <xml-element-name>DesktopClientListClientRecords</xml-element-name>
        </variable-mapping>
    </java-xml-type-mapping>
    <java-xml-type-mapping>
        <java-type>java.lang.String</java-type>
        <root-type-qname xmlns:rtq="http://www.w3.org/2001/XMLSchema">rtq:string</root-type-qname>
        <qname-scope>simpleType</qname-scope>
    </java-xml-type-mapping>
    <java-xml-type-mapping>
        <java-type>int</java-type>
        <root-type-qname xmlns:rtq="http://www.w3.org/2001/XMLSchema">rtq:int</root-type-qname>
        <qname-scope>simpleType</qname-scope>
    </java-xml-type-mapping>
    <java-xml-type-mapping>
        <java-type>boolean</java-type>
        <root-type-qname xmlns:rtq="http://www.w3.org/2001/XMLSchema">rtq:boolean</root-type-qname>
        <qname-scope>simpleType</qname-scope>
    </java-xml-type-mapping>
    <java-xml-type-mapping>
        <java-type>com.bcbssc.services.desktopclientlist.DesktopClientListClientRecords</java-type>
        <root-type-qname xmlns:rtq="http://DesktopClientList.RULEC104EJB.shared.bcbssc.com">rtq:DesktopClientListClientRecords</root-type-qname>
        <qname-scope>complexType</qname-scope>
        <variable-mapping>
            <java-variable-name>clientSequenceNumber</java-variable-name>
            <xml-element-name>clientSequenceNumber</xml-element-name>
        </variable-mapping>
        <variable-mapping>
            <java-variable-name>recordBeginDate</java-variable-name>
            <xml-element-name>recordBeginDate</xml-element-name>
        </variable-mapping>
        <variable-mapping>
            <java-variable-name>recordEndDate</java-variable-name>
            <xml-element-name>recordEndDate</xml-element-name>
        </variable-mapping>
        <variable-mapping>
            <java-variable-name>clientId</java-variable-name>
            <xml-element-name>clientId</xml-element-name>
        </variable-mapping>
        <variable-mapping>
            <java-variable-name>clientName</java-variable-name>
            <xml-element-name>clientName</xml-element-name>
        </variable-mapping>
        <variable-mapping>
            <java-variable-name>informTransaction</java-variable-name>
            <xml-element-name>informTransaction</xml-element-name>
        </variable-mapping>
        <variable-mapping>
            <java-variable-name>informQualifier</java-variable-name>
            <xml-element-name>informQualifier</xml-element-name>
        </variable-mapping>
        <variable-mapping>
            <java-variable-name>aliasRpn</java-variable-name>
            <xml-element-name>aliasRpn</xml-element-name>
        </variable-mapping>
        <variable-mapping>
            <java-variable-name>aliasPlanCode</java-variable-name>
            <xml-element-name>aliasPlanCode</xml-element-name>
        </variable-mapping>
        <variable-mapping>
            <java-variable-name>itsPlanCode</java-variable-name>
            <xml-element-name>itsPlanCode</xml-element-name>
        </variable-mapping>
    </java-xml-type-mapping>
    <java-xml-type-mapping>
        <java-type>com.microfocus.cmpgen.EbizException</java-type>
        <root-type-qname xmlns:rtq="http://cmpgen.microfocus.com">rtq:EbizException</root-type-qname>
        <qname-scope>complexType</qname-scope>
        <variable-mapping>
            <java-variable-name>message</java-variable-name>
            <xml-element-name>message</xml-element-name>
        </variable-mapping>
    </java-xml-type-mapping>
    <java-xml-type-mapping>
        <java-type>com.microfocus.cmpgen.EbizException</java-type>
        <root-type-qname xmlns:rtq="http://cmpgen.microfocus.com">rtq:EbizException</root-type-qname>
        <qname-scope>element</qname-scope>
    </java-xml-type-mapping>
    <java-xml-type-mapping>
        <java-type>com.bcbssc.services.desktopclientlist.DesktopClientListClientRecords[]</java-type>
        <anonymous-type-qname>http://DesktopClientList.RULEC104EJB.shared.bcbssc.com:DesktopClientListClientRecords[0,unbounded]</anonymous-type-qname>
        <qname-scope>complexType</qname-scope>
    </java-xml-type-mapping>
    <java-xml-type-mapping>
        <java-type>com.bcbssc.services.desktopclientlist.DesktopClientListClientRecords[]</java-type>
        <anonymous-type-qname>http://DesktopClientList.RULEC104EJB.shared.bcbssc.com:ArrayOfDesktopClientListClientRecords&gt;DesktopClientListClientRecords[0,unbounded]</anonymous-type-qname>
        <qname-scope>complexType</qname-scope>
    </java-xml-type-mapping>
    <exception-mapping>
        <exception-type>com.microfocus.cmpgen.EbizException</exception-type>
        <wsdl-message xmlns:em="http://DesktopClientList.RULEC104EJB.shared.bcbssc.com">em:EbizException</wsdl-message>
        <constructor-parameter-order>
            <element-name>message</element-name>
        </constructor-parameter-order>
    </exception-mapping>
    <service-interface-mapping>
        <service-interface>com.bcbssc.services.desktopclientlist.DesktopClientListServiceService</service-interface>
        <wsdl-service-name xmlns:sim="http://DesktopClientList.RULEC104EJB.shared.bcbssc.com">sim:DesktopClientListServiceService</wsdl-service-name>
        <port-mapping>
            <port-name>DesktopClientList</port-name>
            <java-port-name>DesktopClientList</java-port-name>
        </port-mapping>
    </service-interface-mapping>
    <service-endpoint-interface-mapping>
        <service-endpoint-interface>com.bcbssc.services.desktopclientlist.DesktopClientListService</service-endpoint-interface>
        <wsdl-port-type xmlns:seimwpt="http://DesktopClientList.RULEC104EJB.shared.bcbssc.com">seimwpt:DesktopClientListService</wsdl-port-type>
        <wsdl-binding xmlns:seimwb="http://DesktopClientList.RULEC104EJB.shared.bcbssc.com">seimwb:DesktopClientListSoapBinding</wsdl-binding>
        <service-endpoint-method-mapping>
            <java-method-name>getDesktopClientList</java-method-name>
            <wsdl-operation>getDesktopClientList</wsdl-operation>
            <wrapped-element/>
            <method-param-parts-mapping>
                <param-position>0</param-position>
                <param-type>com.bcbssc.services.desktopclientlist.DesktopClientListInput</param-type>
                <wsdl-message-mapping>
                    <wsdl-message xmlns:mppm="http://DesktopClientList.RULEC104EJB.shared.bcbssc.com">mppm:getDesktopClientListRequest</wsdl-message>
                    <wsdl-message-part-name>arg_0_0</wsdl-message-part-name>
                    <parameter-mode>IN</parameter-mode>
                </wsdl-message-mapping>
            </method-param-parts-mapping>
            <wsdl-return-value-mapping>
                <method-return-value>com.bcbssc.services.desktopclientlist.DesktopClientListOutput</method-return-value>
                <wsdl-message xmlns:wrvm="http://DesktopClientList.RULEC104EJB.shared.bcbssc.com">wrvm:getDesktopClientListResponse</wsdl-message>
                <wsdl-message-part-name>getDesktopClientListReturn</wsdl-message-part-name>
            </wsdl-return-value-mapping>
        </service-endpoint-method-mapping>
    </service-endpoint-interface-mapping>
</java-wsdl-mapping>