<?xml version="1.0" encoding="UTF-8"?><java-wsdl-mapping version="1.1" xmlns="http://java.sun.com/xml/ns/j2ee" xmlns:xsi="http://www.w3.org/2001/XMLSchema-instance" xsi:schemaLocation="http://java.sun.com/xml/ns/j2ee http://www.ibm.com/webservices/xsd/j2ee_jaxrpc_mapping_1_1.xsd">
    <package-mapping>
        <package-type>com.bcbssc.services.informentryvalues</package-type>
        <namespaceURI>http://InformEntryValues.INFOC104EJB.shared.bcbssc.com</namespaceURI>
    </package-mapping>
    <package-mapping>
        <package-type>com.microfocus.cmpgen</package-type>
        <namespaceURI>http://cmpgen.microfocus.com</namespaceURI>
    </package-mapping>
    <java-xml-type-mapping>
        <java-type>com.bcbssc.services.informentryvalues.InformEntryValuesInformEntry</java-type>
        <root-type-qname xmlns:rtq="http://InformEntryValues.INFOC104EJB.shared.bcbssc.com">rtq:InformEntryValuesInformEntry</root-type-qname>
        <qname-scope>complexType</qname-scope>
        <variable-mapping>
            <java-variable-name>entryCode</java-variable-name>
            <xml-element-name>entryCode</xml-element-name>
        </variable-mapping>
        <variable-mapping>
            <java-variable-name>entryCodeDescription</java-variable-name>
            <xml-element-name>entryCodeDescription</xml-element-name>
        </variable-mapping>
        <variable-mapping>
            <java-variable-name>entryTypeDcnIndicator</java-variable-name>
            <xml-element-name>entryTypeDcnIndicator</xml-element-name>
        </variable-mapping>
    </java-xml-type-mapping>
    <java-xml-type-mapping>
        <java-type>com.bcbssc.services.informentryvalues.InformEntryValuesInput</java-type>
        <root-type-qname xmlns:rtq="http://InformEntryValues.INFOC104EJB.shared.bcbssc.com">rtq:InformEntryValuesInput</root-type-qname>
        <qname-scope>complexType</qname-scope>
        <variable-mapping>
            <java-variable-name>systemPrefix</java-variable-name>
            <xml-element-name>systemPrefix</xml-element-name>
        </variable-mapping>
        <variable-mapping>
            <java-variable-name>tableIndicatorRequested</java-variable-name>
            <xml-element-name>tableIndicatorRequested</xml-element-name>
        </variable-mapping>
        <variable-mapping>
            <java-variable-name>tableId</java-variable-name>
            <xml-element-name>tableId</xml-element-name>
        </variable-mapping>
        <variable-mapping>
            <java-variable-name>defaultCompanyCode</java-variable-name>
            <xml-element-name>defaultCompanyCode</xml-element-name>
        </variable-mapping>
        <variable-mapping>
            <java-variable-name>defaultDivisionCode</java-variable-name>
            <xml-element-name>defaultDivisionCode</xml-element-name>
        </variable-mapping>
        <variable-mapping>
            <java-variable-name>defaultDepartmentCode</java-variable-name>
            <xml-element-name>defaultDepartmentCode</xml-element-name>
        </variable-mapping>
        <variable-mapping>
            <java-variable-name>companyCode</java-variable-name>
            <xml-element-name>companyCode</xml-element-name>
        </variable-mapping>
        <variable-mapping>
            <java-variable-name>divisionCode</java-variable-name>
            <xml-element-name>divisionCode</xml-element-name>
        </variable-mapping>
        <variable-mapping>
            <java-variable-name>departmentCode</java-variable-name>
            <xml-element-name>departmentCode</xml-element-name>
        </variable-mapping>
        <variable-mapping>
            <java-variable-name>role</java-variable-name>
            <xml-element-name>role</xml-element-name>
        </variable-mapping>
        <variable-mapping>
            <java-variable-name>previousLastEntryCode</java-variable-name>
            <xml-element-name>previousLastEntryCode</xml-element-name>
        </variable-mapping>
        <variable-mapping>
            <java-variable-name>previousLastEntryCodeDesc</java-variable-name>
            <xml-element-name>previousLastEntryCodeDesc</xml-element-name>
        </variable-mapping>
        <variable-mapping>
            <java-variable-name>sortedByIndicator</java-variable-name>
            <xml-element-name>sortedByIndicator</xml-element-name>
        </variable-mapping>
        <variable-mapping>
            <java-variable-name>pageIndicator</java-variable-name>
            <xml-element-name>pageIndicator</xml-element-name>
        </variable-mapping>
        <variable-mapping>
            <java-variable-name>hostID</java-variable-name>
            <xml-element-name>hostID</xml-element-name>
        </variable-mapping>
        <variable-mapping>
            <java-variable-name>hostPassword</java-variable-name>
            <xml-element-name>hostPassword</xml-element-name>
        </variable-mapping>
        <variable-mapping>
            <java-variable-name>toEscapeChar</java-variable-name>
            <xml-element-name>toEscapeChar</xml-element-name>
        </variable-mapping>
        <variable-mapping>
            <java-variable-name>MWIConfig</java-variable-name>
            <xml-element-name>MWIConfig</xml-element-name>
        </variable-mapping>
        <variable-mapping>
            <java-variable-name>applTrace</java-variable-name>
            <xml-element-name>applTrace</xml-element-name>
        </variable-mapping>
    </java-xml-type-mapping>
    <java-xml-type-mapping>
        <java-type>com.bcbssc.services.informentryvalues.InformEntryValuesInformEntry[]</java-type>
        <anonymous-type-qname>http://InformEntryValues.INFOC104EJB.shared.bcbssc.com:InformEntryValuesInformEntry[0,unbounded]</anonymous-type-qname>
        <qname-scope>complexType</qname-scope>
    </java-xml-type-mapping>
    <java-xml-type-mapping>
        <java-type>java.lang.String</java-type>
        <root-type-qname xmlns:rtq="http://www.w3.org/2001/XMLSchema">rtq:string</root-type-qname>
        <qname-scope>simpleType</qname-scope>
    </java-xml-type-mapping>
    <java-xml-type-mapping>
        <java-type>int</java-type>
        <root-type-qname xmlns:rtq="http://www.w3.org/2001/XMLSchema">rtq:int</root-type-qname>
        <qname-scope>simpleType</qname-scope>
    </java-xml-type-mapping>
    <java-xml-type-mapping>
        <java-type>boolean</java-type>
        <root-type-qname xmlns:rtq="http://www.w3.org/2001/XMLSchema">rtq:boolean</root-type-qname>
        <qname-scope>simpleType</qname-scope>
    </java-xml-type-mapping>
    <java-xml-type-mapping>
        <java-type>com.bcbssc.services.informentryvalues.InformEntryValuesOutput</java-type>
        <root-type-qname xmlns:rtq="http://InformEntryValues.INFOC104EJB.shared.bcbssc.com">rtq:InformEntryValuesOutput</root-type-qname>
        <qname-scope>complexType</qname-scope>
        <variable-mapping>
            <java-variable-name>applicationMessage</java-variable-name>
            <xml-element-name>applicationMessage</xml-element-name>
        </variable-mapping>
        <variable-mapping>
            <java-variable-name>serviceMessage</java-variable-name>
            <xml-element-name>serviceMessage</xml-element-name>
        </variable-mapping>
        <variable-mapping>
            <java-variable-name>serviceMessageCode</java-variable-name>
            <xml-element-name>serviceMessageCode</xml-element-name>
        </variable-mapping>
        <variable-mapping>
            <java-variable-name>systemMessage</java-variable-name>
            <xml-element-name>systemMessage</xml-element-name>
        </variable-mapping>
        <variable-mapping>
            <java-variable-name>moreDataIndicator</java-variable-name>
            <xml-element-name>moreDataIndicator</xml-element-name>
        </variable-mapping>
        <variable-mapping>
            <java-variable-name>tableIndicatorReturned</java-variable-name>
            <xml-element-name>tableIndicatorReturned</xml-element-name>
        </variable-mapping>
        <variable-mapping>
            <java-variable-name>numberOfRecordsReturned</java-variable-name>
            <xml-element-name>numberOfRecordsReturned</xml-element-name>
        </variable-mapping>
        <variable-mapping>
            <java-variable-name>numberOfRecordsTotal</java-variable-name>
            <xml-element-name>numberOfRecordsTotal</xml-element-name>
        </variable-mapping>
        <variable-mapping>
            <java-variable-name>informEntry</java-variable-name>
            <xml-element-name>informEntry</xml-element-name>
        </variable-mapping>
        <variable-mapping>
            <java-variable-name>ebizReplyAbendcode</java-variable-name>
            <xml-element-name>ebizReplyAbendcode</xml-element-name>
        </variable-mapping>
        <variable-mapping>
            <java-variable-name>ebizReplyStatus</java-variable-name>
            <xml-element-name>ebizReplyStatus</xml-element-name>
        </variable-mapping>
        <variable-mapping>
            <java-variable-name>ebizReplyStatusMessage</java-variable-name>
            <xml-element-name>ebizReplyStatusMessage</xml-element-name>
        </variable-mapping>
    </java-xml-type-mapping>
    <java-xml-type-mapping>
        <java-type>com.bcbssc.services.informentryvalues.InformEntryValuesInformEntry[]</java-type>
        <root-type-qname xmlns:rtq="http://InformEntryValues.INFOC104EJB.shared.bcbssc.com">rtq:ArrayOfInformEntryValuesInformEntry</root-type-qname>
        <qname-scope>complexType</qname-scope>
        <variable-mapping>
            <java-variable-name>informEntryValuesInformEntry</java-variable-name>
            <xml-element-name>InformEntryValuesInformEntry</xml-element-name>
        </variable-mapping>
    </java-xml-type-mapping>
    <java-xml-type-mapping>
        <java-type>com.microfocus.cmpgen.EbizException</java-type>
        <root-type-qname xmlns:rtq="http://cmpgen.microfocus.com">rtq:EbizException</root-type-qname>
        <qname-scope>complexType</qname-scope>
        <variable-mapping>
            <java-variable-name>message</java-variable-name>
            <xml-element-name>message</xml-element-name>
        </variable-mapping>
    </java-xml-type-mapping>
    <java-xml-type-mapping>
        <java-type>com.microfocus.cmpgen.EbizException</java-type>
        <root-type-qname xmlns:rtq="http://cmpgen.microfocus.com">rtq:EbizException</root-type-qname>
        <qname-scope>element</qname-scope>
    </java-xml-type-mapping>
    <java-xml-type-mapping>
        <java-type>com.bcbssc.services.informentryvalues.InformEntryValuesInformEntry[]</java-type>
        <anonymous-type-qname>http://InformEntryValues.INFOC104EJB.shared.bcbssc.com:ArrayOfInformEntryValuesInformEntry&gt;InformEntryValuesInformEntry[0,unbounded]</anonymous-type-qname>
        <qname-scope>complexType</qname-scope>
    </java-xml-type-mapping>
    <exception-mapping>
        <exception-type>com.microfocus.cmpgen.EbizException</exception-type>
        <wsdl-message xmlns:em="http://InformEntryValues.INFOC104EJB.shared.bcbssc.com">em:EbizException</wsdl-message>
        <constructor-parameter-order>
            <element-name>message</element-name>
        </constructor-parameter-order>
    </exception-mapping>
    <service-interface-mapping>
        <service-interface>com.bcbssc.services.informentryvalues.InformEntryValuesServiceService</service-interface>
        <wsdl-service-name xmlns:sim="http://InformEntryValues.INFOC104EJB.shared.bcbssc.com">sim:InformEntryValuesServiceService</wsdl-service-name>
        <port-mapping>
            <port-name>InformEntryValues</port-name>
            <java-port-name>InformEntryValues</java-port-name>
        </port-mapping>
    </service-interface-mapping>
    <service-endpoint-interface-mapping>
        <service-endpoint-interface>com.bcbssc.services.informentryvalues.InformEntryValuesService</service-endpoint-interface>
        <wsdl-port-type xmlns:seimwpt="http://InformEntryValues.INFOC104EJB.shared.bcbssc.com">seimwpt:InformEntryValuesService</wsdl-port-type>
        <wsdl-binding xmlns:seimwb="http://InformEntryValues.INFOC104EJB.shared.bcbssc.com">seimwb:InformEntryValuesSoapBinding</wsdl-binding>
        <service-endpoint-method-mapping>
            <java-method-name>getInformEntryValues</java-method-name>
            <wsdl-operation>getInformEntryValues</wsdl-operation>
            <wrapped-element/>
            <method-param-parts-mapping>
                <param-position>0</param-position>
                <param-type>com.bcbssc.services.informentryvalues.InformEntryValuesInput</param-type>
                <wsdl-message-mapping>
                    <wsdl-message xmlns:mppm="http://InformEntryValues.INFOC104EJB.shared.bcbssc.com">mppm:getInformEntryValuesRequest</wsdl-message>
                    <wsdl-message-part-name>arg_0_0</wsdl-message-part-name>
                    <parameter-mode>IN</parameter-mode>
                </wsdl-message-mapping>
            </method-param-parts-mapping>
            <wsdl-return-value-mapping>
                <method-return-value>com.bcbssc.services.informentryvalues.InformEntryValuesOutput</method-return-value>
                <wsdl-message xmlns:wrvm="http://InformEntryValues.INFOC104EJB.shared.bcbssc.com">wrvm:getInformEntryValuesResponse</wsdl-message>
                <wsdl-message-part-name>getInformEntryValuesReturn</wsdl-message-part-name>
            </wsdl-return-value-mapping>
        </service-endpoint-method-mapping>
    </service-endpoint-interface-mapping>
</java-wsdl-mapping>