<?xml version="1.0" encoding="UTF-8"?><java-wsdl-mapping version="1.1" xmlns="http://java.sun.com/xml/ns/j2ee" xmlns:xsi="http://www.w3.org/2001/XMLSchema-instance" xsi:schemaLocation="http://java.sun.com/xml/ns/j2ee http://www.ibm.com/webservices/xsd/j2ee_jaxrpc_mapping_1_1.xsd">
    <package-mapping>
        <package-type>com.bcbssc.services.informemployeeprofile</package-type>
        <namespaceURI>http://InformEmployeeProfile.INFOC103EJB.shared.bcbssc.com</namespaceURI>
    </package-mapping>
    <package-mapping>
        <package-type>com.microfocus.cmpgen</package-type>
        <namespaceURI>http://cmpgen.microfocus.com</namespaceURI>
    </package-mapping>
    <java-xml-type-mapping>
        <java-type>com.bcbssc.services.informemployeeprofile.InformEmployeeProfileProfileInformation[]</java-type>
        <root-type-qname xmlns:rtq="http://InformEmployeeProfile.INFOC103EJB.shared.bcbssc.com">rtq:ArrayOfInformEmployeeProfileProfileInformation</root-type-qname>
        <qname-scope>complexType</qname-scope>
        <variable-mapping>
            <java-variable-name>informEmployeeProfileProfileInformation</java-variable-name>
            <xml-element-name>InformEmployeeProfileProfileInformation</xml-element-name>
        </variable-mapping>
    </java-xml-type-mapping>
    <java-xml-type-mapping>
        <java-type>java.lang.String</java-type>
        <root-type-qname xmlns:rtq="http://www.w3.org/2001/XMLSchema">rtq:string</root-type-qname>
        <qname-scope>simpleType</qname-scope>
    </java-xml-type-mapping>
    <java-xml-type-mapping>
        <java-type>com.bcbssc.services.informemployeeprofile.InformEmployeeProfileOutput</java-type>
        <root-type-qname xmlns:rtq="http://InformEmployeeProfile.INFOC103EJB.shared.bcbssc.com">rtq:InformEmployeeProfileOutput</root-type-qname>
        <qname-scope>complexType</qname-scope>
        <variable-mapping>
            <java-variable-name>applicationMessage</java-variable-name>
            <xml-element-name>applicationMessage</xml-element-name>
        </variable-mapping>
        <variable-mapping>
            <java-variable-name>serviceMessage</java-variable-name>
            <xml-element-name>serviceMessage</xml-element-name>
        </variable-mapping>
        <variable-mapping>
            <java-variable-name>serviceMessageCode</java-variable-name>
            <xml-element-name>serviceMessageCode</xml-element-name>
        </variable-mapping>
        <variable-mapping>
            <java-variable-name>systemMessage</java-variable-name>
            <xml-element-name>systemMessage</xml-element-name>
        </variable-mapping>
        <variable-mapping>
            <java-variable-name>securityDataReturnedInd</java-variable-name>
            <xml-element-name>securityDataReturnedInd</xml-element-name>
        </variable-mapping>
        <variable-mapping>
            <java-variable-name>corpHierarchyDataReturnedInd</java-variable-name>
            <xml-element-name>corpHierarchyDataReturnedInd</xml-element-name>
        </variable-mapping>
        <variable-mapping>
            <java-variable-name>securityByRoleDataReturnedInd</java-variable-name>
            <xml-element-name>securityByRoleDataReturnedInd</xml-element-name>
        </variable-mapping>
        <variable-mapping>
            <java-variable-name>screenDefaultDataReturnedInd</java-variable-name>
            <xml-element-name>screenDefaultDataReturnedInd</xml-element-name>
        </variable-mapping>
        <variable-mapping>
            <java-variable-name>racfCompanyCode</java-variable-name>
            <xml-element-name>racfCompanyCode</xml-element-name>
        </variable-mapping>
        <variable-mapping>
            <java-variable-name>racfDivisionCode</java-variable-name>
            <xml-element-name>racfDivisionCode</xml-element-name>
        </variable-mapping>
        <variable-mapping>
            <java-variable-name>racfDepartmentCode</java-variable-name>
            <xml-element-name>racfDepartmentCode</xml-element-name>
        </variable-mapping>
        <variable-mapping>
            <java-variable-name>racfEmployeeIdNumber</java-variable-name>
            <xml-element-name>racfEmployeeIdNumber</xml-element-name>
        </variable-mapping>
        <variable-mapping>
            <java-variable-name>racfCorporationCode</java-variable-name>
            <xml-element-name>racfCorporationCode</xml-element-name>
        </variable-mapping>
        <variable-mapping>
            <java-variable-name>racfSecurityType</java-variable-name>
            <xml-element-name>racfSecurityType</xml-element-name>
        </variable-mapping>
        <variable-mapping>
            <java-variable-name>racfEmployeeSubRole</java-variable-name>
            <xml-element-name>racfEmployeeSubRole</xml-element-name>
        </variable-mapping>
        <variable-mapping>
            <java-variable-name>racfUpdateAdHocInd</java-variable-name>
            <xml-element-name>racfUpdateAdHocInd</xml-element-name>
        </variable-mapping>
        <variable-mapping>
            <java-variable-name>racfEmployeeName</java-variable-name>
            <xml-element-name>racfEmployeeName</xml-element-name>
        </variable-mapping>
        <variable-mapping>
            <java-variable-name>numberOfRecordsReturned</java-variable-name>
            <xml-element-name>numberOfRecordsReturned</xml-element-name>
        </variable-mapping>
        <variable-mapping>
            <java-variable-name>profileInformation</java-variable-name>
            <xml-element-name>profileInformation</xml-element-name>
        </variable-mapping>
        <variable-mapping>
            <java-variable-name>racfDefaultRpn</java-variable-name>
            <xml-element-name>racfDefaultRpn</xml-element-name>
        </variable-mapping>
        <variable-mapping>
            <java-variable-name>racfSystemPicklistInd</java-variable-name>
            <xml-element-name>racfSystemPicklistInd</xml-element-name>
        </variable-mapping>
        <variable-mapping>
            <java-variable-name>racfLetterTypePicklistInd</java-variable-name>
            <xml-element-name>racfLetterTypePicklistInd</xml-element-name>
        </variable-mapping>
        <variable-mapping>
            <java-variable-name>racfAreaOfApplPicklistInd</java-variable-name>
            <xml-element-name>racfAreaOfApplPicklistInd</xml-element-name>
        </variable-mapping>
        <variable-mapping>
            <java-variable-name>racfApplicationPicklistInd</java-variable-name>
            <xml-element-name>racfApplicationPicklistInd</xml-element-name>
        </variable-mapping>
        <variable-mapping>
            <java-variable-name>racfBusinessTypePicklistInd</java-variable-name>
            <xml-element-name>racfBusinessTypePicklistInd</xml-element-name>
        </variable-mapping>
        <variable-mapping>
            <java-variable-name>racfCategoryPicklistInd</java-variable-name>
            <xml-element-name>racfCategoryPicklistInd</xml-element-name>
        </variable-mapping>
        <variable-mapping>
            <java-variable-name>racfCustomerClassPicklistInd</java-variable-name>
            <xml-element-name>racfCustomerClassPicklistInd</xml-element-name>
        </variable-mapping>
        <variable-mapping>
            <java-variable-name>racfCustomerMasterPicklistInd</java-variable-name>
            <xml-element-name>racfCustomerMasterPicklistInd</xml-element-name>
        </variable-mapping>
        <variable-mapping>
            <java-variable-name>racfCustomerPicklistInd</java-variable-name>
            <xml-element-name>racfCustomerPicklistInd</xml-element-name>
        </variable-mapping>
        <variable-mapping>
            <java-variable-name>racfExternalLocPicklistInd</java-variable-name>
            <xml-element-name>racfExternalLocPicklistInd</xml-element-name>
        </variable-mapping>
        <variable-mapping>
            <java-variable-name>racfSysSupportCodePicklistInd</java-variable-name>
            <xml-element-name>racfSysSupportCodePicklistInd</xml-element-name>
        </variable-mapping>
        <variable-mapping>
            <java-variable-name>racfLocationPicklistInd</java-variable-name>
            <xml-element-name>racfLocationPicklistInd</xml-element-name>
        </variable-mapping>
        <variable-mapping>
            <java-variable-name>racfMediaPicklistInd</java-variable-name>
            <xml-element-name>racfMediaPicklistInd</xml-element-name>
        </variable-mapping>
        <variable-mapping>
            <java-variable-name>racfMpgPicklistInd</java-variable-name>
            <xml-element-name>racfMpgPicklistInd</xml-element-name>
        </variable-mapping>
        <variable-mapping>
            <java-variable-name>racfPagePicklistInd</java-variable-name>
            <xml-element-name>racfPagePicklistInd</xml-element-name>
        </variable-mapping>
        <variable-mapping>
            <java-variable-name>racfPagingGroupsPicklistInd</java-variable-name>
            <xml-element-name>racfPagingGroupsPicklistInd</xml-element-name>
        </variable-mapping>
        <variable-mapping>
            <java-variable-name>racfRespondByPicklistInd</java-variable-name>
            <xml-element-name>racfRespondByPicklistInd</xml-element-name>
        </variable-mapping>
        <variable-mapping>
            <java-variable-name>racfResponseCodesPicklistInd</java-variable-name>
            <xml-element-name>racfResponseCodesPicklistInd</xml-element-name>
        </variable-mapping>
        <variable-mapping>
            <java-variable-name>racfRequestTypePicklistInd</java-variable-name>
            <xml-element-name>racfRequestTypePicklistInd</xml-element-name>
        </variable-mapping>
        <variable-mapping>
            <java-variable-name>racfResolutionCodesPicklistInd</java-variable-name>
            <xml-element-name>racfResolutionCodesPicklistInd</xml-element-name>
        </variable-mapping>
        <variable-mapping>
            <java-variable-name>racfResponsePicklistInd</java-variable-name>
            <xml-element-name>racfResponsePicklistInd</xml-element-name>
        </variable-mapping>
        <variable-mapping>
            <java-variable-name>racfSourceCodePicklistInd</java-variable-name>
            <xml-element-name>racfSourceCodePicklistInd</xml-element-name>
        </variable-mapping>
        <variable-mapping>
            <java-variable-name>racfSecurityPicklistInd</java-variable-name>
            <xml-element-name>racfSecurityPicklistInd</xml-element-name>
        </variable-mapping>
        <variable-mapping>
            <java-variable-name>racfSeverityPicklistInd</java-variable-name>
            <xml-element-name>racfSeverityPicklistInd</xml-element-name>
        </variable-mapping>
        <variable-mapping>
            <java-variable-name>racfStatusPicklistInd</java-variable-name>
            <xml-element-name>racfStatusPicklistInd</xml-element-name>
        </variable-mapping>
        <variable-mapping>
            <java-variable-name>racfSourceTypePicklistInd</java-variable-name>
            <xml-element-name>racfSourceTypePicklistInd</xml-element-name>
        </variable-mapping>
        <variable-mapping>
            <java-variable-name>racfSupportAreasPicklistInd</java-variable-name>
            <xml-element-name>racfSupportAreasPicklistInd</xml-element-name>
        </variable-mapping>
        <variable-mapping>
            <java-variable-name>racfSymptomPicklistInd</java-variable-name>
            <xml-element-name>racfSymptomPicklistInd</xml-element-name>
        </variable-mapping>
        <variable-mapping>
            <java-variable-name>racfSpecialHandPicklistInd</java-variable-name>
            <xml-element-name>racfSpecialHandPicklistInd</xml-element-name>
        </variable-mapping>
        <variable-mapping>
            <java-variable-name>racfAssetPicklistInd</java-variable-name>
            <xml-element-name>racfAssetPicklistInd</xml-element-name>
        </variable-mapping>
        <variable-mapping>
            <java-variable-name>racfCorrectActionPicklistInd</java-variable-name>
            <xml-element-name>racfCorrectActionPicklistInd</xml-element-name>
        </variable-mapping>
        <variable-mapping>
            <java-variable-name>racfRootCausePicklistInd</java-variable-name>
            <xml-element-name>racfRootCausePicklistInd</xml-element-name>
        </variable-mapping>
        <variable-mapping>
            <java-variable-name>altKeyIdScreenDefault</java-variable-name>
            <xml-element-name>altKeyIdScreenDefault</xml-element-name>
        </variable-mapping>
        <variable-mapping>
            <java-variable-name>customerIdScreenDefault</java-variable-name>
            <xml-element-name>customerIdScreenDefault</xml-element-name>
        </variable-mapping>
        <variable-mapping>
            <java-variable-name>severityScreenDefault</java-variable-name>
            <xml-element-name>severityScreenDefault</xml-element-name>
        </variable-mapping>
        <variable-mapping>
            <java-variable-name>statusScreenDefault</java-variable-name>
            <xml-element-name>statusScreenDefault</xml-element-name>
        </variable-mapping>
        <variable-mapping>
            <java-variable-name>requestReasonScreenDefault</java-variable-name>
            <xml-element-name>requestReasonScreenDefault</xml-element-name>
        </variable-mapping>
        <variable-mapping>
            <java-variable-name>resolutionScreenDefault</java-variable-name>
            <xml-element-name>resolutionScreenDefault</xml-element-name>
        </variable-mapping>
        <variable-mapping>
            <java-variable-name>categoryScreenDefault</java-variable-name>
            <xml-element-name>categoryScreenDefault</xml-element-name>
        </variable-mapping>
        <variable-mapping>
            <java-variable-name>sourceScreenDefault</java-variable-name>
            <xml-element-name>sourceScreenDefault</xml-element-name>
        </variable-mapping>
        <variable-mapping>
            <java-variable-name>internalExternalScreenDefault</java-variable-name>
            <xml-element-name>internalExternalScreenDefault</xml-element-name>
        </variable-mapping>
        <variable-mapping>
            <java-variable-name>actionRequiredScreenDefault</java-variable-name>
            <xml-element-name>actionRequiredScreenDefault</xml-element-name>
        </variable-mapping>
        <variable-mapping>
            <java-variable-name>claimNumberScreenDefault</java-variable-name>
            <xml-element-name>claimNumberScreenDefault</xml-element-name>
        </variable-mapping>
        <variable-mapping>
            <java-variable-name>providerScreenDefault</java-variable-name>
            <xml-element-name>providerScreenDefault</xml-element-name>
        </variable-mapping>
        <variable-mapping>
            <java-variable-name>documentScreenDefault</java-variable-name>
            <xml-element-name>documentScreenDefault</xml-element-name>
        </variable-mapping>
        <variable-mapping>
            <java-variable-name>applicationScreenDefault</java-variable-name>
            <xml-element-name>applicationScreenDefault</xml-element-name>
        </variable-mapping>
        <variable-mapping>
            <java-variable-name>mediaScreenDefault</java-variable-name>
            <xml-element-name>mediaScreenDefault</xml-element-name>
        </variable-mapping>
        <variable-mapping>
            <java-variable-name>customerNameScreenDefault</java-variable-name>
            <xml-element-name>customerNameScreenDefault</xml-element-name>
        </variable-mapping>
        <variable-mapping>
            <java-variable-name>dateReceivedMonthScreenDefault</java-variable-name>
            <xml-element-name>dateReceivedMonthScreenDefault</xml-element-name>
        </variable-mapping>
        <variable-mapping>
            <java-variable-name>dateReceivedDayScreenDefault</java-variable-name>
            <xml-element-name>dateReceivedDayScreenDefault</xml-element-name>
        </variable-mapping>
        <variable-mapping>
            <java-variable-name>dateReceivedYearScreenDefault</java-variable-name>
            <xml-element-name>dateReceivedYearScreenDefault</xml-element-name>
        </variable-mapping>
        <variable-mapping>
            <java-variable-name>externalLocationScreenDefault</java-variable-name>
            <xml-element-name>externalLocationScreenDefault</xml-element-name>
        </variable-mapping>
        <variable-mapping>
            <java-variable-name>dateSentMonthScreenDefault</java-variable-name>
            <xml-element-name>dateSentMonthScreenDefault</xml-element-name>
        </variable-mapping>
        <variable-mapping>
            <java-variable-name>dateSentDayScreenDefault</java-variable-name>
            <xml-element-name>dateSentDayScreenDefault</xml-element-name>
        </variable-mapping>
        <variable-mapping>
            <java-variable-name>dateSentYearScreenDefault</java-variable-name>
            <xml-element-name>dateSentYearScreenDefault</xml-element-name>
        </variable-mapping>
        <variable-mapping>
            <java-variable-name>statusDateMonthScreenDefault</java-variable-name>
            <xml-element-name>statusDateMonthScreenDefault</xml-element-name>
        </variable-mapping>
        <variable-mapping>
            <java-variable-name>statusDateDayScreenDefault</java-variable-name>
            <xml-element-name>statusDateDayScreenDefault</xml-element-name>
        </variable-mapping>
        <variable-mapping>
            <java-variable-name>statusDateYearScreenDefault</java-variable-name>
            <xml-element-name>statusDateYearScreenDefault</xml-element-name>
        </variable-mapping>
        <variable-mapping>
            <java-variable-name>responseDateMonthScreenDefault</java-variable-name>
            <xml-element-name>responseDateMonthScreenDefault</xml-element-name>
        </variable-mapping>
        <variable-mapping>
            <java-variable-name>responseDateDayScreenDefault</java-variable-name>
            <xml-element-name>responseDateDayScreenDefault</xml-element-name>
        </variable-mapping>
        <variable-mapping>
            <java-variable-name>responseDateYearScreenDefault</java-variable-name>
            <xml-element-name>responseDateYearScreenDefault</xml-element-name>
        </variable-mapping>
        <variable-mapping>
            <java-variable-name>followupDateMonthScreenDefault</java-variable-name>
            <xml-element-name>followupDateMonthScreenDefault</xml-element-name>
        </variable-mapping>
        <variable-mapping>
            <java-variable-name>followupDateDayScreenDefault</java-variable-name>
            <xml-element-name>followupDateDayScreenDefault</xml-element-name>
        </variable-mapping>
        <variable-mapping>
            <java-variable-name>followupDateYearScreenDefault</java-variable-name>
            <xml-element-name>followupDateYearScreenDefault</xml-element-name>
        </variable-mapping>
        <variable-mapping>
            <java-variable-name>patientIdScreenDefault</java-variable-name>
            <xml-element-name>patientIdScreenDefault</xml-element-name>
        </variable-mapping>
        <variable-mapping>
            <java-variable-name>patientNameScreenDefault</java-variable-name>
            <xml-element-name>patientNameScreenDefault</xml-element-name>
        </variable-mapping>
        <variable-mapping>
            <java-variable-name>stateScreenDefault</java-variable-name>
            <xml-element-name>stateScreenDefault</xml-element-name>
        </variable-mapping>
        <variable-mapping>
            <java-variable-name>patientRltnshpScreenDefault</java-variable-name>
            <xml-element-name>patientRltnshpScreenDefault</xml-element-name>
        </variable-mapping>
        <variable-mapping>
            <java-variable-name>eligibilityScreenDefault</java-variable-name>
            <xml-element-name>eligibilityScreenDefault</xml-element-name>
        </variable-mapping>
        <variable-mapping>
            <java-variable-name>zipScreenDefault</java-variable-name>
            <xml-element-name>zipScreenDefault</xml-element-name>
        </variable-mapping>
        <variable-mapping>
            <java-variable-name>amountDollarsScreenDefault</java-variable-name>
            <xml-element-name>amountDollarsScreenDefault</xml-element-name>
        </variable-mapping>
        <variable-mapping>
            <java-variable-name>amountCentsScreenDefault</java-variable-name>
            <xml-element-name>amountCentsScreenDefault</xml-element-name>
        </variable-mapping>
        <variable-mapping>
            <java-variable-name>ebizReplyAbendcode</java-variable-name>
            <xml-element-name>ebizReplyAbendcode</xml-element-name>
        </variable-mapping>
        <variable-mapping>
            <java-variable-name>ebizReplyStatus</java-variable-name>
            <xml-element-name>ebizReplyStatus</xml-element-name>
        </variable-mapping>
        <variable-mapping>
            <java-variable-name>ebizReplyStatusMessage</java-variable-name>
            <xml-element-name>ebizReplyStatusMessage</xml-element-name>
        </variable-mapping>
    </java-xml-type-mapping>
    <java-xml-type-mapping>
        <java-type>int</java-type>
        <root-type-qname xmlns:rtq="http://www.w3.org/2001/XMLSchema">rtq:int</root-type-qname>
        <qname-scope>simpleType</qname-scope>
    </java-xml-type-mapping>
    <java-xml-type-mapping>
        <java-type>boolean</java-type>
        <root-type-qname xmlns:rtq="http://www.w3.org/2001/XMLSchema">rtq:boolean</root-type-qname>
        <qname-scope>simpleType</qname-scope>
    </java-xml-type-mapping>
    <java-xml-type-mapping>
        <java-type>com.bcbssc.services.informemployeeprofile.InformEmployeeProfileProfileInformation</java-type>
        <root-type-qname xmlns:rtq="http://InformEmployeeProfile.INFOC103EJB.shared.bcbssc.com">rtq:InformEmployeeProfileProfileInformation</root-type-qname>
        <qname-scope>complexType</qname-scope>
        <variable-mapping>
            <java-variable-name>workloadRole</java-variable-name>
            <xml-element-name>workloadRole</xml-element-name>
        </variable-mapping>
        <variable-mapping>
            <java-variable-name>workloadCompanyCode</java-variable-name>
            <xml-element-name>workloadCompanyCode</xml-element-name>
        </variable-mapping>
        <variable-mapping>
            <java-variable-name>workloadDivisionCode</java-variable-name>
            <xml-element-name>workloadDivisionCode</xml-element-name>
        </variable-mapping>
        <variable-mapping>
            <java-variable-name>workloadDepartmentCode</java-variable-name>
            <xml-element-name>workloadDepartmentCode</xml-element-name>
        </variable-mapping>
        <variable-mapping>
            <java-variable-name>workloadEmployeeIdNumber</java-variable-name>
            <xml-element-name>workloadEmployeeIdNumber</xml-element-name>
        </variable-mapping>
        <variable-mapping>
            <java-variable-name>workloadTitle</java-variable-name>
            <xml-element-name>workloadTitle</xml-element-name>
        </variable-mapping>
    </java-xml-type-mapping>
    <java-xml-type-mapping>
        <java-type>com.microfocus.cmpgen.EbizException</java-type>
        <root-type-qname xmlns:rtq="http://cmpgen.microfocus.com">rtq:EbizException</root-type-qname>
        <qname-scope>complexType</qname-scope>
        <variable-mapping>
            <java-variable-name>message</java-variable-name>
            <xml-element-name>message</xml-element-name>
        </variable-mapping>
    </java-xml-type-mapping>
    <java-xml-type-mapping>
        <java-type>com.microfocus.cmpgen.EbizException</java-type>
        <root-type-qname xmlns:rtq="http://cmpgen.microfocus.com">rtq:EbizException</root-type-qname>
        <qname-scope>element</qname-scope>
    </java-xml-type-mapping>
    <java-xml-type-mapping>
        <java-type>com.bcbssc.services.informemployeeprofile.InformEmployeeProfileInput</java-type>
        <root-type-qname xmlns:rtq="http://InformEmployeeProfile.INFOC103EJB.shared.bcbssc.com">rtq:InformEmployeeProfileInput</root-type-qname>
        <qname-scope>complexType</qname-scope>
        <variable-mapping>
            <java-variable-name>systemPrefix</java-variable-name>
            <xml-element-name>systemPrefix</xml-element-name>
        </variable-mapping>
        <variable-mapping>
            <java-variable-name>racfId</java-variable-name>
            <xml-element-name>racfId</xml-element-name>
        </variable-mapping>
        <variable-mapping>
            <java-variable-name>defaultCompanyCode</java-variable-name>
            <xml-element-name>defaultCompanyCode</xml-element-name>
        </variable-mapping>
        <variable-mapping>
            <java-variable-name>defaultDivisionCode</java-variable-name>
            <xml-element-name>defaultDivisionCode</xml-element-name>
        </variable-mapping>
        <variable-mapping>
            <java-variable-name>defaultDepartmentCode</java-variable-name>
            <xml-element-name>defaultDepartmentCode</xml-element-name>
        </variable-mapping>
        <variable-mapping>
            <java-variable-name>roleIndicator</java-variable-name>
            <xml-element-name>roleIndicator</xml-element-name>
        </variable-mapping>
        <variable-mapping>
            <java-variable-name>role1</java-variable-name>
            <xml-element-name>role1</xml-element-name>
        </variable-mapping>
        <variable-mapping>
            <java-variable-name>role2</java-variable-name>
            <xml-element-name>role2</xml-element-name>
        </variable-mapping>
        <variable-mapping>
            <java-variable-name>role3</java-variable-name>
            <xml-element-name>role3</xml-element-name>
        </variable-mapping>
        <variable-mapping>
            <java-variable-name>role4</java-variable-name>
            <xml-element-name>role4</xml-element-name>
        </variable-mapping>
        <variable-mapping>
            <java-variable-name>role5</java-variable-name>
            <xml-element-name>role5</xml-element-name>
        </variable-mapping>
        <variable-mapping>
            <java-variable-name>hostID</java-variable-name>
            <xml-element-name>hostID</xml-element-name>
        </variable-mapping>
        <variable-mapping>
            <java-variable-name>hostPassword</java-variable-name>
            <xml-element-name>hostPassword</xml-element-name>
        </variable-mapping>
        <variable-mapping>
            <java-variable-name>toEscapeChar</java-variable-name>
            <xml-element-name>toEscapeChar</xml-element-name>
        </variable-mapping>
        <variable-mapping>
            <java-variable-name>MWIConfig</java-variable-name>
            <xml-element-name>MWIConfig</xml-element-name>
        </variable-mapping>
        <variable-mapping>
            <java-variable-name>applTrace</java-variable-name>
            <xml-element-name>applTrace</xml-element-name>
        </variable-mapping>
    </java-xml-type-mapping>
    <java-xml-type-mapping>
        <java-type>com.bcbssc.services.informemployeeprofile.InformEmployeeProfileProfileInformation[]</java-type>
        <anonymous-type-qname>http://InformEmployeeProfile.INFOC103EJB.shared.bcbssc.com:InformEmployeeProfileProfileInformation[0,unbounded]</anonymous-type-qname>
        <qname-scope>complexType</qname-scope>
    </java-xml-type-mapping>
    <java-xml-type-mapping>
        <java-type>com.bcbssc.services.informemployeeprofile.InformEmployeeProfileProfileInformation[]</java-type>
        <anonymous-type-qname>http://InformEmployeeProfile.INFOC103EJB.shared.bcbssc.com:ArrayOfInformEmployeeProfileProfileInformation&gt;InformEmployeeProfileProfileInformation[0,unbounded]</anonymous-type-qname>
        <qname-scope>complexType</qname-scope>
    </java-xml-type-mapping>
    <exception-mapping>
        <exception-type>com.microfocus.cmpgen.EbizException</exception-type>
        <wsdl-message xmlns:em="http://InformEmployeeProfile.INFOC103EJB.shared.bcbssc.com">em:EbizException</wsdl-message>
        <constructor-parameter-order>
            <element-name>message</element-name>
        </constructor-parameter-order>
    </exception-mapping>
    <service-interface-mapping>
        <service-interface>com.bcbssc.services.informemployeeprofile.InformEmployeeProfileServiceService</service-interface>
        <wsdl-service-name xmlns:sim="http://InformEmployeeProfile.INFOC103EJB.shared.bcbssc.com">sim:InformEmployeeProfileServiceService</wsdl-service-name>
        <port-mapping>
            <port-name>InformEmployeeProfile</port-name>
            <java-port-name>InformEmployeeProfile</java-port-name>
        </port-mapping>
    </service-interface-mapping>
    <service-endpoint-interface-mapping>
        <service-endpoint-interface>com.bcbssc.services.informemployeeprofile.InformEmployeeProfileService</service-endpoint-interface>
        <wsdl-port-type xmlns:seimwpt="http://InformEmployeeProfile.INFOC103EJB.shared.bcbssc.com">seimwpt:InformEmployeeProfileService</wsdl-port-type>
        <wsdl-binding xmlns:seimwb="http://InformEmployeeProfile.INFOC103EJB.shared.bcbssc.com">seimwb:InformEmployeeProfileSoapBinding</wsdl-binding>
        <service-endpoint-method-mapping>
            <java-method-name>getInformEmployeeProfile</java-method-name>
            <wsdl-operation>getInformEmployeeProfile</wsdl-operation>
            <wrapped-element/>
            <method-param-parts-mapping>
                <param-position>0</param-position>
                <param-type>com.bcbssc.services.informemployeeprofile.InformEmployeeProfileInput</param-type>
                <wsdl-message-mapping>
                    <wsdl-message xmlns:mppm="http://InformEmployeeProfile.INFOC103EJB.shared.bcbssc.com">mppm:getInformEmployeeProfileRequest</wsdl-message>
                    <wsdl-message-part-name>arg_0_0</wsdl-message-part-name>
                    <parameter-mode>IN</parameter-mode>
                </wsdl-message-mapping>
            </method-param-parts-mapping>
            <wsdl-return-value-mapping>
                <method-return-value>com.bcbssc.services.informemployeeprofile.InformEmployeeProfileOutput</method-return-value>
                <wsdl-message xmlns:wrvm="http://InformEmployeeProfile.INFOC103EJB.shared.bcbssc.com">wrvm:getInformEmployeeProfileResponse</wsdl-message>
                <wsdl-message-part-name>getInformEmployeeProfileReturn</wsdl-message-part-name>
            </wsdl-return-value-mapping>
        </service-endpoint-method-mapping>
    </service-endpoint-interface-mapping>
</java-wsdl-mapping>