<?xml version="1.0" encoding="UTF-8"?><java-wsdl-mapping version="1.1" xmlns="http://java.sun.com/xml/ns/j2ee" xmlns:xsi="http://www.w3.org/2001/XMLSchema-instance" xsi:schemaLocation="http://java.sun.com/xml/ns/j2ee http://www.ibm.com/webservices/xsd/j2ee_jaxrpc_mapping_1_1.xsd">
    <package-mapping>
        <package-type>com.bcbssc.services.managedcarepatientlist</package-type>
        <namespaceURI>http://ManagedCarePatientList.THLST101EJB.health.bcbssc.com</namespaceURI>
    </package-mapping>
    <package-mapping>
        <package-type>com.microfocus.cmpgen</package-type>
        <namespaceURI>http://cmpgen.microfocus.com</namespaceURI>
    </package-mapping>
    <java-xml-type-mapping>
        <java-type>com.bcbssc.services.managedcarepatientlist.ManagedCarePatientListOutput</java-type>
        <root-type-qname xmlns:rtq="http://ManagedCarePatientList.THLST101EJB.health.bcbssc.com">rtq:ManagedCarePatientListOutput</root-type-qname>
        <qname-scope>complexType</qname-scope>
        <variable-mapping>
            <java-variable-name>applicationMessage</java-variable-name>
            <xml-element-name>applicationMessage</xml-element-name>
        </variable-mapping>
        <variable-mapping>
            <java-variable-name>serviceMessage</java-variable-name>
            <xml-element-name>serviceMessage</xml-element-name>
        </variable-mapping>
        <variable-mapping>
            <java-variable-name>serviceMessageCode</java-variable-name>
            <xml-element-name>serviceMessageCode</xml-element-name>
        </variable-mapping>
        <variable-mapping>
            <java-variable-name>systemMessage</java-variable-name>
            <xml-element-name>systemMessage</xml-element-name>
        </variable-mapping>
        <variable-mapping>
            <java-variable-name>groupNumber</java-variable-name>
            <xml-element-name>groupNumber</xml-element-name>
        </variable-mapping>
        <variable-mapping>
            <java-variable-name>locationCode</java-variable-name>
            <xml-element-name>locationCode</xml-element-name>
        </variable-mapping>
        <variable-mapping>
            <java-variable-name>patientRecord</java-variable-name>
            <xml-element-name>patientRecord</xml-element-name>
        </variable-mapping>
        <variable-mapping>
            <java-variable-name>ebizReplyAbendcode</java-variable-name>
            <xml-element-name>ebizReplyAbendcode</xml-element-name>
        </variable-mapping>
        <variable-mapping>
            <java-variable-name>ebizReplyStatus</java-variable-name>
            <xml-element-name>ebizReplyStatus</xml-element-name>
        </variable-mapping>
        <variable-mapping>
            <java-variable-name>ebizReplyStatusMessage</java-variable-name>
            <xml-element-name>ebizReplyStatusMessage</xml-element-name>
        </variable-mapping>
    </java-xml-type-mapping>
    <java-xml-type-mapping>
        <java-type>com.bcbssc.services.managedcarepatientlist.ManagedCarePatientListInput</java-type>
        <root-type-qname xmlns:rtq="http://ManagedCarePatientList.THLST101EJB.health.bcbssc.com">rtq:ManagedCarePatientListInput</root-type-qname>
        <qname-scope>complexType</qname-scope>
        <variable-mapping>
            <java-variable-name>rpn</java-variable-name>
            <xml-element-name>rpn</xml-element-name>
        </variable-mapping>
        <variable-mapping>
            <java-variable-name>planCode</java-variable-name>
            <xml-element-name>planCode</xml-element-name>
        </variable-mapping>
        <variable-mapping>
            <java-variable-name>subscriberId</java-variable-name>
            <xml-element-name>subscriberId</xml-element-name>
        </variable-mapping>
        <variable-mapping>
            <java-variable-name>hostID</java-variable-name>
            <xml-element-name>hostID</xml-element-name>
        </variable-mapping>
        <variable-mapping>
            <java-variable-name>hostPassword</java-variable-name>
            <xml-element-name>hostPassword</xml-element-name>
        </variable-mapping>
        <variable-mapping>
            <java-variable-name>toEscapeChar</java-variable-name>
            <xml-element-name>toEscapeChar</xml-element-name>
        </variable-mapping>
        <variable-mapping>
            <java-variable-name>MWIConfig</java-variable-name>
            <xml-element-name>MWIConfig</xml-element-name>
        </variable-mapping>
        <variable-mapping>
            <java-variable-name>applTrace</java-variable-name>
            <xml-element-name>applTrace</xml-element-name>
        </variable-mapping>
    </java-xml-type-mapping>
    <java-xml-type-mapping>
        <java-type>com.bcbssc.services.managedcarepatientlist.ManagedCarePatientListPatientRecord[]</java-type>
        <root-type-qname xmlns:rtq="http://ManagedCarePatientList.THLST101EJB.health.bcbssc.com">rtq:ArrayOfManagedCarePatientListPatientRecord</root-type-qname>
        <qname-scope>complexType</qname-scope>
        <variable-mapping>
            <java-variable-name>managedCarePatientListPatientRecord</java-variable-name>
            <xml-element-name>ManagedCarePatientListPatientRecord</xml-element-name>
        </variable-mapping>
    </java-xml-type-mapping>
    <java-xml-type-mapping>
        <java-type>java.lang.String</java-type>
        <root-type-qname xmlns:rtq="http://www.w3.org/2001/XMLSchema">rtq:string</root-type-qname>
        <qname-scope>simpleType</qname-scope>
    </java-xml-type-mapping>
    <java-xml-type-mapping>
        <java-type>int</java-type>
        <root-type-qname xmlns:rtq="http://www.w3.org/2001/XMLSchema">rtq:int</root-type-qname>
        <qname-scope>simpleType</qname-scope>
    </java-xml-type-mapping>
    <java-xml-type-mapping>
        <java-type>boolean</java-type>
        <root-type-qname xmlns:rtq="http://www.w3.org/2001/XMLSchema">rtq:boolean</root-type-qname>
        <qname-scope>simpleType</qname-scope>
    </java-xml-type-mapping>
    <java-xml-type-mapping>
        <java-type>com.bcbssc.services.managedcarepatientlist.ManagedCarePatientListPatientRecord</java-type>
        <root-type-qname xmlns:rtq="http://ManagedCarePatientList.THLST101EJB.health.bcbssc.com">rtq:ManagedCarePatientListPatientRecord</root-type-qname>
        <qname-scope>complexType</qname-scope>
        <variable-mapping>
            <java-variable-name>patientId</java-variable-name>
            <xml-element-name>patientId</xml-element-name>
        </variable-mapping>
        <variable-mapping>
            <java-variable-name>patientName</java-variable-name>
            <xml-element-name>patientName</xml-element-name>
        </variable-mapping>
        <variable-mapping>
            <java-variable-name>patientGenderAndRltnshpcode</java-variable-name>
            <xml-element-name>patientGenderAndRltnshpcode</xml-element-name>
        </variable-mapping>
        <variable-mapping>
            <java-variable-name>patientDateOfBirth</java-variable-name>
            <xml-element-name>patientDateOfBirth</xml-element-name>
        </variable-mapping>
        <variable-mapping>
            <java-variable-name>ammsIndicator</java-variable-name>
            <xml-element-name>ammsIndicator</xml-element-name>
        </variable-mapping>
    </java-xml-type-mapping>
    <java-xml-type-mapping>
        <java-type>com.microfocus.cmpgen.EbizException</java-type>
        <root-type-qname xmlns:rtq="http://cmpgen.microfocus.com">rtq:EbizException</root-type-qname>
        <qname-scope>complexType</qname-scope>
        <variable-mapping>
            <java-variable-name>message</java-variable-name>
            <xml-element-name>message</xml-element-name>
        </variable-mapping>
    </java-xml-type-mapping>
    <java-xml-type-mapping>
        <java-type>com.microfocus.cmpgen.EbizException</java-type>
        <root-type-qname xmlns:rtq="http://cmpgen.microfocus.com">rtq:EbizException</root-type-qname>
        <qname-scope>element</qname-scope>
    </java-xml-type-mapping>
    <java-xml-type-mapping>
        <java-type>com.bcbssc.services.managedcarepatientlist.ManagedCarePatientListPatientRecord[]</java-type>
        <anonymous-type-qname>http://ManagedCarePatientList.THLST101EJB.health.bcbssc.com:ManagedCarePatientListPatientRecord[0,unbounded]</anonymous-type-qname>
        <qname-scope>complexType</qname-scope>
    </java-xml-type-mapping>
    <java-xml-type-mapping>
        <java-type>com.bcbssc.services.managedcarepatientlist.ManagedCarePatientListPatientRecord[]</java-type>
        <anonymous-type-qname>http://ManagedCarePatientList.THLST101EJB.health.bcbssc.com:ArrayOfManagedCarePatientListPatientRecord&gt;ManagedCarePatientListPatientRecord[0,unbounded]</anonymous-type-qname>
        <qname-scope>complexType</qname-scope>
    </java-xml-type-mapping>
    <exception-mapping>
        <exception-type>com.microfocus.cmpgen.EbizException</exception-type>
        <wsdl-message xmlns:em="http://ManagedCarePatientList.THLST101EJB.health.bcbssc.com">em:EbizException</wsdl-message>
        <constructor-parameter-order>
            <element-name>message</element-name>
        </constructor-parameter-order>
    </exception-mapping>
    <service-interface-mapping>
        <service-interface>com.bcbssc.services.managedcarepatientlist.ManagedCarePatientListServiceService</service-interface>
        <wsdl-service-name xmlns:sim="http://ManagedCarePatientList.THLST101EJB.health.bcbssc.com">sim:ManagedCarePatientListServiceService</wsdl-service-name>
        <port-mapping>
            <port-name>ManagedCarePatientList</port-name>
            <java-port-name>ManagedCarePatientList</java-port-name>
        </port-mapping>
    </service-interface-mapping>
    <service-endpoint-interface-mapping>
        <service-endpoint-interface>com.bcbssc.services.managedcarepatientlist.ManagedCarePatientListService</service-endpoint-interface>
        <wsdl-port-type xmlns:seimwpt="http://ManagedCarePatientList.THLST101EJB.health.bcbssc.com">seimwpt:ManagedCarePatientListService</wsdl-port-type>
        <wsdl-binding xmlns:seimwb="http://ManagedCarePatientList.THLST101EJB.health.bcbssc.com">seimwb:ManagedCarePatientListSoapBinding</wsdl-binding>
        <service-endpoint-method-mapping>
            <java-method-name>getManagedCarePatientList</java-method-name>
            <wsdl-operation>getManagedCarePatientList</wsdl-operation>
            <wrapped-element/>
            <method-param-parts-mapping>
                <param-position>0</param-position>
                <param-type>com.bcbssc.services.managedcarepatientlist.ManagedCarePatientListInput</param-type>
                <wsdl-message-mapping>
                    <wsdl-message xmlns:mppm="http://ManagedCarePatientList.THLST101EJB.health.bcbssc.com">mppm:getManagedCarePatientListRequest</wsdl-message>
                    <wsdl-message-part-name>arg_0_0</wsdl-message-part-name>
                    <parameter-mode>IN</parameter-mode>
                </wsdl-message-mapping>
            </method-param-parts-mapping>
            <wsdl-return-value-mapping>
                <method-return-value>com.bcbssc.services.managedcarepatientlist.ManagedCarePatientListOutput</method-return-value>
                <wsdl-message xmlns:wrvm="http://ManagedCarePatientList.THLST101EJB.health.bcbssc.com">wrvm:getManagedCarePatientListResponse</wsdl-message>
                <wsdl-message-part-name>getManagedCarePatientListReturn</wsdl-message-part-name>
            </wsdl-return-value-mapping>
        </service-endpoint-method-mapping>
    </service-endpoint-interface-mapping>
</java-wsdl-mapping>