<?xml version="1.0" encoding="UTF-8"?><java-wsdl-mapping version="1.1" xmlns="http://java.sun.com/xml/ns/j2ee" xmlns:xsi="http://www.w3.org/2001/XMLSchema-instance" xsi:schemaLocation="http://java.sun.com/xml/ns/j2ee http://www.ibm.com/webservices/xsd/j2ee_jaxrpc_mapping_1_1.xsd">
    <package-mapping>
        <package-type>com.bcbssc.services.memberstatushistory</package-type>
        <namespaceURI>http://MemberStatusHistory.SEIUT103EJB.commercial.bcbssc.com</namespaceURI>
    </package-mapping>
    <package-mapping>
        <package-type>com.microfocus.cmpgen</package-type>
        <namespaceURI>http://cmpgen.microfocus.com</namespaceURI>
    </package-mapping>
    <java-xml-type-mapping>
        <java-type>com.bcbssc.services.memberstatushistory.MemberStatusHistoryMemberStatusInformation[]</java-type>
        <anonymous-type-qname>http://MemberStatusHistory.SEIUT103EJB.commercial.bcbssc.com:MemberStatusHistoryMemberStatusInformation[0,unbounded]</anonymous-type-qname>
        <qname-scope>complexType</qname-scope>
    </java-xml-type-mapping>
    <java-xml-type-mapping>
        <java-type>com.bcbssc.services.memberstatushistory.MemberStatusHistoryMemberStatusInformation</java-type>
        <root-type-qname xmlns:rtq="http://MemberStatusHistory.SEIUT103EJB.commercial.bcbssc.com">rtq:MemberStatusHistoryMemberStatusInformation</root-type-qname>
        <qname-scope>complexType</qname-scope>
        <variable-mapping>
            <java-variable-name>confidentialClaimIndicator</java-variable-name>
            <xml-element-name>confidentialClaimIndicator</xml-element-name>
        </variable-mapping>
        <variable-mapping>
            <java-variable-name>suppressIdCardsIndicator</java-variable-name>
            <xml-element-name>suppressIdCardsIndicator</xml-element-name>
        </variable-mapping>
        <variable-mapping>
            <java-variable-name>preferredLanguageCode</java-variable-name>
            <xml-element-name>preferredLanguageCode</xml-element-name>
        </variable-mapping>
        <variable-mapping>
            <java-variable-name>voidStatusIndicator</java-variable-name>
            <xml-element-name>voidStatusIndicator</xml-element-name>
        </variable-mapping>
        <variable-mapping>
            <java-variable-name>recordBeginDate</java-variable-name>
            <xml-element-name>recordBeginDate</xml-element-name>
        </variable-mapping>
        <variable-mapping>
            <java-variable-name>recordTermDate</java-variable-name>
            <xml-element-name>recordTermDate</xml-element-name>
        </variable-mapping>
        <variable-mapping>
            <java-variable-name>cancelCode</java-variable-name>
            <xml-element-name>cancelCode</xml-element-name>
        </variable-mapping>
        <variable-mapping>
            <java-variable-name>originalEnrollDate</java-variable-name>
            <xml-element-name>originalEnrollDate</xml-element-name>
        </variable-mapping>
        <variable-mapping>
            <java-variable-name>understandsEnglishIndicator</java-variable-name>
            <xml-element-name>understandsEnglishIndicator</xml-element-name>
        </variable-mapping>
        <variable-mapping>
            <java-variable-name>memberNumber</java-variable-name>
            <xml-element-name>memberNumber</xml-element-name>
        </variable-mapping>
        <variable-mapping>
            <java-variable-name>memberFirstName</java-variable-name>
            <xml-element-name>memberFirstName</xml-element-name>
        </variable-mapping>
        <variable-mapping>
            <java-variable-name>memberMiddleName</java-variable-name>
            <xml-element-name>memberMiddleName</xml-element-name>
        </variable-mapping>
        <variable-mapping>
            <java-variable-name>memberLastName</java-variable-name>
            <xml-element-name>memberLastName</xml-element-name>
        </variable-mapping>
        <variable-mapping>
            <java-variable-name>memberSuffix</java-variable-name>
            <xml-element-name>memberSuffix</xml-element-name>
        </variable-mapping>
        <variable-mapping>
            <java-variable-name>memberRelationship</java-variable-name>
            <xml-element-name>memberRelationship</xml-element-name>
        </variable-mapping>
        <variable-mapping>
            <java-variable-name>memberGender</java-variable-name>
            <xml-element-name>memberGender</xml-element-name>
        </variable-mapping>
        <variable-mapping>
            <java-variable-name>memberDateOfBirth</java-variable-name>
            <xml-element-name>memberDateOfBirth</xml-element-name>
        </variable-mapping>
        <variable-mapping>
            <java-variable-name>memberSocialSecurityNumber</java-variable-name>
            <xml-element-name>memberSocialSecurityNumber</xml-element-name>
        </variable-mapping>
        <variable-mapping>
            <java-variable-name>memberOverAgeDependentInd</java-variable-name>
            <xml-element-name>memberOverAgeDependentInd</xml-element-name>
        </variable-mapping>
        <variable-mapping>
            <java-variable-name>memberOverAgeCertifiedDate</java-variable-name>
            <xml-element-name>memberOverAgeCertifiedDate</xml-element-name>
        </variable-mapping>
        <variable-mapping>
            <java-variable-name>memberTobaccoUsageIndicator</java-variable-name>
            <xml-element-name>memberTobaccoUsageIndicator</xml-element-name>
        </variable-mapping>
        <variable-mapping>
            <java-variable-name>memberMaritalStatusCode</java-variable-name>
            <xml-element-name>memberMaritalStatusCode</xml-element-name>
        </variable-mapping>
        <variable-mapping>
            <java-variable-name>memberMaritalStatusDate</java-variable-name>
            <xml-element-name>memberMaritalStatusDate</xml-element-name>
        </variable-mapping>
        <variable-mapping>
            <java-variable-name>memberEmployeeStatusInd</java-variable-name>
            <xml-element-name>memberEmployeeStatusInd</xml-element-name>
        </variable-mapping>
        <variable-mapping>
            <java-variable-name>medicareNumber</java-variable-name>
            <xml-element-name>medicareNumber</xml-element-name>
        </variable-mapping>
        <variable-mapping>
            <java-variable-name>memberNameTitle</java-variable-name>
            <xml-element-name>memberNameTitle</xml-element-name>
        </variable-mapping>
        <variable-mapping>
            <java-variable-name>memberNickName1</java-variable-name>
            <xml-element-name>memberNickName1</xml-element-name>
        </variable-mapping>
        <variable-mapping>
            <java-variable-name>memberNickName2</java-variable-name>
            <xml-element-name>memberNickName2</xml-element-name>
        </variable-mapping>
        <variable-mapping>
            <java-variable-name>memberStatusCode</java-variable-name>
            <xml-element-name>memberStatusCode</xml-element-name>
        </variable-mapping>
        <variable-mapping>
            <java-variable-name>visionPlanPatientId</java-variable-name>
            <xml-element-name>visionPlanPatientId</xml-element-name>
        </variable-mapping>
        <variable-mapping>
            <java-variable-name>previousMedPlanPatientId</java-variable-name>
            <xml-element-name>previousMedPlanPatientId</xml-element-name>
        </variable-mapping>
        <variable-mapping>
            <java-variable-name>currentMedPlanPatientId</java-variable-name>
            <xml-element-name>currentMedPlanPatientId</xml-element-name>
        </variable-mapping>
        <variable-mapping>
            <java-variable-name>updatedByOperatorId</java-variable-name>
            <xml-element-name>updatedByOperatorId</xml-element-name>
        </variable-mapping>
        <variable-mapping>
            <java-variable-name>memberCoverageIndicator</java-variable-name>
            <xml-element-name>memberCoverageIndicator</xml-element-name>
        </variable-mapping>
        <variable-mapping>
            <java-variable-name>memberProcessExceptionInd</java-variable-name>
            <xml-element-name>memberProcessExceptionInd</xml-element-name>
        </variable-mapping>
        <variable-mapping>
            <java-variable-name>memberUnderWriterIndicator</java-variable-name>
            <xml-element-name>memberUnderWriterIndicator</xml-element-name>
        </variable-mapping>
        <variable-mapping>
            <java-variable-name>memberRatingFactorIndicator</java-variable-name>
            <xml-element-name>memberRatingFactorIndicator</xml-element-name>
        </variable-mapping>
        <variable-mapping>
            <java-variable-name>memberPrimaryCarePhysicianInd</java-variable-name>
            <xml-element-name>memberPrimaryCarePhysicianInd</xml-element-name>
        </variable-mapping>
        <variable-mapping>
            <java-variable-name>memberRepresentativeInd</java-variable-name>
            <xml-element-name>memberRepresentativeInd</xml-element-name>
        </variable-mapping>
        <variable-mapping>
            <java-variable-name>memberUpdatedDate</java-variable-name>
            <xml-element-name>memberUpdatedDate</xml-element-name>
        </variable-mapping>
        <variable-mapping>
            <java-variable-name>memberSetupDate</java-variable-name>
            <xml-element-name>memberSetupDate</xml-element-name>
        </variable-mapping>
    </java-xml-type-mapping>
    <java-xml-type-mapping>
        <java-type>java.lang.String</java-type>
        <root-type-qname xmlns:rtq="http://www.w3.org/2001/XMLSchema">rtq:string</root-type-qname>
        <qname-scope>simpleType</qname-scope>
    </java-xml-type-mapping>
    <java-xml-type-mapping>
        <java-type>com.bcbssc.services.memberstatushistory.MemberStatusHistoryInput</java-type>
        <root-type-qname xmlns:rtq="http://MemberStatusHistory.SEIUT103EJB.commercial.bcbssc.com">rtq:MemberStatusHistoryInput</root-type-qname>
        <qname-scope>complexType</qname-scope>
        <variable-mapping>
            <java-variable-name>subscriberId</java-variable-name>
            <xml-element-name>subscriberId</xml-element-name>
        </variable-mapping>
        <variable-mapping>
            <java-variable-name>memberNumberRequested</java-variable-name>
            <xml-element-name>memberNumberRequested</xml-element-name>
        </variable-mapping>
        <variable-mapping>
            <java-variable-name>pageNumberRequested</java-variable-name>
            <xml-element-name>pageNumberRequested</xml-element-name>
        </variable-mapping>
        <variable-mapping>
            <java-variable-name>rpn</java-variable-name>
            <xml-element-name>rpn</xml-element-name>
        </variable-mapping>
        <variable-mapping>
            <java-variable-name>hostID</java-variable-name>
            <xml-element-name>hostID</xml-element-name>
        </variable-mapping>
        <variable-mapping>
            <java-variable-name>hostPassword</java-variable-name>
            <xml-element-name>hostPassword</xml-element-name>
        </variable-mapping>
        <variable-mapping>
            <java-variable-name>toEscapeChar</java-variable-name>
            <xml-element-name>toEscapeChar</xml-element-name>
        </variable-mapping>
        <variable-mapping>
            <java-variable-name>MWIConfig</java-variable-name>
            <xml-element-name>MWIConfig</xml-element-name>
        </variable-mapping>
        <variable-mapping>
            <java-variable-name>applTrace</java-variable-name>
            <xml-element-name>applTrace</xml-element-name>
        </variable-mapping>
    </java-xml-type-mapping>
    <java-xml-type-mapping>
        <java-type>int</java-type>
        <root-type-qname xmlns:rtq="http://www.w3.org/2001/XMLSchema">rtq:int</root-type-qname>
        <qname-scope>simpleType</qname-scope>
    </java-xml-type-mapping>
    <java-xml-type-mapping>
        <java-type>boolean</java-type>
        <root-type-qname xmlns:rtq="http://www.w3.org/2001/XMLSchema">rtq:boolean</root-type-qname>
        <qname-scope>simpleType</qname-scope>
    </java-xml-type-mapping>
    <java-xml-type-mapping>
        <java-type>com.microfocus.cmpgen.EbizException</java-type>
        <root-type-qname xmlns:rtq="http://cmpgen.microfocus.com">rtq:EbizException</root-type-qname>
        <qname-scope>complexType</qname-scope>
        <variable-mapping>
            <java-variable-name>message</java-variable-name>
            <xml-element-name>message</xml-element-name>
        </variable-mapping>
    </java-xml-type-mapping>
    <java-xml-type-mapping>
        <java-type>com.microfocus.cmpgen.EbizException</java-type>
        <root-type-qname xmlns:rtq="http://cmpgen.microfocus.com">rtq:EbizException</root-type-qname>
        <qname-scope>element</qname-scope>
    </java-xml-type-mapping>
    <java-xml-type-mapping>
        <java-type>com.bcbssc.services.memberstatushistory.MemberStatusHistoryMemberStatusInformation[]</java-type>
        <root-type-qname xmlns:rtq="http://MemberStatusHistory.SEIUT103EJB.commercial.bcbssc.com">rtq:ArrayOfMemberStatusHistoryMemberStatusInformation</root-type-qname>
        <qname-scope>complexType</qname-scope>
        <variable-mapping>
            <java-variable-name>memberStatusHistoryMemberStatusInformation</java-variable-name>
            <xml-element-name>MemberStatusHistoryMemberStatusInformation</xml-element-name>
        </variable-mapping>
    </java-xml-type-mapping>
    <java-xml-type-mapping>
        <java-type>com.bcbssc.services.memberstatushistory.MemberStatusHistoryOutput</java-type>
        <root-type-qname xmlns:rtq="http://MemberStatusHistory.SEIUT103EJB.commercial.bcbssc.com">rtq:MemberStatusHistoryOutput</root-type-qname>
        <qname-scope>complexType</qname-scope>
        <variable-mapping>
            <java-variable-name>applicationMessage</java-variable-name>
            <xml-element-name>applicationMessage</xml-element-name>
        </variable-mapping>
        <variable-mapping>
            <java-variable-name>serviceMessage</java-variable-name>
            <xml-element-name>serviceMessage</xml-element-name>
        </variable-mapping>
        <variable-mapping>
            <java-variable-name>serviceMessageCode</java-variable-name>
            <xml-element-name>serviceMessageCode</xml-element-name>
        </variable-mapping>
        <variable-mapping>
            <java-variable-name>systemMessage</java-variable-name>
            <xml-element-name>systemMessage</xml-element-name>
        </variable-mapping>
        <variable-mapping>
            <java-variable-name>subscriberMemberNumber</java-variable-name>
            <xml-element-name>subscriberMemberNumber</xml-element-name>
        </variable-mapping>
        <variable-mapping>
            <java-variable-name>subscriberLastName</java-variable-name>
            <xml-element-name>subscriberLastName</xml-element-name>
        </variable-mapping>
        <variable-mapping>
            <java-variable-name>subscriberFirstName</java-variable-name>
            <xml-element-name>subscriberFirstName</xml-element-name>
        </variable-mapping>
        <variable-mapping>
            <java-variable-name>subscriberMiddleName</java-variable-name>
            <xml-element-name>subscriberMiddleName</xml-element-name>
        </variable-mapping>
        <variable-mapping>
            <java-variable-name>lastPageNumberRetrieved</java-variable-name>
            <xml-element-name>lastPageNumberRetrieved</xml-element-name>
        </variable-mapping>
        <variable-mapping>
            <java-variable-name>moreDataIndicator</java-variable-name>
            <xml-element-name>moreDataIndicator</xml-element-name>
        </variable-mapping>
        <variable-mapping>
            <java-variable-name>memberStatusInformation</java-variable-name>
            <xml-element-name>memberStatusInformation</xml-element-name>
        </variable-mapping>
        <variable-mapping>
            <java-variable-name>ebizReplyAbendcode</java-variable-name>
            <xml-element-name>ebizReplyAbendcode</xml-element-name>
        </variable-mapping>
        <variable-mapping>
            <java-variable-name>ebizReplyStatus</java-variable-name>
            <xml-element-name>ebizReplyStatus</xml-element-name>
        </variable-mapping>
        <variable-mapping>
            <java-variable-name>ebizReplyStatusMessage</java-variable-name>
            <xml-element-name>ebizReplyStatusMessage</xml-element-name>
        </variable-mapping>
    </java-xml-type-mapping>
    <java-xml-type-mapping>
        <java-type>com.bcbssc.services.memberstatushistory.MemberStatusHistoryMemberStatusInformation[]</java-type>
        <anonymous-type-qname>http://MemberStatusHistory.SEIUT103EJB.commercial.bcbssc.com:ArrayOfMemberStatusHistoryMemberStatusInformation&gt;MemberStatusHistoryMemberStatusInformation[0,unbounded]</anonymous-type-qname>
        <qname-scope>complexType</qname-scope>
    </java-xml-type-mapping>
    <exception-mapping>
        <exception-type>com.microfocus.cmpgen.EbizException</exception-type>
        <wsdl-message xmlns:em="http://MemberStatusHistory.SEIUT103EJB.commercial.bcbssc.com">em:EbizException</wsdl-message>
        <constructor-parameter-order>
            <element-name>message</element-name>
        </constructor-parameter-order>
    </exception-mapping>
    <service-interface-mapping>
        <service-interface>com.bcbssc.services.memberstatushistory.MemberStatusHistoryServiceService</service-interface>
        <wsdl-service-name xmlns:sim="http://MemberStatusHistory.SEIUT103EJB.commercial.bcbssc.com">sim:MemberStatusHistoryServiceService</wsdl-service-name>
        <port-mapping>
            <port-name>MemberStatusHistory</port-name>
            <java-port-name>MemberStatusHistory</java-port-name>
        </port-mapping>
    </service-interface-mapping>
    <service-endpoint-interface-mapping>
        <service-endpoint-interface>com.bcbssc.services.memberstatushistory.MemberStatusHistoryService</service-endpoint-interface>
        <wsdl-port-type xmlns:seimwpt="http://MemberStatusHistory.SEIUT103EJB.commercial.bcbssc.com">seimwpt:MemberStatusHistoryService</wsdl-port-type>
        <wsdl-binding xmlns:seimwb="http://MemberStatusHistory.SEIUT103EJB.commercial.bcbssc.com">seimwb:MemberStatusHistorySoapBinding</wsdl-binding>
        <service-endpoint-method-mapping>
            <java-method-name>getMemberStatusHistory</java-method-name>
            <wsdl-operation>getMemberStatusHistory</wsdl-operation>
            <wrapped-element/>
            <method-param-parts-mapping>
                <param-position>0</param-position>
                <param-type>com.bcbssc.services.memberstatushistory.MemberStatusHistoryInput</param-type>
                <wsdl-message-mapping>
                    <wsdl-message xmlns:mppm="http://MemberStatusHistory.SEIUT103EJB.commercial.bcbssc.com">mppm:getMemberStatusHistoryRequest</wsdl-message>
                    <wsdl-message-part-name>arg_0_0</wsdl-message-part-name>
                    <parameter-mode>IN</parameter-mode>
                </wsdl-message-mapping>
            </method-param-parts-mapping>
            <wsdl-return-value-mapping>
                <method-return-value>com.bcbssc.services.memberstatushistory.MemberStatusHistoryOutput</method-return-value>
                <wsdl-message xmlns:wrvm="http://MemberStatusHistory.SEIUT103EJB.commercial.bcbssc.com">wrvm:getMemberStatusHistoryResponse</wsdl-message>
                <wsdl-message-part-name>getMemberStatusHistoryReturn</wsdl-message-part-name>
            </wsdl-return-value-mapping>
        </service-endpoint-method-mapping>
    </service-endpoint-interface-mapping>
</java-wsdl-mapping>