<?xml version="1.0" encoding="UTF-8"?><java-wsdl-mapping version="1.1" xmlns="http://java.sun.com/xml/ns/j2ee" xmlns:xsi="http://www.w3.org/2001/XMLSchema-instance" xsi:schemaLocation="http://java.sun.com/xml/ns/j2ee http://www.ibm.com/webservices/xsd/j2ee_jaxrpc_mapping_1_1.xsd">
    <package-mapping>
        <package-type>com.bcbssc.services.patientlistfep</package-type>
        <namespaceURI>http://PatientListFEP.FEPET102EJB.commercial.bcbssc.com</namespaceURI>
    </package-mapping>
    <package-mapping>
        <package-type>com.microfocus.cmpgen</package-type>
        <namespaceURI>http://cmpgen.microfocus.com</namespaceURI>
    </package-mapping>
    <java-xml-type-mapping>
        <java-type>com.bcbssc.services.patientlistfep.PatientListFEPPatientInformation[]</java-type>
        <root-type-qname xmlns:rtq="http://PatientListFEP.FEPET102EJB.commercial.bcbssc.com">rtq:ArrayOfPatientListFEPPatientInformation</root-type-qname>
        <qname-scope>complexType</qname-scope>
        <variable-mapping>
            <java-variable-name>patientListFEPPatientInformation</java-variable-name>
            <xml-element-name>PatientListFEPPatientInformation</xml-element-name>
        </variable-mapping>
    </java-xml-type-mapping>
    <java-xml-type-mapping>
        <java-type>com.bcbssc.services.patientlistfep.PatientListFEPOutput</java-type>
        <root-type-qname xmlns:rtq="http://PatientListFEP.FEPET102EJB.commercial.bcbssc.com">rtq:PatientListFEPOutput</root-type-qname>
        <qname-scope>complexType</qname-scope>
        <variable-mapping>
            <java-variable-name>planCode</java-variable-name>
            <xml-element-name>planCode</xml-element-name>
        </variable-mapping>
        <variable-mapping>
            <java-variable-name>patientInformation</java-variable-name>
            <xml-element-name>patientInformation</xml-element-name>
        </variable-mapping>
        <variable-mapping>
            <java-variable-name>applicationMessage</java-variable-name>
            <xml-element-name>applicationMessage</xml-element-name>
        </variable-mapping>
        <variable-mapping>
            <java-variable-name>systemMessage</java-variable-name>
            <xml-element-name>systemMessage</xml-element-name>
        </variable-mapping>
        <variable-mapping>
            <java-variable-name>serviceMessageCode</java-variable-name>
            <xml-element-name>serviceMessageCode</xml-element-name>
        </variable-mapping>
        <variable-mapping>
            <java-variable-name>serviceMessage</java-variable-name>
            <xml-element-name>serviceMessage</xml-element-name>
        </variable-mapping>
        <variable-mapping>
            <java-variable-name>ebizReplyAbendcode</java-variable-name>
            <xml-element-name>ebizReplyAbendcode</xml-element-name>
        </variable-mapping>
        <variable-mapping>
            <java-variable-name>ebizReplyStatus</java-variable-name>
            <xml-element-name>ebizReplyStatus</xml-element-name>
        </variable-mapping>
        <variable-mapping>
            <java-variable-name>ebizReplyStatusMessage</java-variable-name>
            <xml-element-name>ebizReplyStatusMessage</xml-element-name>
        </variable-mapping>
    </java-xml-type-mapping>
    <java-xml-type-mapping>
        <java-type>java.lang.String</java-type>
        <root-type-qname xmlns:rtq="http://www.w3.org/2001/XMLSchema">rtq:string</root-type-qname>
        <qname-scope>simpleType</qname-scope>
    </java-xml-type-mapping>
    <java-xml-type-mapping>
        <java-type>com.bcbssc.services.patientlistfep.PatientListFEPPatientInformation</java-type>
        <root-type-qname xmlns:rtq="http://PatientListFEP.FEPET102EJB.commercial.bcbssc.com">rtq:PatientListFEPPatientInformation</root-type-qname>
        <qname-scope>complexType</qname-scope>
        <variable-mapping>
            <java-variable-name>memberNumber</java-variable-name>
            <xml-element-name>memberNumber</xml-element-name>
        </variable-mapping>
        <variable-mapping>
            <java-variable-name>firstName</java-variable-name>
            <xml-element-name>firstName</xml-element-name>
        </variable-mapping>
        <variable-mapping>
            <java-variable-name>dateOfBirth</java-variable-name>
            <xml-element-name>dateOfBirth</xml-element-name>
        </variable-mapping>
        <variable-mapping>
            <java-variable-name>genderRelationshipCode</java-variable-name>
            <xml-element-name>genderRelationshipCode</xml-element-name>
        </variable-mapping>
        <variable-mapping>
            <java-variable-name>policyEffectiveDate</java-variable-name>
            <xml-element-name>policyEffectiveDate</xml-element-name>
        </variable-mapping>
        <variable-mapping>
            <java-variable-name>policyTerminationDate</java-variable-name>
            <xml-element-name>policyTerminationDate</xml-element-name>
        </variable-mapping>
        <variable-mapping>
            <java-variable-name>familyDeductibleMet</java-variable-name>
            <xml-element-name>familyDeductibleMet</xml-element-name>
        </variable-mapping>
        <variable-mapping>
            <java-variable-name>memberDeductibleMet</java-variable-name>
            <xml-element-name>memberDeductibleMet</xml-element-name>
        </variable-mapping>
    </java-xml-type-mapping>
    <java-xml-type-mapping>
        <java-type>int</java-type>
        <root-type-qname xmlns:rtq="http://www.w3.org/2001/XMLSchema">rtq:int</root-type-qname>
        <qname-scope>simpleType</qname-scope>
    </java-xml-type-mapping>
    <java-xml-type-mapping>
        <java-type>boolean</java-type>
        <root-type-qname xmlns:rtq="http://www.w3.org/2001/XMLSchema">rtq:boolean</root-type-qname>
        <qname-scope>simpleType</qname-scope>
    </java-xml-type-mapping>
    <java-xml-type-mapping>
        <java-type>com.microfocus.cmpgen.EbizException</java-type>
        <root-type-qname xmlns:rtq="http://cmpgen.microfocus.com">rtq:EbizException</root-type-qname>
        <qname-scope>complexType</qname-scope>
        <variable-mapping>
            <java-variable-name>message</java-variable-name>
            <xml-element-name>message</xml-element-name>
        </variable-mapping>
    </java-xml-type-mapping>
    <java-xml-type-mapping>
        <java-type>com.microfocus.cmpgen.EbizException</java-type>
        <root-type-qname xmlns:rtq="http://cmpgen.microfocus.com">rtq:EbizException</root-type-qname>
        <qname-scope>element</qname-scope>
    </java-xml-type-mapping>
    <java-xml-type-mapping>
        <java-type>com.bcbssc.services.patientlistfep.PatientListFEPInput</java-type>
        <root-type-qname xmlns:rtq="http://PatientListFEP.FEPET102EJB.commercial.bcbssc.com">rtq:PatientListFEPInput</root-type-qname>
        <qname-scope>complexType</qname-scope>
        <variable-mapping>
            <java-variable-name>contractId</java-variable-name>
            <xml-element-name>contractId</xml-element-name>
        </variable-mapping>
        <variable-mapping>
            <java-variable-name>hostID</java-variable-name>
            <xml-element-name>hostID</xml-element-name>
        </variable-mapping>
        <variable-mapping>
            <java-variable-name>hostPassword</java-variable-name>
            <xml-element-name>hostPassword</xml-element-name>
        </variable-mapping>
        <variable-mapping>
            <java-variable-name>toEscapeChar</java-variable-name>
            <xml-element-name>toEscapeChar</xml-element-name>
        </variable-mapping>
        <variable-mapping>
            <java-variable-name>MWIConfig</java-variable-name>
            <xml-element-name>MWIConfig</xml-element-name>
        </variable-mapping>
        <variable-mapping>
            <java-variable-name>applTrace</java-variable-name>
            <xml-element-name>applTrace</xml-element-name>
        </variable-mapping>
    </java-xml-type-mapping>
    <java-xml-type-mapping>
        <java-type>com.bcbssc.services.patientlistfep.PatientListFEPPatientInformation[]</java-type>
        <anonymous-type-qname>http://PatientListFEP.FEPET102EJB.commercial.bcbssc.com:PatientListFEPPatientInformation[0,unbounded]</anonymous-type-qname>
        <qname-scope>complexType</qname-scope>
    </java-xml-type-mapping>
    <java-xml-type-mapping>
        <java-type>com.bcbssc.services.patientlistfep.PatientListFEPPatientInformation[]</java-type>
        <anonymous-type-qname>http://PatientListFEP.FEPET102EJB.commercial.bcbssc.com:ArrayOfPatientListFEPPatientInformation&gt;PatientListFEPPatientInformation[0,unbounded]</anonymous-type-qname>
        <qname-scope>complexType</qname-scope>
    </java-xml-type-mapping>
    <exception-mapping>
        <exception-type>com.microfocus.cmpgen.EbizException</exception-type>
        <wsdl-message xmlns:em="http://PatientListFEP.FEPET102EJB.commercial.bcbssc.com">em:EbizException</wsdl-message>
        <constructor-parameter-order>
            <element-name>message</element-name>
        </constructor-parameter-order>
    </exception-mapping>
    <service-interface-mapping>
        <service-interface>com.bcbssc.services.patientlistfep.PatientListFEPServiceService</service-interface>
        <wsdl-service-name xmlns:sim="http://PatientListFEP.FEPET102EJB.commercial.bcbssc.com">sim:PatientListFEPServiceService</wsdl-service-name>
        <port-mapping>
            <port-name>PatientListFEP</port-name>
            <java-port-name>PatientListFEP</java-port-name>
        </port-mapping>
    </service-interface-mapping>
    <service-endpoint-interface-mapping>
        <service-endpoint-interface>com.bcbssc.services.patientlistfep.PatientListFEPService</service-endpoint-interface>
        <wsdl-port-type xmlns:seimwpt="http://PatientListFEP.FEPET102EJB.commercial.bcbssc.com">seimwpt:PatientListFEPService</wsdl-port-type>
        <wsdl-binding xmlns:seimwb="http://PatientListFEP.FEPET102EJB.commercial.bcbssc.com">seimwb:PatientListFEPSoapBinding</wsdl-binding>
        <service-endpoint-method-mapping>
            <java-method-name>getPatientList</java-method-name>
            <wsdl-operation>getPatientList</wsdl-operation>
            <wrapped-element/>
            <method-param-parts-mapping>
                <param-position>0</param-position>
                <param-type>com.bcbssc.services.patientlistfep.PatientListFEPInput</param-type>
                <wsdl-message-mapping>
                    <wsdl-message xmlns:mppm="http://PatientListFEP.FEPET102EJB.commercial.bcbssc.com">mppm:getPatientListRequest</wsdl-message>
                    <wsdl-message-part-name>arg_0_0</wsdl-message-part-name>
                    <parameter-mode>IN</parameter-mode>
                </wsdl-message-mapping>
            </method-param-parts-mapping>
            <wsdl-return-value-mapping>
                <method-return-value>com.bcbssc.services.patientlistfep.PatientListFEPOutput</method-return-value>
                <wsdl-message xmlns:wrvm="http://PatientListFEP.FEPET102EJB.commercial.bcbssc.com">wrvm:getPatientListResponse</wsdl-message>
                <wsdl-message-part-name>getPatientListReturn</wsdl-message-part-name>
            </wsdl-return-value-mapping>
        </service-endpoint-method-mapping>
    </service-endpoint-interface-mapping>
</java-wsdl-mapping>