<?xml version="1.0" encoding="UTF-8"?><java-wsdl-mapping version="1.1" xmlns="http://java.sun.com/xml/ns/j2ee" xmlns:xsi="http://www.w3.org/2001/XMLSchema-instance" xsi:schemaLocation="http://java.sun.com/xml/ns/j2ee http://www.ibm.com/webservices/xsd/j2ee_jaxrpc_mapping_1_1.xsd">
    <package-mapping>
        <package-type>com.bcbssc.services.programsummaryinfo</package-type>
        <namespaceURI>http://ProgramSummaryInfo.TM05T101EJB.commercial.bcbssc.com</namespaceURI>
    </package-mapping>
    <package-mapping>
        <package-type>com.microfocus.cmpgen</package-type>
        <namespaceURI>http://cmpgen.microfocus.com</namespaceURI>
    </package-mapping>
    <java-xml-type-mapping>
        <java-type>com.bcbssc.services.programsummaryinfo.ProgramSummaryInfoProgramSummaryInfo</java-type>
        <root-type-qname xmlns:rtq="http://ProgramSummaryInfo.TM05T101EJB.commercial.bcbssc.com">rtq:ProgramSummaryInfoProgramSummaryInfo</root-type-qname>
        <qname-scope>complexType</qname-scope>
        <variable-mapping>
            <java-variable-name>medicalManagementtArea</java-variable-name>
            <xml-element-name>medicalManagementtArea</xml-element-name>
        </variable-mapping>
        <variable-mapping>
            <java-variable-name>programName</java-variable-name>
            <xml-element-name>programName</xml-element-name>
        </variable-mapping>
        <variable-mapping>
            <java-variable-name>effectiveDate</java-variable-name>
            <xml-element-name>effectiveDate</xml-element-name>
        </variable-mapping>
        <variable-mapping>
            <java-variable-name>historyInd</java-variable-name>
            <xml-element-name>historyInd</xml-element-name>
        </variable-mapping>
        <variable-mapping>
            <java-variable-name>programStatus</java-variable-name>
            <xml-element-name>programStatus</xml-element-name>
        </variable-mapping>
        <variable-mapping>
            <java-variable-name>statusDate</java-variable-name>
            <xml-element-name>statusDate</xml-element-name>
        </variable-mapping>
        <variable-mapping>
            <java-variable-name>eligibilityInd</java-variable-name>
            <xml-element-name>eligibilityInd</xml-element-name>
        </variable-mapping>
        <variable-mapping>
            <java-variable-name>moreEligibilityInd</java-variable-name>
            <xml-element-name>moreEligibilityInd</xml-element-name>
        </variable-mapping>
        <variable-mapping>
            <java-variable-name>enrolledIndicator</java-variable-name>
            <xml-element-name>enrolledIndicator</xml-element-name>
        </variable-mapping>
        <variable-mapping>
            <java-variable-name>moreEnrollmentIndicator</java-variable-name>
            <xml-element-name>moreEnrollmentIndicator</xml-element-name>
        </variable-mapping>
        <variable-mapping>
            <java-variable-name>timeStamp</java-variable-name>
            <xml-element-name>timeStamp</xml-element-name>
        </variable-mapping>
        <variable-mapping>
            <java-variable-name>groupNumber</java-variable-name>
            <xml-element-name>groupNumber</xml-element-name>
        </variable-mapping>
        <variable-mapping>
            <java-variable-name>vendorName</java-variable-name>
            <xml-element-name>vendorName</xml-element-name>
        </variable-mapping>
        <variable-mapping>
            <java-variable-name>reviewerName</java-variable-name>
            <xml-element-name>reviewerName</xml-element-name>
        </variable-mapping>
        <variable-mapping>
            <java-variable-name>vendorUrl</java-variable-name>
            <xml-element-name>vendorUrl</xml-element-name>
        </variable-mapping>
    </java-xml-type-mapping>
    <java-xml-type-mapping>
        <java-type>java.lang.String</java-type>
        <root-type-qname xmlns:rtq="http://www.w3.org/2001/XMLSchema">rtq:string</root-type-qname>
        <qname-scope>simpleType</qname-scope>
    </java-xml-type-mapping>
    <java-xml-type-mapping>
        <java-type>com.bcbssc.services.programsummaryinfo.ProgramSummaryInfoProgramSummaryInfo[]</java-type>
        <anonymous-type-qname>http://ProgramSummaryInfo.TM05T101EJB.commercial.bcbssc.com:ProgramSummaryInfoProgramSummaryInfo[0,unbounded]</anonymous-type-qname>
        <qname-scope>complexType</qname-scope>
    </java-xml-type-mapping>
    <java-xml-type-mapping>
        <java-type>com.bcbssc.services.programsummaryinfo.ProgramSummaryInfoProgramSummaryInfo[]</java-type>
        <root-type-qname xmlns:rtq="http://ProgramSummaryInfo.TM05T101EJB.commercial.bcbssc.com">rtq:ArrayOfProgramSummaryInfoProgramSummaryInfo</root-type-qname>
        <qname-scope>complexType</qname-scope>
        <variable-mapping>
            <java-variable-name>programSummaryInfoProgramSummaryInfo</java-variable-name>
            <xml-element-name>ProgramSummaryInfoProgramSummaryInfo</xml-element-name>
        </variable-mapping>
    </java-xml-type-mapping>
    <java-xml-type-mapping>
        <java-type>com.bcbssc.services.programsummaryinfo.ProgramSummaryInfoOutput</java-type>
        <root-type-qname xmlns:rtq="http://ProgramSummaryInfo.TM05T101EJB.commercial.bcbssc.com">rtq:ProgramSummaryInfoOutput</root-type-qname>
        <qname-scope>complexType</qname-scope>
        <variable-mapping>
            <java-variable-name>applicationMessage</java-variable-name>
            <xml-element-name>applicationMessage</xml-element-name>
        </variable-mapping>
        <variable-mapping>
            <java-variable-name>serviceMessage</java-variable-name>
            <xml-element-name>serviceMessage</xml-element-name>
        </variable-mapping>
        <variable-mapping>
            <java-variable-name>serviceMessageCode</java-variable-name>
            <xml-element-name>serviceMessageCode</xml-element-name>
        </variable-mapping>
        <variable-mapping>
            <java-variable-name>systemMessage</java-variable-name>
            <xml-element-name>systemMessage</xml-element-name>
        </variable-mapping>
        <variable-mapping>
            <java-variable-name>pageNumber</java-variable-name>
            <xml-element-name>pageNumber</xml-element-name>
        </variable-mapping>
        <variable-mapping>
            <java-variable-name>patientName</java-variable-name>
            <xml-element-name>patientName</xml-element-name>
        </variable-mapping>
        <variable-mapping>
            <java-variable-name>pharmacyBenefitManagerVendor</java-variable-name>
            <xml-element-name>pharmacyBenefitManagerVendor</xml-element-name>
        </variable-mapping>
        <variable-mapping>
            <java-variable-name>pharmacyBenefitManagerDate</java-variable-name>
            <xml-element-name>pharmacyBenefitManagerDate</xml-element-name>
        </variable-mapping>
        <variable-mapping>
            <java-variable-name>mentalHealthVendor</java-variable-name>
            <xml-element-name>mentalHealthVendor</xml-element-name>
        </variable-mapping>
        <variable-mapping>
            <java-variable-name>mentalHealthEffDate</java-variable-name>
            <xml-element-name>mentalHealthEffDate</xml-element-name>
        </variable-mapping>
        <variable-mapping>
            <java-variable-name>caseManagementInd</java-variable-name>
            <xml-element-name>caseManagementInd</xml-element-name>
        </variable-mapping>
        <variable-mapping>
            <java-variable-name>diseaseManagementInd</java-variable-name>
            <xml-element-name>diseaseManagementInd</xml-element-name>
        </variable-mapping>
        <variable-mapping>
            <java-variable-name>maternityManagementInd</java-variable-name>
            <xml-element-name>maternityManagementInd</xml-element-name>
        </variable-mapping>
        <variable-mapping>
            <java-variable-name>wellnessManagementInd</java-variable-name>
            <xml-element-name>wellnessManagementInd</xml-element-name>
        </variable-mapping>
        <variable-mapping>
            <java-variable-name>moreDataIndicator</java-variable-name>
            <xml-element-name>moreDataIndicator</xml-element-name>
        </variable-mapping>
        <variable-mapping>
            <java-variable-name>programSummaryInfo</java-variable-name>
            <xml-element-name>programSummaryInfo</xml-element-name>
        </variable-mapping>
        <variable-mapping>
            <java-variable-name>ebizReplyAbendcode</java-variable-name>
            <xml-element-name>ebizReplyAbendcode</xml-element-name>
        </variable-mapping>
        <variable-mapping>
            <java-variable-name>ebizReplyStatus</java-variable-name>
            <xml-element-name>ebizReplyStatus</xml-element-name>
        </variable-mapping>
        <variable-mapping>
            <java-variable-name>ebizReplyStatusMessage</java-variable-name>
            <xml-element-name>ebizReplyStatusMessage</xml-element-name>
        </variable-mapping>
    </java-xml-type-mapping>
    <java-xml-type-mapping>
        <java-type>int</java-type>
        <root-type-qname xmlns:rtq="http://www.w3.org/2001/XMLSchema">rtq:int</root-type-qname>
        <qname-scope>simpleType</qname-scope>
    </java-xml-type-mapping>
    <java-xml-type-mapping>
        <java-type>boolean</java-type>
        <root-type-qname xmlns:rtq="http://www.w3.org/2001/XMLSchema">rtq:boolean</root-type-qname>
        <qname-scope>simpleType</qname-scope>
    </java-xml-type-mapping>
    <java-xml-type-mapping>
        <java-type>com.microfocus.cmpgen.EbizException</java-type>
        <root-type-qname xmlns:rtq="http://cmpgen.microfocus.com">rtq:EbizException</root-type-qname>
        <qname-scope>complexType</qname-scope>
        <variable-mapping>
            <java-variable-name>message</java-variable-name>
            <xml-element-name>message</xml-element-name>
        </variable-mapping>
    </java-xml-type-mapping>
    <java-xml-type-mapping>
        <java-type>com.microfocus.cmpgen.EbizException</java-type>
        <root-type-qname xmlns:rtq="http://cmpgen.microfocus.com">rtq:EbizException</root-type-qname>
        <qname-scope>element</qname-scope>
    </java-xml-type-mapping>
    <java-xml-type-mapping>
        <java-type>com.bcbssc.services.programsummaryinfo.ProgramSummaryInfoInput</java-type>
        <root-type-qname xmlns:rtq="http://ProgramSummaryInfo.TM05T101EJB.commercial.bcbssc.com">rtq:ProgramSummaryInfoInput</root-type-qname>
        <qname-scope>complexType</qname-scope>
        <variable-mapping>
            <java-variable-name>rpn</java-variable-name>
            <xml-element-name>rpn</xml-element-name>
        </variable-mapping>
        <variable-mapping>
            <java-variable-name>planCode</java-variable-name>
            <xml-element-name>planCode</xml-element-name>
        </variable-mapping>
        <variable-mapping>
            <java-variable-name>sponsorId</java-variable-name>
            <xml-element-name>sponsorId</xml-element-name>
        </variable-mapping>
        <variable-mapping>
            <java-variable-name>patientId</java-variable-name>
            <xml-element-name>patientId</xml-element-name>
        </variable-mapping>
        <variable-mapping>
            <java-variable-name>historyIndicator</java-variable-name>
            <xml-element-name>historyIndicator</xml-element-name>
        </variable-mapping>
        <variable-mapping>
            <java-variable-name>managementArea</java-variable-name>
            <xml-element-name>managementArea</xml-element-name>
        </variable-mapping>
        <variable-mapping>
            <java-variable-name>eligibilityIndicator</java-variable-name>
            <xml-element-name>eligibilityIndicator</xml-element-name>
        </variable-mapping>
        <variable-mapping>
            <java-variable-name>enrollmentIndicator</java-variable-name>
            <xml-element-name>enrollmentIndicator</xml-element-name>
        </variable-mapping>
        <variable-mapping>
            <java-variable-name>startPageNumber</java-variable-name>
            <xml-element-name>startPageNumber</xml-element-name>
        </variable-mapping>
        <variable-mapping>
            <java-variable-name>hostID</java-variable-name>
            <xml-element-name>hostID</xml-element-name>
        </variable-mapping>
        <variable-mapping>
            <java-variable-name>hostPassword</java-variable-name>
            <xml-element-name>hostPassword</xml-element-name>
        </variable-mapping>
        <variable-mapping>
            <java-variable-name>toEscapeChar</java-variable-name>
            <xml-element-name>toEscapeChar</xml-element-name>
        </variable-mapping>
        <variable-mapping>
            <java-variable-name>MWIConfig</java-variable-name>
            <xml-element-name>MWIConfig</xml-element-name>
        </variable-mapping>
        <variable-mapping>
            <java-variable-name>applTrace</java-variable-name>
            <xml-element-name>applTrace</xml-element-name>
        </variable-mapping>
    </java-xml-type-mapping>
    <java-xml-type-mapping>
        <java-type>com.bcbssc.services.programsummaryinfo.ProgramSummaryInfoProgramSummaryInfo[]</java-type>
        <anonymous-type-qname>http://ProgramSummaryInfo.TM05T101EJB.commercial.bcbssc.com:ArrayOfProgramSummaryInfoProgramSummaryInfo&gt;ProgramSummaryInfoProgramSummaryInfo[0,unbounded]</anonymous-type-qname>
        <qname-scope>complexType</qname-scope>
    </java-xml-type-mapping>
    <exception-mapping>
        <exception-type>com.microfocus.cmpgen.EbizException</exception-type>
        <wsdl-message xmlns:em="http://ProgramSummaryInfo.TM05T101EJB.commercial.bcbssc.com">em:EbizException</wsdl-message>
        <constructor-parameter-order>
            <element-name>message</element-name>
        </constructor-parameter-order>
    </exception-mapping>
    <service-interface-mapping>
        <service-interface>com.bcbssc.services.programsummaryinfo.ProgramSummaryInfoServiceService</service-interface>
        <wsdl-service-name xmlns:sim="http://ProgramSummaryInfo.TM05T101EJB.commercial.bcbssc.com">sim:ProgramSummaryInfoServiceService</wsdl-service-name>
        <port-mapping>
            <port-name>ProgramSummaryInfo</port-name>
            <java-port-name>ProgramSummaryInfo</java-port-name>
        </port-mapping>
    </service-interface-mapping>
    <service-endpoint-interface-mapping>
        <service-endpoint-interface>com.bcbssc.services.programsummaryinfo.ProgramSummaryInfoService</service-endpoint-interface>
        <wsdl-port-type xmlns:seimwpt="http://ProgramSummaryInfo.TM05T101EJB.commercial.bcbssc.com">seimwpt:ProgramSummaryInfoService</wsdl-port-type>
        <wsdl-binding xmlns:seimwb="http://ProgramSummaryInfo.TM05T101EJB.commercial.bcbssc.com">seimwb:ProgramSummaryInfoSoapBinding</wsdl-binding>
        <service-endpoint-method-mapping>
            <java-method-name>getProgramSummary</java-method-name>
            <wsdl-operation>getProgramSummary</wsdl-operation>
            <wrapped-element/>
            <method-param-parts-mapping>
                <param-position>0</param-position>
                <param-type>com.bcbssc.services.programsummaryinfo.ProgramSummaryInfoInput</param-type>
                <wsdl-message-mapping>
                    <wsdl-message xmlns:mppm="http://ProgramSummaryInfo.TM05T101EJB.commercial.bcbssc.com">mppm:getProgramSummaryRequest</wsdl-message>
                    <wsdl-message-part-name>arg_0_0</wsdl-message-part-name>
                    <parameter-mode>IN</parameter-mode>
                </wsdl-message-mapping>
            </method-param-parts-mapping>
            <wsdl-return-value-mapping>
                <method-return-value>com.bcbssc.services.programsummaryinfo.ProgramSummaryInfoOutput</method-return-value>
                <wsdl-message xmlns:wrvm="http://ProgramSummaryInfo.TM05T101EJB.commercial.bcbssc.com">wrvm:getProgramSummaryResponse</wsdl-message>
                <wsdl-message-part-name>getProgramSummaryReturn</wsdl-message-part-name>
            </wsdl-return-value-mapping>
        </service-endpoint-method-mapping>
    </service-endpoint-interface-mapping>
</java-wsdl-mapping>