<?xml version="1.0" encoding="UTF-8"?><java-wsdl-mapping version="1.1" xmlns="http://java.sun.com/xml/ns/j2ee" xmlns:xsi="http://www.w3.org/2001/XMLSchema-instance" xsi:schemaLocation="http://java.sun.com/xml/ns/j2ee http://www.ibm.com/webservices/xsd/j2ee_jaxrpc_mapping_1_1.xsd">
    <package-mapping>
        <package-type>com.bcbssc.services.rpnresetprocess</package-type>
        <namespaceURI>http://RPNResetProcess.RPNST101EJB.commercial.bcbssc.com</namespaceURI>
    </package-mapping>
    <package-mapping>
        <package-type>com.microfocus.cmpgen</package-type>
        <namespaceURI>http://cmpgen.microfocus.com</namespaceURI>
    </package-mapping>
    <java-xml-type-mapping>
        <java-type>com.bcbssc.services.rpnresetprocess.RPNResetProcessOutput</java-type>
        <root-type-qname xmlns:rtq="http://RPNResetProcess.RPNST101EJB.commercial.bcbssc.com">rtq:RPNResetProcessOutput</root-type-qname>
        <qname-scope>complexType</qname-scope>
        <variable-mapping>
            <java-variable-name>serviceMessage</java-variable-name>
            <xml-element-name>serviceMessage</xml-element-name>
        </variable-mapping>
        <variable-mapping>
            <java-variable-name>serviceMessageCode</java-variable-name>
            <xml-element-name>serviceMessageCode</xml-element-name>
        </variable-mapping>
        <variable-mapping>
            <java-variable-name>systemMessage</java-variable-name>
            <xml-element-name>systemMessage</xml-element-name>
        </variable-mapping>
        <variable-mapping>
            <java-variable-name>applicationMessage</java-variable-name>
            <xml-element-name>applicationMessage</xml-element-name>
        </variable-mapping>
        <variable-mapping>
            <java-variable-name>racfId</java-variable-name>
            <xml-element-name>racfId</xml-element-name>
        </variable-mapping>
        <variable-mapping>
            <java-variable-name>racfName</java-variable-name>
            <xml-element-name>racfName</xml-element-name>
        </variable-mapping>
        <variable-mapping>
            <java-variable-name>rpn</java-variable-name>
            <xml-element-name>rpn</xml-element-name>
        </variable-mapping>
        <variable-mapping>
            <java-variable-name>clientName</java-variable-name>
            <xml-element-name>clientName</xml-element-name>
        </variable-mapping>
        <variable-mapping>
            <java-variable-name>ebizReplyAbendcode</java-variable-name>
            <xml-element-name>ebizReplyAbendcode</xml-element-name>
        </variable-mapping>
        <variable-mapping>
            <java-variable-name>ebizReplyStatus</java-variable-name>
            <xml-element-name>ebizReplyStatus</xml-element-name>
        </variable-mapping>
        <variable-mapping>
            <java-variable-name>ebizReplyStatusMessage</java-variable-name>
            <xml-element-name>ebizReplyStatusMessage</xml-element-name>
        </variable-mapping>
    </java-xml-type-mapping>
    <java-xml-type-mapping>
        <java-type>com.bcbssc.services.rpnresetprocess.RPNResetProcessInput</java-type>
        <root-type-qname xmlns:rtq="http://RPNResetProcess.RPNST101EJB.commercial.bcbssc.com">rtq:RPNResetProcessInput</root-type-qname>
        <qname-scope>complexType</qname-scope>
        <variable-mapping>
            <java-variable-name>requestRpn</java-variable-name>
            <xml-element-name>requestRpn</xml-element-name>
        </variable-mapping>
        <variable-mapping>
            <java-variable-name>hostID</java-variable-name>
            <xml-element-name>hostID</xml-element-name>
        </variable-mapping>
        <variable-mapping>
            <java-variable-name>hostPassword</java-variable-name>
            <xml-element-name>hostPassword</xml-element-name>
        </variable-mapping>
        <variable-mapping>
            <java-variable-name>toEscapeChar</java-variable-name>
            <xml-element-name>toEscapeChar</xml-element-name>
        </variable-mapping>
        <variable-mapping>
            <java-variable-name>MWIConfig</java-variable-name>
            <xml-element-name>MWIConfig</xml-element-name>
        </variable-mapping>
        <variable-mapping>
            <java-variable-name>applTrace</java-variable-name>
            <xml-element-name>applTrace</xml-element-name>
        </variable-mapping>
    </java-xml-type-mapping>
    <java-xml-type-mapping>
        <java-type>java.lang.String</java-type>
        <root-type-qname xmlns:rtq="http://www.w3.org/2001/XMLSchema">rtq:string</root-type-qname>
        <qname-scope>simpleType</qname-scope>
    </java-xml-type-mapping>
    <java-xml-type-mapping>
        <java-type>int</java-type>
        <root-type-qname xmlns:rtq="http://www.w3.org/2001/XMLSchema">rtq:int</root-type-qname>
        <qname-scope>simpleType</qname-scope>
    </java-xml-type-mapping>
    <java-xml-type-mapping>
        <java-type>boolean</java-type>
        <root-type-qname xmlns:rtq="http://www.w3.org/2001/XMLSchema">rtq:boolean</root-type-qname>
        <qname-scope>simpleType</qname-scope>
    </java-xml-type-mapping>
    <java-xml-type-mapping>
        <java-type>com.microfocus.cmpgen.EbizException</java-type>
        <root-type-qname xmlns:rtq="http://cmpgen.microfocus.com">rtq:EbizException</root-type-qname>
        <qname-scope>complexType</qname-scope>
        <variable-mapping>
            <java-variable-name>message</java-variable-name>
            <xml-element-name>message</xml-element-name>
        </variable-mapping>
    </java-xml-type-mapping>
    <java-xml-type-mapping>
        <java-type>com.microfocus.cmpgen.EbizException</java-type>
        <root-type-qname xmlns:rtq="http://cmpgen.microfocus.com">rtq:EbizException</root-type-qname>
        <qname-scope>element</qname-scope>
    </java-xml-type-mapping>
    <exception-mapping>
        <exception-type>com.microfocus.cmpgen.EbizException</exception-type>
        <wsdl-message xmlns:em="http://RPNResetProcess.RPNST101EJB.commercial.bcbssc.com">em:EbizException</wsdl-message>
        <constructor-parameter-order>
            <element-name>message</element-name>
        </constructor-parameter-order>
    </exception-mapping>
    <service-interface-mapping>
        <service-interface>com.bcbssc.services.rpnresetprocess.RPNResetProcessServiceService</service-interface>
        <wsdl-service-name xmlns:sim="http://RPNResetProcess.RPNST101EJB.commercial.bcbssc.com">sim:RPNResetProcessServiceService</wsdl-service-name>
        <port-mapping>
            <port-name>RPNResetProcess</port-name>
            <java-port-name>RPNResetProcess</java-port-name>
        </port-mapping>
    </service-interface-mapping>
    <service-endpoint-interface-mapping>
        <service-endpoint-interface>com.bcbssc.services.rpnresetprocess.RPNResetProcessService</service-endpoint-interface>
        <wsdl-port-type xmlns:seimwpt="http://RPNResetProcess.RPNST101EJB.commercial.bcbssc.com">seimwpt:RPNResetProcessService</wsdl-port-type>
        <wsdl-binding xmlns:seimwb="http://RPNResetProcess.RPNST101EJB.commercial.bcbssc.com">seimwb:RPNResetProcessSoapBinding</wsdl-binding>
        <service-endpoint-method-mapping>
            <java-method-name>processRPNReset</java-method-name>
            <wsdl-operation>processRPNReset</wsdl-operation>
            <wrapped-element/>
            <method-param-parts-mapping>
                <param-position>0</param-position>
                <param-type>com.bcbssc.services.rpnresetprocess.RPNResetProcessInput</param-type>
                <wsdl-message-mapping>
                    <wsdl-message xmlns:mppm="http://RPNResetProcess.RPNST101EJB.commercial.bcbssc.com">mppm:processRPNResetRequest</wsdl-message>
                    <wsdl-message-part-name>arg_0_0</wsdl-message-part-name>
                    <parameter-mode>IN</parameter-mode>
                </wsdl-message-mapping>
            </method-param-parts-mapping>
            <wsdl-return-value-mapping>
                <method-return-value>com.bcbssc.services.rpnresetprocess.RPNResetProcessOutput</method-return-value>
                <wsdl-message xmlns:wrvm="http://RPNResetProcess.RPNST101EJB.commercial.bcbssc.com">wrvm:processRPNResetResponse</wsdl-message>
                <wsdl-message-part-name>processRPNResetReturn</wsdl-message-part-name>
            </wsdl-return-value-mapping>
        </service-endpoint-method-mapping>
    </service-endpoint-interface-mapping>
</java-wsdl-mapping>