<?xml version="1.0" encoding="UTF-8"?><java-wsdl-mapping version="1.1" xmlns="http://java.sun.com/xml/ns/j2ee" xmlns:xsi="http://www.w3.org/2001/XMLSchema-instance" xsi:schemaLocation="http://java.sun.com/xml/ns/j2ee http://www.ibm.com/webservices/xsd/j2ee_jaxrpc_mapping_1_1.xsd">
    <package-mapping>
        <package-type>com.bcbssc.services.rulesdatatypeinquiry</package-type>
        <namespaceURI>http://RULESDataTypeInquiry.RDATT101EJB.commercial.bcbssc.com</namespaceURI>
    </package-mapping>
    <package-mapping>
        <package-type>com.microfocus.cmpgen</package-type>
        <namespaceURI>http://cmpgen.microfocus.com</namespaceURI>
    </package-mapping>
    <java-xml-type-mapping>
        <java-type>com.bcbssc.services.rulesdatatypeinquiry.RULESDataTypeInquiryInput</java-type>
        <root-type-qname xmlns:rtq="http://RULESDataTypeInquiry.RDATT101EJB.commercial.bcbssc.com">rtq:RULESDataTypeInquiryInput</root-type-qname>
        <qname-scope>complexType</qname-scope>
        <variable-mapping>
            <java-variable-name>rpn</java-variable-name>
            <xml-element-name>rpn</xml-element-name>
        </variable-mapping>
        <variable-mapping>
            <java-variable-name>planCode</java-variable-name>
            <xml-element-name>planCode</xml-element-name>
        </variable-mapping>
        <variable-mapping>
            <java-variable-name>dataType</java-variable-name>
            <xml-element-name>dataType</xml-element-name>
        </variable-mapping>
        <variable-mapping>
            <java-variable-name>effectiveDate</java-variable-name>
            <xml-element-name>effectiveDate</xml-element-name>
        </variable-mapping>
        <variable-mapping>
            <java-variable-name>requestedKeyField1</java-variable-name>
            <xml-element-name>requestedKeyField1</xml-element-name>
        </variable-mapping>
        <variable-mapping>
            <java-variable-name>requestedKeyField2</java-variable-name>
            <xml-element-name>requestedKeyField2</xml-element-name>
        </variable-mapping>
        <variable-mapping>
            <java-variable-name>requestedKeyField3</java-variable-name>
            <xml-element-name>requestedKeyField3</xml-element-name>
        </variable-mapping>
        <variable-mapping>
            <java-variable-name>voidedRecordIndicator</java-variable-name>
            <xml-element-name>voidedRecordIndicator</xml-element-name>
        </variable-mapping>
        <variable-mapping>
            <java-variable-name>recordBeginDate</java-variable-name>
            <xml-element-name>recordBeginDate</xml-element-name>
        </variable-mapping>
        <variable-mapping>
            <java-variable-name>previousLastPage</java-variable-name>
            <xml-element-name>previousLastPage</xml-element-name>
        </variable-mapping>
        <variable-mapping>
            <java-variable-name>hostID</java-variable-name>
            <xml-element-name>hostID</xml-element-name>
        </variable-mapping>
        <variable-mapping>
            <java-variable-name>hostPassword</java-variable-name>
            <xml-element-name>hostPassword</xml-element-name>
        </variable-mapping>
        <variable-mapping>
            <java-variable-name>toEscapeChar</java-variable-name>
            <xml-element-name>toEscapeChar</xml-element-name>
        </variable-mapping>
        <variable-mapping>
            <java-variable-name>MWIConfig</java-variable-name>
            <xml-element-name>MWIConfig</xml-element-name>
        </variable-mapping>
        <variable-mapping>
            <java-variable-name>applTrace</java-variable-name>
            <xml-element-name>applTrace</xml-element-name>
        </variable-mapping>
    </java-xml-type-mapping>
    <java-xml-type-mapping>
        <java-type>com.bcbssc.services.rulesdatatypeinquiry.RULESDataTypeInquiryOutput</java-type>
        <root-type-qname xmlns:rtq="http://RULESDataTypeInquiry.RDATT101EJB.commercial.bcbssc.com">rtq:RULESDataTypeInquiryOutput</root-type-qname>
        <qname-scope>complexType</qname-scope>
        <variable-mapping>
            <java-variable-name>detailedDataTypeRecords</java-variable-name>
            <xml-element-name>detailedDataTypeRecords</xml-element-name>
        </variable-mapping>
        <variable-mapping>
            <java-variable-name>serviceMessage</java-variable-name>
            <xml-element-name>serviceMessage</xml-element-name>
        </variable-mapping>
        <variable-mapping>
            <java-variable-name>serviceMessageCode</java-variable-name>
            <xml-element-name>serviceMessageCode</xml-element-name>
        </variable-mapping>
        <variable-mapping>
            <java-variable-name>systemMessage</java-variable-name>
            <xml-element-name>systemMessage</xml-element-name>
        </variable-mapping>
        <variable-mapping>
            <java-variable-name>applicationMessage</java-variable-name>
            <xml-element-name>applicationMessage</xml-element-name>
        </variable-mapping>
        <variable-mapping>
            <java-variable-name>lastPage</java-variable-name>
            <xml-element-name>lastPage</xml-element-name>
        </variable-mapping>
        <variable-mapping>
            <java-variable-name>ebizReplyAbendcode</java-variable-name>
            <xml-element-name>ebizReplyAbendcode</xml-element-name>
        </variable-mapping>
        <variable-mapping>
            <java-variable-name>ebizReplyStatus</java-variable-name>
            <xml-element-name>ebizReplyStatus</xml-element-name>
        </variable-mapping>
        <variable-mapping>
            <java-variable-name>ebizReplyStatusMessage</java-variable-name>
            <xml-element-name>ebizReplyStatusMessage</xml-element-name>
        </variable-mapping>
    </java-xml-type-mapping>
    <java-xml-type-mapping>
        <java-type>org.w3c.dom.Element</java-type>
        <root-type-qname xmlns:rtq="http://xml.apache.org/xml-soap">rtq:Element</root-type-qname>
        <qname-scope>complexType</qname-scope>
    </java-xml-type-mapping>
    <java-xml-type-mapping>
        <java-type>boolean</java-type>
        <root-type-qname xmlns:rtq="http://www.w3.org/2001/XMLSchema">rtq:boolean</root-type-qname>
        <qname-scope>simpleType</qname-scope>
    </java-xml-type-mapping>
    <java-xml-type-mapping>
        <java-type>com.bcbssc.services.rulesdatatypeinquiry.RULESDataTypeInquiryDetailedDataTypeRecords</java-type>
        <root-type-qname xmlns:rtq="http://RULESDataTypeInquiry.RDATT101EJB.commercial.bcbssc.com">rtq:RULESDataTypeInquiryDetailedDataTypeRecords</root-type-qname>
        <qname-scope>complexType</qname-scope>
        <variable-mapping>
            <java-variable-name>keyField1</java-variable-name>
            <xml-element-name>keyField1</xml-element-name>
        </variable-mapping>
        <variable-mapping>
            <java-variable-name>keyField2</java-variable-name>
            <xml-element-name>keyField2</xml-element-name>
        </variable-mapping>
        <variable-mapping>
            <java-variable-name>keyField3</java-variable-name>
            <xml-element-name>keyField3</xml-element-name>
        </variable-mapping>
        <variable-mapping>
            <java-variable-name>voidIndicator</java-variable-name>
            <xml-element-name>voidIndicator</xml-element-name>
        </variable-mapping>
        <variable-mapping>
            <java-variable-name>beginDate</java-variable-name>
            <xml-element-name>beginDate</xml-element-name>
        </variable-mapping>
        <variable-mapping>
            <java-variable-name>productionBeginDate</java-variable-name>
            <xml-element-name>productionBeginDate</xml-element-name>
        </variable-mapping>
        <variable-mapping>
            <java-variable-name>endDate</java-variable-name>
            <xml-element-name>endDate</xml-element-name>
        </variable-mapping>
        <variable-mapping>
            <java-variable-name>productionEndDate</java-variable-name>
            <xml-element-name>productionEndDate</xml-element-name>
        </variable-mapping>
        <variable-mapping>
            <java-variable-name>dataField1</java-variable-name>
            <xml-element-name>dataField1</xml-element-name>
        </variable-mapping>
        <variable-mapping>
            <java-variable-name>dataField2</java-variable-name>
            <xml-element-name>dataField2</xml-element-name>
        </variable-mapping>
        <variable-mapping>
            <java-variable-name>dataField3</java-variable-name>
            <xml-element-name>dataField3</xml-element-name>
        </variable-mapping>
    </java-xml-type-mapping>
    <java-xml-type-mapping>
        <java-type>com.bcbssc.services.rulesdatatypeinquiry.RULESDataTypeInquiryDetailedDataTypeRecords[]</java-type>
        <anonymous-type-qname>http://RULESDataTypeInquiry.RDATT101EJB.commercial.bcbssc.com:RULESDataTypeInquiryDetailedDataTypeRecords[0,unbounded]</anonymous-type-qname>
        <qname-scope>complexType</qname-scope>
    </java-xml-type-mapping>
    <java-xml-type-mapping>
        <java-type>com.bcbssc.services.rulesdatatypeinquiry.RULESDataTypeInquiryDetailedDataTypeRecords[]</java-type>
        <root-type-qname xmlns:rtq="http://RULESDataTypeInquiry.RDATT101EJB.commercial.bcbssc.com">rtq:ArrayOfRULESDataTypeInquiryDetailedDataTypeRecords</root-type-qname>
        <qname-scope>complexType</qname-scope>
        <variable-mapping>
            <java-variable-name>RULESDataTypeInquiryDetailedDataTypeRecords</java-variable-name>
            <xml-element-name>RULESDataTypeInquiryDetailedDataTypeRecords</xml-element-name>
        </variable-mapping>
    </java-xml-type-mapping>
    <java-xml-type-mapping>
        <java-type>com.microfocus.cmpgen.EbizException</java-type>
        <root-type-qname xmlns:rtq="http://cmpgen.microfocus.com">rtq:EbizException</root-type-qname>
        <qname-scope>complexType</qname-scope>
        <variable-mapping>
            <java-variable-name>message</java-variable-name>
            <xml-element-name>message</xml-element-name>
        </variable-mapping>
    </java-xml-type-mapping>
    <java-xml-type-mapping>
        <java-type>com.microfocus.cmpgen.EbizException</java-type>
        <root-type-qname xmlns:rtq="http://cmpgen.microfocus.com">rtq:EbizException</root-type-qname>
        <qname-scope>element</qname-scope>
    </java-xml-type-mapping>
    <java-xml-type-mapping>
        <java-type>int</java-type>
        <root-type-qname xmlns:rtq="http://www.w3.org/2001/XMLSchema">rtq:int</root-type-qname>
        <qname-scope>simpleType</qname-scope>
    </java-xml-type-mapping>
    <java-xml-type-mapping>
        <java-type>javax.xml.soap.SOAPElement</java-type>
        <root-type-qname xmlns:rtq="http://websphere.ibm.com/webservices/">rtq:SOAPElement</root-type-qname>
        <qname-scope>complexType</qname-scope>
    </java-xml-type-mapping>
    <java-xml-type-mapping>
        <java-type>java.lang.String</java-type>
        <root-type-qname xmlns:rtq="http://www.w3.org/2001/XMLSchema">rtq:string</root-type-qname>
        <qname-scope>simpleType</qname-scope>
    </java-xml-type-mapping>
    <java-xml-type-mapping>
        <java-type>com.bcbssc.services.rulesdatatypeinquiry.RULESDataTypeInquiryDetailedDataTypeRecords[]</java-type>
        <anonymous-type-qname>http://RULESDataTypeInquiry.RDATT101EJB.commercial.bcbssc.com:ArrayOfRULESDataTypeInquiryDetailedDataTypeRecords&gt;RULESDataTypeInquiryDetailedDataTypeRecords[0,unbounded]</anonymous-type-qname>
        <qname-scope>complexType</qname-scope>
    </java-xml-type-mapping>
    <exception-mapping>
        <exception-type>com.microfocus.cmpgen.EbizException</exception-type>
        <wsdl-message xmlns:em="http://RULESDataTypeInquiry.RDATT101EJB.commercial.bcbssc.com">em:EbizException</wsdl-message>
        <constructor-parameter-order>
            <element-name>message</element-name>
        </constructor-parameter-order>
    </exception-mapping>
    <service-interface-mapping>
        <service-interface>com.bcbssc.services.rulesdatatypeinquiry.RULESDataTypeInquiryServiceService</service-interface>
        <wsdl-service-name xmlns:sim="http://RULESDataTypeInquiry.RDATT101EJB.commercial.bcbssc.com">sim:RULESDataTypeInquiryServiceService</wsdl-service-name>
        <port-mapping>
            <port-name>RULESDataTypeInquiry</port-name>
            <java-port-name>RULESDataTypeInquiry</java-port-name>
        </port-mapping>
    </service-interface-mapping>
    <service-endpoint-interface-mapping>
        <service-endpoint-interface>com.bcbssc.services.rulesdatatypeinquiry.RULESDataTypeInquiryService</service-endpoint-interface>
        <wsdl-port-type xmlns:seimwpt="http://RULESDataTypeInquiry.RDATT101EJB.commercial.bcbssc.com">seimwpt:RULESDataTypeInquiryService</wsdl-port-type>
        <wsdl-binding xmlns:seimwb="http://RULESDataTypeInquiry.RDATT101EJB.commercial.bcbssc.com">seimwb:RULESDataTypeInquirySoapBinding</wsdl-binding>
        <service-endpoint-method-mapping>
            <java-method-name>getRULESDataType</java-method-name>
            <wsdl-operation>getRULESDataType</wsdl-operation>
            <wrapped-element/>
            <method-param-parts-mapping>
                <param-position>0</param-position>
                <param-type>com.bcbssc.services.rulesdatatypeinquiry.RULESDataTypeInquiryInput</param-type>
                <wsdl-message-mapping>
                    <wsdl-message xmlns:mppm="http://RULESDataTypeInquiry.RDATT101EJB.commercial.bcbssc.com">mppm:getRULESDataTypeRequest</wsdl-message>
                    <wsdl-message-part-name>arg_0_0</wsdl-message-part-name>
                    <parameter-mode>IN</parameter-mode>
                </wsdl-message-mapping>
            </method-param-parts-mapping>
            <wsdl-return-value-mapping>
                <method-return-value>com.bcbssc.services.rulesdatatypeinquiry.RULESDataTypeInquiryOutput</method-return-value>
                <wsdl-message xmlns:wrvm="http://RULESDataTypeInquiry.RDATT101EJB.commercial.bcbssc.com">wrvm:getRULESDataTypeResponse</wsdl-message>
                <wsdl-message-part-name>getRULESDataTypeReturn</wsdl-message-part-name>
            </wsdl-return-value-mapping>
        </service-endpoint-method-mapping>
    </service-endpoint-interface-mapping>
</java-wsdl-mapping>