<?xml version="1.0" encoding="UTF-8"?><java-wsdl-mapping version="1.1" xmlns="http://java.sun.com/xml/ns/j2ee" xmlns:xsi="http://www.w3.org/2001/XMLSchema-instance" xsi:schemaLocation="http://java.sun.com/xml/ns/j2ee http://www.ibm.com/webservices/xsd/j2ee_jaxrpc_mapping_1_1.xsd">
    <package-mapping>
        <package-type>com.bcbssc.services.rulesinquiryexecutingscript</package-type>
        <namespaceURI>http://services.bcbssc.com/RulesInquiryExecutingScript/v1/</namespaceURI>
    </package-mapping>
    <java-xml-type-mapping>
        <java-type>com.bcbssc.services.rulesinquiryexecutingscript.ResponseArgumentTableInfo</java-type>
        <root-type-qname xmlns:rtq="http://services.bcbssc.com/RulesInquiryExecutingScript/v1/">rtq:ResponseArgumentTableInfo</root-type-qname>
        <qname-scope>complexType</qname-scope>
        <variable-mapping>
            <java-variable-name>returnName</java-variable-name>
            <xml-element-name>returnName</xml-element-name>
        </variable-mapping>
        <variable-mapping>
            <java-variable-name>returnType</java-variable-name>
            <xml-element-name>returnType</xml-element-name>
        </variable-mapping>
        <variable-mapping>
            <java-variable-name>returnCharacter</java-variable-name>
            <xml-element-name>returnCharacter</xml-element-name>
        </variable-mapping>
    </java-xml-type-mapping>
    <java-xml-type-mapping>
        <java-type>com.bcbssc.services.rulesinquiryexecutingscript.ResponseArgumentTableInfo[]</java-type>
        <anonymous-type-qname>http://services.bcbssc.com/RulesInquiryExecutingScript/v1/:ResponseArgumentTableInfo[0,128]</anonymous-type-qname>
        <qname-scope>complexType</qname-scope>
    </java-xml-type-mapping>
    <java-xml-type-mapping>
        <java-type>com.bcbssc.services.rulesinquiryexecutingscript.ArgumentRow</java-type>
        <root-type-qname xmlns:rtq="http://services.bcbssc.com/RulesInquiryExecutingScript/v1/">rtq:ArgumentRow</root-type-qname>
        <qname-scope>complexType</qname-scope>
        <variable-mapping>
            <java-variable-name>argumentName</java-variable-name>
            <xml-element-name>argumentName</xml-element-name>
        </variable-mapping>
        <variable-mapping>
            <java-variable-name>argumentType</java-variable-name>
            <xml-element-name>argumentType</xml-element-name>
        </variable-mapping>
        <variable-mapping>
            <java-variable-name>argumentCharacter</java-variable-name>
            <xml-element-name>argumentCharacter</xml-element-name>
        </variable-mapping>
    </java-xml-type-mapping>
    <java-xml-type-mapping>
        <java-type>java.lang.String</java-type>
        <root-type-qname xmlns:rtq="http://www.w3.org/2001/XMLSchema">rtq:string</root-type-qname>
        <qname-scope>simpleType</qname-scope>
    </java-xml-type-mapping>
    <java-xml-type-mapping>
        <java-type>com.bcbssc.services.rulesinquiryexecutingscript.ArgumentRow[]</java-type>
        <anonymous-type-qname>http://services.bcbssc.com/RulesInquiryExecutingScript/v1/:ArgumentRow[0,1024]</anonymous-type-qname>
        <qname-scope>complexType</qname-scope>
    </java-xml-type-mapping>
    <java-xml-type-mapping>
        <java-type>com.bcbssc.services.rulesinquiryexecutingscript.ExecuteScriptResponse</java-type>
        <root-type-qname xmlns:rtq="http://services.bcbssc.com/RulesInquiryExecutingScript/v1/">rtq:ExecuteScriptResponse</root-type-qname>
        <qname-scope>complexType</qname-scope>
        <variable-mapping>
            <java-variable-name>returnCode</java-variable-name>
            <xml-element-name>returnCode</xml-element-name>
        </variable-mapping>
        <variable-mapping>
            <java-variable-name>errorProgramName</java-variable-name>
            <xml-element-name>errorProgramName</xml-element-name>
        </variable-mapping>
        <variable-mapping>
            <java-variable-name>errorFieldName</java-variable-name>
            <xml-element-name>errorFieldName</xml-element-name>
        </variable-mapping>
        <variable-mapping>
            <java-variable-name>errorMessage</java-variable-name>
            <xml-element-name>errorMessage</xml-element-name>
        </variable-mapping>
        <variable-mapping>
            <java-variable-name>errorParagraph</java-variable-name>
            <xml-element-name>errorParagraph</xml-element-name>
        </variable-mapping>
        <variable-mapping>
            <java-variable-name>gtmReturnCode</java-variable-name>
            <xml-element-name>gtmReturnCode</xml-element-name>
        </variable-mapping>
        <variable-mapping>
            <java-variable-name>totalReturnCode</java-variable-name>
            <xml-element-name>totalReturnCode</xml-element-name>
        </variable-mapping>
        <variable-mapping>
            <java-variable-name>db2SqlCode</java-variable-name>
            <xml-element-name>db2SqlCode</xml-element-name>
        </variable-mapping>
        <variable-mapping>
            <java-variable-name>db2TblName</java-variable-name>
            <xml-element-name>db2TblName</xml-element-name>
        </variable-mapping>
        <variable-mapping>
            <java-variable-name>imsStatusCode</java-variable-name>
            <xml-element-name>imsStatusCode</xml-element-name>
        </variable-mapping>
        <variable-mapping>
            <java-variable-name>imsPsbName</java-variable-name>
            <xml-element-name>imsPsbName</xml-element-name>
        </variable-mapping>
        <variable-mapping>
            <java-variable-name>vsamReturnCode</java-variable-name>
            <xml-element-name>vsamReturnCode</xml-element-name>
        </variable-mapping>
        <variable-mapping>
            <java-variable-name>vsamDdName</java-variable-name>
            <xml-element-name>vsamDdName</xml-element-name>
        </variable-mapping>
        <variable-mapping>
            <java-variable-name>errorArgumentPointer</java-variable-name>
            <xml-element-name>errorArgumentPointer</xml-element-name>
        </variable-mapping>
        <variable-mapping>
            <java-variable-name>returnTableCount</java-variable-name>
            <xml-element-name>returnTableCount</xml-element-name>
        </variable-mapping>
        <variable-mapping>
            <java-variable-name>responseArgumentTableInfo</java-variable-name>
            <xml-element-name>ResponseArgumentTableInfo</xml-element-name>
        </variable-mapping>
    </java-xml-type-mapping>
    <java-xml-type-mapping>
        <java-type>com.bcbssc.services.rulesinquiryexecutingscript.ArgumentRow[]</java-type>
        <anonymous-type-qname>http://services.bcbssc.com/RulesInquiryExecutingScript/v1/:ExecuteScriptRequest&gt;ArgumentRow[0,1024]</anonymous-type-qname>
        <qname-scope>complexType</qname-scope>
    </java-xml-type-mapping>
    <java-xml-type-mapping>
        <java-type>com.bcbssc.services.rulesinquiryexecutingscript.ResponseArgumentTableInfo[]</java-type>
        <anonymous-type-qname>http://services.bcbssc.com/RulesInquiryExecutingScript/v1/:ExecuteScriptResponse&gt;ResponseArgumentTableInfo[0,128]</anonymous-type-qname>
        <qname-scope>complexType</qname-scope>
    </java-xml-type-mapping>
    <service-interface-mapping>
        <service-interface>com.bcbssc.services.rulesinquiryexecutingscript.RulesInquiryExecutingScript_Service</service-interface>
        <wsdl-service-name xmlns:sim="http://services.bcbssc.com/RulesInquiryExecutingScript/v1/">sim:RulesInquiryExecutingScript</wsdl-service-name>
        <port-mapping>
            <port-name>inquireRulesExecutingScript</port-name>
            <java-port-name>inquireRulesExecutingScript</java-port-name>
        </port-mapping>
    </service-interface-mapping>
    <service-endpoint-interface-mapping>
        <service-endpoint-interface>com.bcbssc.services.rulesinquiryexecutingscript.RulesInquiryExecutingScript_PortType</service-endpoint-interface>
        <wsdl-port-type xmlns:seimwpt="http://services.bcbssc.com/RulesInquiryExecutingScript/v1/">seimwpt:RulesInquiryExecutingScript</wsdl-port-type>
        <wsdl-binding xmlns:seimwb="http://services.bcbssc.com/RulesInquiryExecutingScript/v1/">seimwb:getRuleScriptBinding</wsdl-binding>
        <service-endpoint-method-mapping>
            <java-method-name>inquireRulesExecutingScript</java-method-name>
            <wsdl-operation>inquireRulesExecutingScript</wsdl-operation>
            <wrapped-element/>
            <method-param-parts-mapping>
                <param-position>0</param-position>
                <param-type>java.lang.String</param-type>
                <wsdl-message-mapping>
                    <wsdl-message xmlns:mppm="http://services.bcbssc.com/RulesInquiryExecutingScript/v1/">mppm:ExecuteScriptRequest</wsdl-message>
                    <wsdl-message-part-name>packageset</wsdl-message-part-name>
                    <parameter-mode>IN</parameter-mode>
                </wsdl-message-mapping>
            </method-param-parts-mapping>
            <method-param-parts-mapping>
                <param-position>1</param-position>
                <param-type>java.lang.String</param-type>
                <wsdl-message-mapping>
                    <wsdl-message xmlns:mppm="http://services.bcbssc.com/RulesInquiryExecutingScript/v1/">mppm:ExecuteScriptRequest</wsdl-message>
                    <wsdl-message-part-name>rpn</wsdl-message-part-name>
                    <parameter-mode>IN</parameter-mode>
                </wsdl-message-mapping>
            </method-param-parts-mapping>
            <method-param-parts-mapping>
                <param-position>2</param-position>
                <param-type>java.lang.String</param-type>
                <wsdl-message-mapping>
                    <wsdl-message xmlns:mppm="http://services.bcbssc.com/RulesInquiryExecutingScript/v1/">mppm:ExecuteScriptRequest</wsdl-message>
                    <wsdl-message-part-name>script</wsdl-message-part-name>
                    <parameter-mode>IN</parameter-mode>
                </wsdl-message-mapping>
            </method-param-parts-mapping>
            <method-param-parts-mapping>
                <param-position>3</param-position>
                <param-type>java.lang.String</param-type>
                <wsdl-message-mapping>
                    <wsdl-message xmlns:mppm="http://services.bcbssc.com/RulesInquiryExecutingScript/v1/">mppm:ExecuteScriptRequest</wsdl-message>
                    <wsdl-message-part-name>argumentTableCount</wsdl-message-part-name>
                    <parameter-mode>IN</parameter-mode>
                </wsdl-message-mapping>
            </method-param-parts-mapping>
            <method-param-parts-mapping>
                <param-position>4</param-position>
                <param-type>java.lang.String</param-type>
                <wsdl-message-mapping>
                    <wsdl-message xmlns:mppm="http://services.bcbssc.com/RulesInquiryExecutingScript/v1/">mppm:ExecuteScriptRequest</wsdl-message>
                    <wsdl-message-part-name>returnTableMax</wsdl-message-part-name>
                    <parameter-mode>IN</parameter-mode>
                </wsdl-message-mapping>
            </method-param-parts-mapping>
            <method-param-parts-mapping>
                <param-position>5</param-position>
                <param-type>com.bcbssc.services.rulesinquiryexecutingscript.ArgumentRow[]</param-type>
                <wsdl-message-mapping>
                    <wsdl-message xmlns:mppm="http://services.bcbssc.com/RulesInquiryExecutingScript/v1/">mppm:ExecuteScriptRequest</wsdl-message>
                    <wsdl-message-part-name>ArgumentRow</wsdl-message-part-name>
                    <parameter-mode>IN</parameter-mode>
                </wsdl-message-mapping>
            </method-param-parts-mapping>
            <wsdl-return-value-mapping>
                <method-return-value>com.bcbssc.services.rulesinquiryexecutingscript.ExecuteScriptResponse</method-return-value>
                <wsdl-message xmlns:wrvm="http://services.bcbssc.com/RulesInquiryExecutingScript/v1/">wrvm:ExecuteScriptResponse</wsdl-message>
                <wsdl-message-part-name>ExecuteScriptResponse</wsdl-message-part-name>
            </wsdl-return-value-mapping>
        </service-endpoint-method-mapping>
    </service-endpoint-interface-mapping>
</java-wsdl-mapping>