{
	"apiVersion": "v1",
	"kind": "UcdDeploymentTemplate",
	"metadata": {
		"name": "UcdDeploymentTemplate",
		"description": "UCD Deployment Template for application component deployment and UCD capabilities configuration."
	},
	"objects": [
		{
			"apiVersion": "v1",
			"kind": "UcdApplicationConfig",
			"metadata": {
				"name": "F7H-AWSACHECK",
				"description": "UCD Application configuration for F7H-AWSACHECK."
			},
			"spec": {
				"properties": {
					"name": "F7H-AWSACHECK",
					"appCode": "F7H",
					"assetId": "MSR02364",
					"appName": "ACheck-AWS"
				}
			}
		},
		{
			"apiVersion": "v1",
			"kind": "UcdComponentConfig",
			"metadata": {
				"name": "F7H-api",
				"description": "UCD Component configuration for F7H-api component."
			},
			"spec": {
				"properties": {
					"name": "myComponent",
					"customJar": "s3://elasticmapreduce/libs/script-runner/script-runner.jar",
					"GROOVY_VERSION": "groovy-3.0.0-rc-1",
					"emrScript": "myEmrScriptFile"
				},
				"environments": [
					{
						"name": "DEVL",
						"envType": "DEVL",
						"envProperties": {
							"iam.awsAccountId": "189693026861",
							"iam.awsRole": "achk-devl-cp-deploy",
							"s3.deploy": true,
							"s3.kmsKey": "",
							"s3.s3Files": "acheck_api-package.zip:s3://fnma-achk-devl-us-east-1-private/ucd-builds/:cleandeploy \n acheck-s3-test-temp.txt:s3://fnma-achk-devl-us-east-1-private/ucd-builds/",
							"cf.deploy": true,
							"cf.cftS3Location": "",
							"cf.parametersJson": "",
							"cf.cloudformationTemplate": "",
							"cf.stackName": "",
							"emr.deploy": true							
						}
					},
					{
						"name": "ACPT",
						"envType": "ACPT",
						"envProperties": {
							"iam.awsAccountId": "189693026861",
							"iam.awsRole": "achk-devl-cp-deploy",
							"s3.deploy": true,
							"s3.kmsKey": "",
							"s3.s3Files": "acheck_api-package.zip:s3://fnma-achk-devl-us-east-1-private/ucd-builds/:cleandeploy \n acheck-s3-test-temp.txt:s3://fnma-achk-devl-us-east-1-private/ucd-builds/",
							"cf.deploy": true,
							"cf.cftS3Location": "",
							"cf.parametersJson": "",
							"cf.cloudformationTemplate": "",
							"cf.stackName": "",
							"emr.deploy": true							
						}
					}
				],
				"version": {
					"properties": {
					}
				}
			}
		}
	]
}
