<?xml version="1.0" encoding="UTF-8"?>
<!DOCTYPE beans PUBLIC "-//SPRING//DTD BEAN//EN" "http://www.springframework.org/dtd/spring-beans.dtd">
<beans>
    <bean id="lsvMemberRegistrationProfile" class="com.bcbssc.configuration.beans.RegistrationProfile">
        <property name="homePage" value="/im/lsvMemberIndex.html"/>
        <property name="homePageContent" value="/im/lsvMemberContent.jsp"/>
        <property name="loginPage" value="/LSV.Logon.html"/>
        <property name="loginPageContent" value="/lsvMemberLoginPageContent.jsp"/>
        <property name="legalAgreement" value="/LSV.Legal.jsp"/>
        <property name="faqPage" value=""/>
        <property name="passwordChangePage" value="/mdimChangePassword.jsp"/>
        <property name="passwordHelpPage" value="/mdimMemberPasswordHelp.jsp"/>
        <property name="passwordSecurityPage" value=""/>
        <property name="createProfileTaxIDPage" value=""/>
        <property name="createProfilePage" value="/mdimMemberCreateProfile.html"/>
        <property name="createProfileConfirmationPage" value="/mdimMemberConfirmData.jsp"/>
        <property name="modifyProfilePage" value="/funct/mdimModifyProfile.jsp"/>
        <property name="modifyProfileConfirmationPage" value="/funct/mdimModifyProfileConfirm.jsp"/>
        <property name="profileExistsPage" value=""/>
        <property name="loginErrorPage" value="/mdimSignon.jsp"/>
        <property name="contactUsPage" value="/lsvMemberContactUs.jsp"/>

        <property name="company" value="D3" />

        <property name="imagesData">
            <map>
                <entry key="headerleft" value="/images/mdim_mem_logo.gif"/>
                <entry key="sidebar" value="sidebar.gif"/>
                <entry key="idcard" value="/images/mdim_idcard.gif"/>
            </map>
        </property>
    </bean>

    <bean id="lsvProviderRegistrationProfile" class="com.bcbssc.configuration.beans.RegistrationProfile">
        <property name="loginPage" value="/LSV.Logon.Provider.html"/>
        <property name="loginPageContent" value="lsvProviderLoginPageContent.jsp"/>
        <property name="legalAgreement" value="/lsvProviderLegalAgreement.html"/>
        <property name="passwordHelpPage" value="/mdimProviderPasswordHelp.jsp"/>
        <property name="createProfileTaxIDPage" value="/mdimProviderTaxIDInformation.html"/>
        <property name="createProfilePage" value="/mdimProviderCreateProfile.jsp"/>
        <property name="createProfileConfirmationPage" value="/mdimProviderCreateProfileConfirm.jsp"/>
        <property name="contactUsPage" value="/lsvProviderContactUs.jsp"/>
        <property name="homePage" value="/im/lsvProviderIndex.html"/>
        <property name="homePageContent" value="/im/lsvProviderContent.html"/>
        <property name="modifyProfilePage" value="/prov_funct/mdimProviderModifyProfile.jsp"/>
        <property name="modifyProfileConfirmationPage" value="/prov_funct/mdimProviderModifyProfileConfirm.jsp"/>

        <property name="passwordChangePage" value="/mdimChangePassword.jsp"/>
        <property name="passwordSecurityPage" value="lsvProviderPassSecurityPage.jsp"/>
        <property name="profileExistsPage" value="lsvProviderprofileExistsPage.jsp"/>
        <property name="loginErrorPage" value="lsvProviderloginErrorPage.jsp"/>

        <property name="company" value="7"/>

        <property name="imagesData">
            <map>
                <entry key="headerleft" value="images/mdim_provider_logo.gif"/>
                <entry key="sidebar" value="sidebar.gif"/>
                <entry key="idcard" value="idcard.gif"/>
            </map>
        </property>
    </bean>    
    <bean id="lsvSuperUserRegistrationProfile" class="com.bcbssc.configuration.beans.RegistrationProfile">
        <property name="loginPage" value="/LSV.Logon.SU.jsp"/>
        <property name="superUserMemberAuthPage" value="/mdim.SU.Authenticate.Member.jsp"/>
        <property name="superUserProviderAuthPage" value="/mdim.SU.Authenticate.Provider.jsp"/>
        <property name="superUserBeneCordAuthPage" value="/mdim.SU.Authenticate.BenefitsCoord.jsp"/>
        <property name="superUserTrans" value="SUSM"/>
        <property name="helpDeskTrans" value="SUSM"/>
        <property name="loginErrorPage" value="lsvProviderloginErrorPage.jsp"/>
        <property name="contactUsPage" value="/lsvProviderContactUs.jsp"/>
        <property name="imagesData">
            <map>
                <entry key="headerleft" value="/images/dental-info-super-user.jpg"/>
            </map>
        </property>
    </bean>

    <bean id="defaultMemberRegistrationProfile" class="com.bcbssc.configuration.beans.RegistrationProfile">
        <property name="homePage" value="defaultMemberHomePage.jsp"/>
        <property name="homePageContent" value="/im/fcl_pro_content.html"/>
        <property name="loginPage" value="defaultMemberLoginPage.jsp"/>
        <property name="loginPageContent" value="defaultMemberLoginPageContent.jsp"/>
        <property name="legalAgreement" value="defaultMemberLegalAgreementPage.jsp"/>
        <property name="passwordChangePage" value="defaultMemberPassChangePage.jsp"/>
        <property name="passwordHelpPage" value="/mdimProviderPasswordHelp.jsp"/>
        <property name="passwordSecurityPage" value="defaultMemberPassSecurityPage.jsp"/>
        <property name="createProfileTaxIDPage" value="defaultMembercreateProfileTaxIDPage.jsp"/>
        <property name="createProfilePage" value="defaultMembercreateProfilePage.jsp"/>
        <property name="createProfileConfirmationPage" value="defaultMembercreateProfileConfirmationPage.jsp"/>
        <property name="modifyProfilePage" value="defaultMembermodifyProfilePage.jsp"/>
        <property name="modifyProfileConfirmationPage" value="defaultMembermodifyProfileConfirmationPage.jsp"/>
        <property name="profileExistsPage" value="defaultMemberprofileExistsPage.jsp"/>
        <property name="loginErrorPage" value="defaultMemberloginErrorPage.jsp"/>
        <property name="contactUsPage" value="/funct/AskCustomerService.jsp"/>

        <property name="imagesData">
            <map>
                <entry key="headerleft" value="mdim_member_logo.gif"/>
                <entry key="headerright" value="mdim_member_logo.gif"/>
                <entry key="sidebar" value="sidebar.gif"/>
                <entry key="idcard" value="idcard.gif"/>
            </map>
        </property>
    </bean>

    <bean id="defaultProviderRegistrationProfile" class="com.bcbssc.configuration.beans.RegistrationProfile">
        <property name="homePage" value="defaultProviderHomePage.jsp"/>
        <property name="homePageContent" value="/im/fcl_pro_content.html"/>
        <property name="loginPage" value="defaultProviderLoginPage.jsp"/>
        <property name="loginPageContent" value="defaultProviderLoginPageContent.jsp"/>
        <property name="legalAgreement" value="defaultProviderLegalAgreementPage.jsp"/>
        <property name="passwordChangePage" value="defaultProviderPassChangePage.jsp"/>
        <property name="passwordHelpPage" value="/mdimProviderPasswordHelp.jsp"/>
        <property name="passwordSecurityPage" value="defaultProviderPassSecurityPage.jsp"/>
        <property name="createProfileTaxIDPage" value="defaultProvidercreateProfileTaxIDPage.jsp"/>
        <property name="createProfilePage" value="defaultProvidercreateProfilePage.jsp"/>
        <property name="createProfileConfirmationPage" value="defaultProvidercreateProfileConfirmationPage.jsp"/>
        <property name="modifyProfilePage" value="defaultProvidermodifyProfilePage.jsp"/>
        <property name="modifyProfileConfirmationPage" value="defaultProvidermodifyProfileConfirmationPage.jsp"/>
        <property name="profileExistsPage" value="defaultProviderprofileExistsPage.jsp"/>
        <property name="loginErrorPage" value="defaultProviderloginErrorPage.jsp"/>
        <property name="contactUsPage" value="/prov_funct/AskProviderServices.jsp"/>

        <property name="imagesData">
            <map>
                <entry key="headerleft" value="mdim_provider_logo.gif"/>
                <entry key="headerright" value="mdim_provider_logo.gif"/>
                <entry key="sidebar" value="sidebar.gif"/>
                <entry key="idcard" value="idcard.gif"/>
            </map>
        </property>
    </bean>

       <bean id="lsvInformDynamicData" class="com.bcbssc.configuration.beans.ApplicationSpecificInformData">
        <property name="mqFrom" value="WEBLSV" />
        <property name="correspName" value="WEBMDIM" />
        <property name="infpData">
            <map>
                <entry key="infoType" value="INFP" />
                <entry key="corpCd" value="1" />
                <entry key="companyCd" value="3" />
            <entry key="divisionCd" value="33" />
            <entry key="deptCd" value="465FCL" />
            <entry key="emplId" value="WEB10" />                
           </map>
        </property>
            <property name="infoData">
            <map>
                <entry key="infoType" value="INFO" />
                <entry key="corpCd" value="1" />
                <entry key="companyCd" value="1" />
            <entry key="divisionCd" value="45" />
            <entry key="deptCd" value="820" />
            <entry key="emplId" value="TSCEHELP" />             
            </map>
        </property>
    </bean>


    <bean id="defaultRPNDetails" class="com.bcbssc.configuration.beans.RPNDetails">
        <property name="baserpn" value="001"/>
        <property name="alternaterpn" value="001"/>
        <property name="ammsrpn" value="001"/>
        <property name="pimsrpn" value="001"/>
        <property name="selgrpn" value="001"/>
        <property name="tmcsrpn" value="001"/>
        <property name="rulesrpn" value="001"/>
        <property name="seinrpn" value="001"/>
        <property name="tmplrpn" value="001"/>
    </bean>

    <bean id="lsvRPNDetails" class="com.bcbssc.configuration.beans.RPNDetails">
        <property name="baserpn" value="001"/>
        <property name="alternaterpn" value="037"/>
        <property name="ammsrpn" value="001"/>
        <property name="pimsrpn" value="037"/>
        <property name="selgrpn" value="001"/>
        <property name="tmcsrpn" value="037"/>
        <property name="rulesrpn" value="037"/>
        <property name="seinrpn" value="001"/>
        <property name="tmplrpn" value="037"/>
    </bean>

    <bean id="blueCrossBlueShieldHealthPlan" class="com.bcbssc.configuration.beans.Plan">
        <property name="displayName" value="BlueCross BlueShield Plans"/>
        <property name="value" value="BlueCross BlueShield Plans"/>
        <property name="rpn" value="001"/>
    </bean>

    <bean id="blueChoiceHealthPlan" class="com.bcbssc.configuration.beans.Plan">
        <property name="displayName" value="BlueChoice HealthPlan"/>
        <property name="value" value="BlueChoice HealthPlan"/>
        <property name="rpn" value="035"/>
    </bean>

    <bean id="stateHealthPlan" class="com.bcbssc.configuration.beans.Plan">
        <property name="displayName" value="State Health Plan"/>
        <property name="value" value="State Health Plan"/>
        <property name="rpn" value="001"/>
    </bean>

    <bean id="blueCrossBlueShieldDentalPlan" class="com.bcbssc.configuration.beans.Plan">
        <property name="displayName" value="BlueCross BlueShield Dental"/>
        <property name="value" value="BlueCross BlueShield Dental"/>
        <property name="rpn" value="001"/>
    </bean>

    <bean id="stateDentalPlan" class="com.bcbssc.configuration.beans.Plan">
        <property name="displayName" value="State Dental Plan"/>
        <property name="value" value="State Dental Plan"/>
        <property name="rpn" value="001"/>
    </bean>

    <bean id="fclDentalPlan" class="com.bcbssc.configuration.beans.Plan">
        <property name="displayName" value="Dental Plan"/>
        <property name="value" value="Dental Plan"/>
        <property name="rpn" value="037"/>
    </bean>

    <bean id="floridaCombinedLife" class="com.bcbssc.configuration.beans.ApplicationConfiguration">

        <property name="companyName" value="FCL"/>

        <property name="rpnDetails">
            <ref bean="lsvRPNDetails"/>
        </property>

        <property name="profileData">
            <map>
                <entry>
                    <key>
                        <value>member</value>
                    </key>
                    <ref bean="lsvMemberRegistrationProfile"/>
                </entry>
                <entry>
                    <key>
                        <value>provider</value>
                    </key>
                    <ref bean="lsvProviderRegistrationProfile"/>
                </entry>
                <entry>
                    <key>
                        <value>superuser</value>
                    </key>
                    <ref bean="lsvSuperUserRegistrationProfile"/>
                </entry>
            </map>
        </property>

        <property name="dentalPlans">
            <list>
                <ref bean="fclDentalPlan"/>             
            </list>
        </property>

        <property name="informBucketDetails">
            <ref bean="lsvInformDynamicData"/>
        </property>

        <property name="resourceBundleFileName" value="lsvResourceBundle"/>
    </bean>

    <bean id="default" class="com.bcbssc.configuration.beans.ApplicationConfiguration">

        <property name="companyName" value="BCBS"/>

        <property name="rpnDetails">
            <ref bean="defaultRPNDetails"/>
        </property>

        <property name="profileData">
            <map>
                <entry>
                    <key>
                        <value>member</value>
                    </key>
                    <ref bean="defaultMemberRegistrationProfile"/>
                </entry>
                <entry>
                    <key>
                        <value>provider</value>
                    </key>
                    <ref bean="defaultProviderRegistrationProfile"/>
                </entry>
            </map>
        </property>

        <property name="healthPlans">
            <list>
                <ref bean="blueCrossBlueShieldHealthPlan"/>             
                <ref bean="blueChoiceHealthPlan"/>              
                <ref bean="stateHealthPlan"/>               
            </list>
        </property>

        <property name="dentalPlans">
            <list>
                <ref bean="blueCrossBlueShieldDentalPlan"/>             
                <ref bean="stateDentalPlan"/>               
            </list>
        </property>
        
        <property name="resourceBundleFileName" value="defaultResourceBundle"/>
    </bean>
</beans>
