<?xml version="1.0" encoding="UTF-8"?>
<!DOCTYPE beans PUBLIC "-//SPRING//DTD BEAN//EN" "http://www.springframework.org/dtd/spring-beans.dtd">
<beans>

    <!--  RPN Details for Blue Cross -->
    <bean id="bcbsRPNDetails" class="com.bcbssc.configuration.beans.RPNDetails">
        <property name="baserpn" value="001"/>
        <property name="alternaterpn" value="001"/>
        <property name="ammsrpn" value="001"/>
        <property name="pimsrpn" value="001"/>
        <property name="selgrpn" value="001"/>
        <property name="tmcsrpn" value="001"/>
        <property name="rulesrpn" value="001"/>
        <property name="seinrpn" value="001"/>
        <property name="tmplrpn" value="001"/>
    </bean>
    
    <!-- Member registration profile for Blue Cross -->
    <bean id="bcbsProviderRegistrationProfile" class="com.bcbssc.configuration.beans.RegistrationProfile">
        <property name="homePageContent" value="/im/bcbs_pro_content.html"/>
        <property name="homePage" value="/im/bcbs_pro_index.html"/>
        <property name="dentalHomePageContent" value="/im/dental_im_pro_content.html"/>        
        <property name="loginErrorPage" value="/BCBSSC.Signon.Provider.html"/>
        <property name="loginPage" value="/BCBSSC.Logon.Provider.html"/>        
        <property name="contactUsPage" value="/prov_funct/AskProviderServices.jsp"/>        
        <property name="createProfileBasicInformationPage" value="/BCBSSC.AuthenticateInfo.Provider.html"/>
        <property name="createProfilePage" value="/BCBSSC.CreateProfile.Provider.jsp"/>
        <property name="passwordHelpPage" value="/BCBSSC.ReAuthenticate.Provider.jsp"/>
        <property name="passwordSecurityPage" value="/BCBSSC.CheckSecurity.Provider.jsp"/>
    </bean>
    
    <!-- Provider registration profile for Blue Cross -->
    <bean id="bcbsMemberRegistrationProfile" class="com.bcbssc.configuration.beans.RegistrationProfile">
        <property name="loginErrorPage" value="/BCBSSC.Signon.html"/>
        <property name="contactUsPage" value="/funct/AskCustomerService.jsp"/>          
    </bean>
    
    <!-- Superuser registration profile for Blue Cross -->
    <bean id="bcbsSuperUserRegistrationProfile" class="com.bcbssc.configuration.beans.SuperUserRegistrationProfile">
        <property name="superUserCSRLoginPage" value="/BCBSSC.SU.Logon.jsp"/>
        <property name="superUserHDLoginPage" value="/BCBSSC.SUHD.Logon.jsp"/>
        <property name="superUserMemberAuthPage" value="/mhim.SU.Authenticate.Member.jsp"/>
        <property name="superUserProviderAuthPage" value="/mhim.SU.Authenticate.Provider.jsp"/>
        <property name="superUserBeneCordAuthPage" value="/benefitscoordinator_open/do/superUserValidated"/>
        <property name="superUserTrans" value="SUCR"/>
        <property name="helpDeskTrans" value="SUHD"/>
        <property name="imagesData">
            <map>
                <entry key="headerleft" value="/images/logon_header_member.jpg"/>
                <entry key="headerright" value="/images/spacer.gif"/>
                <entry key="idcard" value="/images/healthcard.gif"/>
            </map>
        </property>
        <property name="superCsrInquiryTypes">
            <map>
                <entry key="Member" value="Member"/>
                <entry key="Provider" value="Provider"/>
                <entry key="BC" value="Benefits Coordinator"/>
            </map>
        </property>
        <property name="superHelpDeskInquiryTypes">
            <map>
                <entry key="Member" value="Member"/>
                <entry key="BC" value="Benefits Coordinator"/>
            </map>
        </property>
    </bean>
    
    <!-- Blue Cross health inform details -->
    <bean id="bcbsHealthInformDetails" class="com.bcbssc.configuration.beans.InformDetails">
        <property name="mqFrom" value="WEBPB"/>
        <property name="correspName" value="WEBMIM"/>
    </bean>

    <!-- Blue Cross dental inform details -->
    <bean id="bcbsDentalInformDetails" class="com.bcbssc.configuration.beans.InformDetails">
        <property name="mqFrom" value="WEB01"/>
        <property name="correspName" value="WEBPBD"/>
    </bean>
    
    <!-- Blue Cross benfits coordinator inform details -->
    <bean id="bcbsBenefitsCoordinatorInformDetails" class="com.bcbssc.configuration.beans.InformDetails">
        <property name="mqFrom" value="WEB01"/>
        <property name="correspName" value="WEBMIM"/>
    </bean>

    <!-- Blue Cross health inform bucket details -->
    <bean id="bcbsHealthInformBucketDetails" class="com.bcbssc.configuration.beans.InformBucketDetails">
        <property name="informType" value="INFP"/>
        <property name="corporateCode" value="1"/>
        <property name="companyCode" value="3"/>
        <property name="divisionCode" value="44"/>
        <property name="departmentCode" value="916"/>
        <property name="employeeId" value="WEB01"/>
        <property name="eligCode" value="BC" /> 
        <property name="clientName" value="MIM"/>
        <property name="inquiryLocationCode" value="" />        
    </bean>

    <!-- state health inform bucket details -->
    <bean id="stateHealthInformBucketDetails" class="com.bcbssc.configuration.beans.InformBucketDetails">
        <property name="informType" value="INFP"/>
        <property name="corporateCode" value="1"/>
        <property name="companyCode" value="3"/>
        <property name="divisionCode" value="44"/>
        <property name="departmentCode" value="916"/>
        <property name="employeeId" value="WEB01"/>
        <property name="eligCode" value="ST" /> 
        <property name="clientName" value="MIM"/>
        <property name="inquiryLocationCode" value="" />        
    </bean>

    <!-- Blue Cross health transferred inform bucket details -->
    <bean id="bcbsHealthTransferredInformBucketDetails" class="com.bcbssc.configuration.beans.InformBucketDetails">
        <property name="informType" value="INFP"/>
        <property name="corporateCode" value="1"/>
        <property name="companyCode" value="3"/>
        <property name="divisionCode" value="44"/>
        <property name="departmentCode" value="916"/>
        <property name="employeeId" value="WEBPB"/>
        <property name="eligCode" value="BC" />
        <property name="clientName" value="MIM"/>
    </bean>
    
    <!-- Blue Cross health inform data -->
    <bean id="bcbsHealthInformData" class="com.bcbssc.configuration.beans.InformData">
        <property name="informDetails">
            <ref bean="bcbsHealthInformDetails"/>
        </property>
        <property name="loggedInformBucketDetails">
            <ref bean="bcbsHealthInformBucketDetails"/>
        </property>
        <property name="requestedInformBucketDetails">
            <ref bean="bcbsHealthInformBucketDetails"/>
        </property>
        <property name="transferredInformBucketDetails">
            <ref bean="bcbsHealthTransferredInformBucketDetails"/>
        </property>
    </bean>
    
    <!-- Blue Cross dental inform data -->
    <bean id="bcbsDentalInformData" class="com.bcbssc.configuration.beans.InformData">
        <property name="informDetails">
            <ref bean="bcbsDentalInformDetails"/>
        </property>
        <property name="loggedInformBucketDetails">
            <ref bean="bcbsHealthInformBucketDetails"/>
        </property>
        <property name="requestedInformBucketDetails">
            <ref bean="bcbsHealthInformBucketDetails"/>
        </property>
        <property name="transferredInformBucketDetails">
            <ref bean="bcbsHealthInformBucketDetails"/>
        </property>
    </bean>
    

    <!--  BCBSSC Provider routing inform details -->
    <bean id="bcbsProviderInformDetails" class="com.bcbssc.configuration.beans.InformDetails">
        <property name="mqFrom" value="WEBPB"/>
        <property name="correspName" value="WEBMIM"/>
    </bean>
    <bean id="bcbsProviderInformBucketDetails" class="com.bcbssc.configuration.beans.InformBucketDetails">
        <property name="informType" value="INFP"/>
        <property name="corporateCode" value="1"/>
        <property name="companyCode" value="3"/>
        <property name="divisionCode" value="44"/>
        <property name="departmentCode" value="916"/>
        <property name="employeeId" value="WEB01"/>
    </bean>
    <bean id="bcbsProviderInformData" class="com.bcbssc.configuration.beans.InformData">
        <property name="informDetails">
            <ref bean="bcbsProviderInformDetails"/>
        </property>
        <property name="loggedInformBucketDetails">
            <ref bean="bcbsProviderInformBucketDetails"/>
        </property>
        <property name="requestedInformBucketDetails">
            <ref bean="bcbsProviderInformBucketDetails"/>
        </property>
        <property name="transferredInformBucketDetails">
            <ref bean="bcbsProviderInformBucketDetails"/>
        </property>
    </bean>
    <!-- BCBSSC Provider routing inform details End -->
    
    <!--  Super User Configurations -->    
    <!--  Health Plans Configuration for Super userI Module Need to show only 2 drop downs -->
    <bean id="bcbsSuperUserPlanList" class="com.bcbssc.configuration.beans.PlanList">
        <property name="plans">
            <list>
                <ref bean="pleaseChoosePlan"/>
                <ref bean="blueCrossBlueShieldHealthPlan"/>
                <ref bean="blueChoiceHealthPlan"/>
            </list>
        </property>
        <property name="valueField" value="company"/>
        <property name="selectedIndex" value="0"/>
        <property name="displayDropDown" value="true"/>
    </bean>

    <!-- Blue Cross benefits coordinator inform data -->
    <bean id="bcbsBenefitsCoordinatorInformData" class="com.bcbssc.configuration.beans.InformData">
        <property name="informDetails">
            <ref bean="bcbsBenefitsCoordinatorInformDetails"/>
        </property>
        <property name="loggedInformBucketDetails">
            <ref bean="bcbsHealthInformBucketDetails"/>
        </property>
        <property name="requestedInformBucketDetails">
            <ref bean="bcbsHealthInformBucketDetails"/>
        </property>
        <property name="transferredInformBucketDetails">
            <ref bean="bcbsHealthInformBucketDetails"/>
        </property>
    </bean>
    
    
    <!--  member registration inform configuration -->
    
    <!-- Inform Details -->
    <bean id="bcbsMemberRegistrationInformDetails" class="com.bcbssc.configuration.beans.InformDetails">
        <property name="mqFrom" value="WEB01" />
        <property name="correspName" value="WEBMIM: " />
        <property name="requestReason" value="X8" />
    </bean>
        
    <!-- Logged Inform Bucket Details -->
    <bean id="bcbsMemberRegistrationLoggedInformBucketDetails" class="com.bcbssc.configuration.beans.InformBucketDetails">
        <property name="informType" value="INFP"/>
        <property name="companyCode" value="3"/>
        <property name="divisionCode" value="44"/>
        <property name="departmentCode" value="916"/>
        <property name="employeeId" value="WEB01"/>       
        <property name="eligCode" value="CHC"/>
    </bean>

    <!-- Inform Data -->    
    <bean id="bcbsMemberRegistrationInformData" class="com.bcbssc.configuration.beans.InformData">
        <property name="informDetails">
            <ref bean="bcbsMemberRegistrationInformDetails"/>
        </property>        

        <property name="loggedInformBucketDetails">
            <ref bean="bcbsMemberRegistrationLoggedInformBucketDetails"/>
        </property>        
        
        <property name="requestedInformBucketDetails">
            <ref bean="bcbsMemberRegistrationLoggedInformBucketDetails"/>
        </property>    
        
        <property name="transferredInformBucketDetails">
            <ref bean="bcbsMemberRegistrationLoggedInformBucketDetails"/>
        </property>            
    </bean>     
    

    <bean id="stateMemberRegistrationInformDetails" class="com.bcbssc.configuration.beans.InformDetails">
        <property name="mqFrom" value="WEB01" />
        <property name="correspName" value="WEBSTP: " />
        <property name="requestReason" value="X8" />
    </bean>
        
    <!-- Logged Inform Bucket Details -->
    <bean id="stateMemberRegistrationLoggedInformBucketDetails" class="com.bcbssc.configuration.beans.InformBucketDetails">
        <property name="informType" value="INFP"/>
        <property name="companyCode" value="3"/>
        <property name="divisionCode" value="44"/>
        <property name="departmentCode" value="916"/>
        <property name="employeeId" value="WEB01"/>       
        <property name="eligCode" value="SD"/>
    </bean>
    
    <!-- Inform Data -->    
    <bean id="stateMemberRegistrationInformData" class="com.bcbssc.configuration.beans.InformData">
        <property name="informDetails">
            <ref bean="stateMemberRegistrationInformDetails"/>
        </property>        

        <property name="loggedInformBucketDetails">
            <ref bean="stateMemberRegistrationLoggedInformBucketDetails"/>
        </property>        
        
        <property name="requestedInformBucketDetails">
            <ref bean="stateMemberRegistrationLoggedInformBucketDetails"/>
        </property>    
        
        <property name="transferredInformBucketDetails">
            <ref bean="stateMemberRegistrationLoggedInformBucketDetails"/>
        </property>            
    </bean>     

    
    <!--  member registration inform configuration till here -->
    
    <!-- Provider Registration Inform Configuration begins-->  
    
    <!-- Inform Details -->
    <bean id="bcbsProviderRegistrationInformDetails" class="com.bcbssc.configuration.beans.InformDetails">
        <property name="mqFrom" value="MIM" />
        <property name="correspName" value="WEBMIM: PROVIDERAUTHENTICATE" />
        <property name="requestReason" value="X8" />
    </bean>
        
    <!-- Logged Inform Bucket Details -->
    <bean id="bcbsProviderRegistrationLoggedInformBucketDetails" class="com.bcbssc.configuration.beans.InformBucketDetails">
        <property name="informType" value="INFP"/>
        <property name="corporateCode" value="1"/>
        <property name="companyCode" value="3"/>
        <property name="divisionCode" value="44"/>
        <property name="departmentCode" value="916"/>
        <property name="employeeId" value="WEB01"/> 
        <property name="statusCode" value="1" /> 
    </bean>

   
    <!-- Inform Data -->   
    <bean id="bcbsProviderRegistrationInformData" class="com.bcbssc.configuration.beans.InformData">
        <property name="informDetails">
            <ref bean="bcbsProviderRegistrationInformDetails"/>
        </property>        

        <property name="loggedInformBucketDetails">
            <ref bean="bcbsProviderRegistrationLoggedInformBucketDetails"/>
        </property>        

        <property name="requestedInformBucketDetails">
            <ref bean="bcbsProviderRegistrationLoggedInformBucketDetails"/>
        </property>    

        <property name="transferredInformBucketDetails">
            <ref bean="bcbsProviderRegistrationLoggedInformBucketDetails"/>
        </property>            
    </bean>     
    <!--  provider registration inform configuration ends -->
    
    
    
    <!--  Health Plans Configuration for Blue Cross -->
    <bean id="bcbsHealthPlanList" class="com.bcbssc.configuration.beans.PlanList">
        <property name="plans">
            <list>
                <ref bean="pleaseChoosePlan"/>
                <ref bean="blueCrossBlueShieldHealthPlan"/>
                <ref bean="blueChoiceHealthPlan"/>
                <ref bean="stateHealthPlan"/>
            </list>
        </property>
        <property name="valueField" value="value"/>
        <property name="selectedIndex" value="0"/>
        <property name="displayDropDown" value="true"/>
    </bean>
    
    <!--  Dental Plans Configuration for Blue Cross -->
    <bean id="bcbsDentalPlanList" class="com.bcbssc.configuration.beans.PlanList">
        <property name="plans">
            <list>
                <ref bean="pleaseChoosePlan"/>
                <ref bean="blueCrossBlueShieldDentalPlan"/>
                <ref bean="stateDentalPlan"/>
            </list>
        </property>
        <property name="valueField" value="value"/>
        <property name="selectedIndex" value="0"/>
        <property name="displayDropDown" value="true"/>
    </bean>

    <!--  OHI Module Configurations -->    
    <!--  Health Plans Configuration for OHI Module -->
    <bean id="bcbsOHIHealthPlanList" class="com.bcbssc.configuration.beans.PlanList">
        <property name="plans">
            <list>
                <ref bean="pleaseChoosePlan"/>
                <ref bean="blueCrossBlueShieldHealthPlan"/>
                <ref bean="blueChoiceHealthPlan"/>
                <ref bean="stateHealthPlan"/>
            </list>
        </property>
        <property name="valueField" value="company"/>
        <property name="selectedIndex" value="0"/>
        <property name="displayDropDown" value="true"/>
    </bean>
    
    <!--  Dental Plans Configuration for OHI Module -->
    <bean id="bcbsOHIDentalPlanList" class="com.bcbssc.configuration.beans.PlanList">
        <property name="plans">
            <list>
                <ref bean="pleaseChoosePlan"/>
                <ref bean="blueCrossBlueShieldDentalPlan"/>
                <ref bean="stateDentalPlan"/>
            </list>
        </property>
        <property name="valueField" value="company"/>
        <property name="selectedIndex" value="0"/>
        <property name="displayDropDown" value="true"/>
    </bean>
    
    <!--  OHI Module Configuration -->
    <bean id="bcbsOHIConfiguration" class="com.bcbssc.configuration.beans.OHIModuleConfiguration">
        <property name="resourceBundleFileName" value="OHIResourceBundle"/>
        <property name="healthPlans">
            <ref bean="bcbsOHIHealthPlanList"/>
        </property>
        <property name="dentalPlans">
            <ref bean="bcbsOHIDentalPlanList"/>
        </property>
    </bean>
    <!--  OHI Configurations till here -->
    
    <!--  ID Card Module Configurations -->
    <bean id="bcbsIdcardConfiguration" class="com.bcbssc.configuration.beans.IdcardModuleConfiguration">
        <property name="resourceBundleFileName" value="idcardResourceBundle"/>
        <property name="sendAddressToInform" value="false"/>
        <property name="checkVerified" value="true"/>
        <property name="statusCode" value="1"/>
        <property name="statusType" value="CL"/>
        <property name="sendCompanyCodeTransferInform" value="false"/>
        <property name="sendExtloc" value="false"/>
    </bean>
    <!-- ID Card Module Configurations till here -->
        
    <!--  Eligibility Module Configurations -->    
    <bean id="bcbsEligibilityConfiguration" class="com.bcbssc.configuration.beans.EligibilityModuleConfiguration">
        <property name="resourceBundleFileName" value="EligibilityResourceBundle"/>
        <property name="providerSearchEnabled" value="true"/>    
        <property name="allDentalBenefitsEnabled" value="false"/>
        <property name="hraEnabled" value="true"/>
        <property name="npiWarningType" value="Link"/>
        <property name="bxTransactionAllowed" value="true"/>
        <property name="authorizationAvailable" value="true"/>
        <property name="fepMessageDisplayed" value="true"/>
        <property name="healthHomePage" value="/im/bcbs_pro_content.jsp"/> 
        <property name="dentalHomePage" value="/im/dental_im_pro_content.jsp"/>  
        <property name="healthPlans">
            <ref bean="bcbsEligibilityHealthPlanList"/>
        </property>
        <property name="dentalPlans">
            <ref bean="bcbsEligibilityDentalPlanList"/>
        </property>
        <property name="informData">
            <map>
                <entry>
                    <key>
                        <value>health</value>
                    </key>
                    <ref bean="bcbsHealthEligibilityInformData"/>
                </entry>
                <entry>
                    <key>
                        <value>dental</value>
                    </key>
                    <ref bean="bcbsDentalEligibilityInformData"/>
                </entry>
            </map>
        </property>
    </bean>
    
    <bean id="bcbsEligibilityHealthPlanList" class="com.bcbssc.configuration.beans.PlanList">

        <property name="plans">
            <list>
                <ref bean="pleaseChoosePlan"/>
                <ref bean="blueCrossBlueShieldHealthPlan"/>
                <ref bean="blueChoiceHealthPlan"/>
                <ref bean="stateHealthPlan"/>
            </list>
        </property>

        <property name="valueField" value="value"/>
        <property name="selectedIndex" value="0"/>
        <property name="displayDropDown" value="true"/>
    </bean>  
    
    <bean id="bcbsEligibilityDentalPlanList" class="com.bcbssc.configuration.beans.PlanList">

        <property name="plans">
            <list>
                <ref bean="pleaseChoosePlan"/>
                <ref bean="eligibilityBlueCrossBlueShieldDentalPlan"/>
                <ref bean="stateDentalPlan"/>
            </list>
        </property>

        <property name="valueField" value="value"/>
        <property name="selectedIndex" value="0"/>
        <property name="displayDropDown" value="true"/>
    </bean>  
    
    <bean id="bcbsHealthEligibilityInformDetails" class="com.bcbssc.configuration.beans.InformDetails">
        <property name="correspName" value="WEBMIM"/>
    </bean> 
    
    <bean id="bcbsDentalEligibilityInformDetails" class="com.bcbssc.configuration.beans.InformDetails">
        <property name="correspName" value="WEBPBD"/>
    </bean>    
    
        <bean id="bcbsHealthEligibilityInformData" class="com.bcbssc.configuration.beans.InformData">

            <property name="informDetails">
                <ref bean="bcbsHealthEligibilityInformDetails"/>
            </property>        
            <property name="loggedInformBucketDetails">
                <ref bean="bcbsHealthEligibilityInformBucketDetails"/>                
            </property>      
            <property name="requestedInformBucketDetails">
                    <ref bean="bcbsHealthEligibilityInformBucketDetails"/>
            </property>
            <property name="transferredInformBucketDetails">
                    <ref bean="bcbsHealthEligibilityInformBucketDetails"/>
            </property>  
        </bean>    

        <bean id="bcbsDentalEligibilityInformData" class="com.bcbssc.configuration.beans.InformData">

            <property name="informDetails">
                <ref bean="bcbsDentalEligibilityInformDetails"/>
            </property>        
            <property name="loggedInformBucketDetails">
                <ref bean="bcbsDentalEligibilityInformBucketDetails"/>
            </property>      
            <property name="requestedInformBucketDetails">
                    <ref bean="bcbsDentalEligibilityInformBucketDetails"/>
            </property>
            <property name="transferredInformBucketDetails">
                    <ref bean="bcbsDentalEligibilityInformBucketDetails"/>
            </property>  
        </bean>  
        
        <bean id="bcbsHealthEligibilityInformBucketDetails" class="com.bcbssc.configuration.beans.InformBucketDetails">             
            <property name="informType" value="INFP" />
            <property name="corporateCode" value="1" />
            <property name="companyCode" value="3" />
            <property name="divisionCode" value="44" />
            <property name="departmentCode" value="916" />
            <property name="employeeId" value="WEB01" />  
            <property name="statusCode" value="1" />
            <property name="clientName" value="MIM"/>
        </bean>       
        
        <bean id="bcbsDentalEligibilityInformBucketDetails" class="com.bcbssc.configuration.beans.InformBucketDetails">             
            <property name="informType" value="INFP" />
            <property name="corporateCode" value="1" />
            <property name="companyCode" value="3" />
            <property name="divisionCode" value="44" />
            <property name="departmentCode" value="916" />
            <property name="employeeId" value="WEB01" />             
            <property name="statusCode" value="1" />
            <property name="clientName" value="MIM"/>
        </bean>              
    
    <!--  Eligibility Configurations till here -->         
    
    <!--  Start of Claim Status Module Configurations -->
        <!--  Health and Dental Plans Configuration for Claim Status Module -->        
        <bean id="bcbsClaimStatusHealthPlanList" class="com.bcbssc.configuration.beans.PlanList">

            <property name="plans">
                <list>
                    <ref bean="pleaseChoosePlan"/>
                    <ref bean="blueCrossBlueShieldHealthPlan"/>
                    <ref bean="blueChoiceHealthPlan"/>
                    <ref bean="stateHealthPlan"/>
                </list>
            </property>

            <property name="valueField" value="company"/>
            <property name="selectedIndex" value="1"/>
            <property name="displayDropDown" value="true"/>
        </bean>

        <bean id="bcbsClaimStatusDentalPlanList" class="com.bcbssc.configuration.beans.PlanList">

            <property name="plans">
                <list>
                    <ref bean="pleaseChoosePlan"/>
                    <ref bean="blueCrossBlueShieldDentalPlan"/>
                    <ref bean="stateDentalPlan"/>
                </list>
            </property>

            <property name="valueField" value="company"/>
            <property name="selectedIndex" value="1"/>
            <property name="displayDropDown" value="true"/>
        </bean>        
        <!--  End of Health and Dental Plans Configuration for Claim Status Module -->                
    <!--  Claim Status Inform data -->
    
        <bean id="bcbsHealthClaimStatusClosedInformData" class="com.bcbssc.configuration.beans.InformData">
            <property name="informDetails">
                <ref bean="bcbsHealthInformDetails"/>
            </property>        
            <property name="loggedInformBucketDetails">
                <ref bean="bcbsHealthClaimStatusClosedInformBucketDetails"/>                
            </property>      
            <property name="requestedInformBucketDetails">
                    <ref bean="bcbsHealthClaimStatusClosedInformBucketDetails"/>
            </property>
            <property name="transferredInformBucketDetails">
                    <ref bean="bcbsHealthClaimStatusClosedInformBucketDetails"/>
            </property>  
        </bean>    
  
        <bean id="bcbsHealthClaimStatusOpenInformData" class="com.bcbssc.configuration.beans.InformData">
            <property name="informDetails">
                <ref bean="bcbsHealthInformDetails"/>
            </property>        
            <property name="loggedInformBucketDetails">
                <ref bean="bcbsHealthClaimStatusOpenInformBucketDetails"/>                
            </property>      
            <property name="requestedInformBucketDetails">
                    <ref bean="bcbsHealthClaimStatusOpenInformBucketDetails"/>
            </property>
            <property name="transferredInformBucketDetails">
                    <ref bean="bcbsHealthClaimStatusOpenInformBucketDetails"/>
            </property>  
        </bean>    

        <bean id="bcbsHealthPvdrClaimStatusClosedInformData" class="com.bcbssc.configuration.beans.InformData">
            <property name="informDetails">
                <ref bean="bcbsDentalInformDetails"/>
            </property>        
            <property name="loggedInformBucketDetails">
                <ref bean="bcbsHealthPvdrClaimStatusClosedInformBucketDetails"/>
            </property>      
            <property name="requestedInformBucketDetails">
                    <ref bean="bcbsHealthPvdrClaimStatusClosedInformBucketDetails"/>
            </property>
            <property name="transferredInformBucketDetails">
                    <ref bean="bcbsHealthPvdrClaimStatusClosedInformBucketDetails"/>
            </property>  
        </bean>   
        
        <bean id="bcbsHealthPvdrClaimStatusOpenInformData" class="com.bcbssc.configuration.beans.InformData">
            <property name="informDetails">
                <ref bean="bcbsHealthInformDetails"/>
            </property>        
            <property name="loggedInformBucketDetails">
                <ref bean="bcbsHealthPvdrClaimStatusOpenInformBucketDetails"/>                
            </property>      
            <property name="requestedInformBucketDetails">
                    <ref bean="bcbsHealthPvdrClaimStatusOpenInformBucketDetails"/>
            </property>
            <property name="transferredInformBucketDetails">
                    <ref bean="bcbsHealthPvdrClaimStatusOpenInformBucketDetails"/>
            </property>  
        </bean>            
        
        <bean id="stateHealthClaimStatusClosedInformData" class="com.bcbssc.configuration.beans.InformData">
            <property name="informDetails">
                <ref bean="bcbsHealthInformDetails"/>
            </property>        
            <property name="loggedInformBucketDetails">
                <ref bean="stateHealthClaimStatusClosedInformBucketDetails"/>                
            </property>      
            <property name="requestedInformBucketDetails">
                    <ref bean="stateHealthClaimStatusClosedInformBucketDetails"/>
            </property>
            <property name="transferredInformBucketDetails">
                    <ref bean="stateHealthClaimStatusClosedInformBucketDetails"/>
            </property>  
        </bean>    
        
        <bean id="stateHealthClaimStatusOpenInformData" class="com.bcbssc.configuration.beans.InformData">
            <property name="informDetails">
                <ref bean="bcbsHealthInformDetails"/>
            </property>        
            <property name="loggedInformBucketDetails">
                <ref bean="stateHealthClaimStatusOpenInformBucketDetails"/>                
            </property>      
            <property name="requestedInformBucketDetails">
                    <ref bean="stateHealthClaimStatusOpenInformBucketDetails"/>
            </property>
            <property name="transferredInformBucketDetails">
                    <ref bean="stateHealthClaimStatusOpenInformBucketDetails"/>
            </property>  
        </bean>    

        <bean id="stateHealthPvdrClaimStatusClosedInformData" class="com.bcbssc.configuration.beans.InformData">
            <property name="informDetails">
                <ref bean="bcbsHealthInformDetails"/>
            </property>        
            <property name="loggedInformBucketDetails">
                <ref bean="stateHealthPvdrClaimStatusClosedInformBucketDetails"/>                
            </property>      
            <property name="requestedInformBucketDetails">
                    <ref bean="stateHealthPvdrClaimStatusClosedInformBucketDetails"/>
            </property>
            <property name="transferredInformBucketDetails">
                    <ref bean="stateHealthPvdrClaimStatusClosedInformBucketDetails"/>
            </property>  
        </bean>            
        
        <bean id="stateHealthPvdrClaimStatusOpenInformData" class="com.bcbssc.configuration.beans.InformData">
            <property name="informDetails">
                <ref bean="bcbsHealthInformDetails"/>
            </property>        
            <property name="loggedInformBucketDetails">
                <ref bean="stateHealthPvdrClaimStatusOpenInformBucketDetails"/>                
            </property>      
            <property name="requestedInformBucketDetails">
                    <ref bean="stateHealthPvdrClaimStatusOpenInformBucketDetails"/>
            </property>
            <property name="transferredInformBucketDetails">
                    <ref bean="stateHealthPvdrClaimStatusOpenInformBucketDetails"/>
            </property>  
        </bean>    

        <bean id="bcbsDentalClaimStatusClosedInformData" class="com.bcbssc.configuration.beans.InformData">
            <property name="informDetails">
                <ref bean="bcbsDentalInformDetails"/>
            </property>        
            <property name="loggedInformBucketDetails">
                <ref bean="bcbsDentalClaimStatusClosedInformBucketDetails"/>
            </property>      
            <property name="requestedInformBucketDetails">
                    <ref bean="bcbsDentalClaimStatusClosedInformBucketDetails"/>
            </property>
            <property name="transferredInformBucketDetails">
                    <ref bean="bcbsDentalClaimStatusClosedInformBucketDetails"/>
            </property>  
        </bean>   
        
        <bean id="bcbsDentalClaimStatusOpenInformData" class="com.bcbssc.configuration.beans.InformData">
            <property name="informDetails">
                <ref bean="bcbsDentalInformDetails"/>
            </property>        
            <property name="loggedInformBucketDetails">
                <ref bean="bcbsDentalClaimStatusOpenInformBucketDetails"/>
            </property>      
            <property name="requestedInformBucketDetails">
                    <ref bean="bcbsDentalClaimStatusOpenInformBucketDetails"/>
            </property>
            <property name="transferredInformBucketDetails">
                    <ref bean="bcbsDentalClaimStatusOpenInformBucketDetails"/>
            </property>  
        </bean>     

        <bean id="bcbsPvdrDentalClaimStatusClosedInformData" class="com.bcbssc.configuration.beans.InformData">
            <property name="informDetails">
                <ref bean="bcbsDentalInformDetails"/>
            </property>        
            <property name="loggedInformBucketDetails">
                <ref bean="bcbsPvdrDentalClaimStatusClosedInformBucketDetails"/>
            </property>      
            <property name="requestedInformBucketDetails">
                    <ref bean="bcbsPvdrDentalClaimStatusClosedInformBucketDetails"/>
            </property>
            <property name="transferredInformBucketDetails">
                    <ref bean="bcbsPvdrDentalClaimStatusClosedInformBucketDetails"/>
            </property>  
        </bean>   
        
        <bean id="bcbsPvdrDentalClaimStatusOpenInformData" class="com.bcbssc.configuration.beans.InformData">
            <property name="informDetails">
                <ref bean="bcbsDentalInformDetails"/>
            </property>        
            <property name="loggedInformBucketDetails">
                <ref bean="bcbsPvdrDentalClaimStatusOpenInformBucketDetails"/>
            </property>      
            <property name="requestedInformBucketDetails">
                    <ref bean="bcbsPvdrDentalClaimStatusOpenInformBucketDetails"/>
            </property>
            <property name="transferredInformBucketDetails">
                    <ref bean="bcbsPvdrDentalClaimStatusOpenInformBucketDetails"/>
            </property>  
        </bean>   

        <bean id="bcbsDentalPreTreatStatusClosedInformData" class="com.bcbssc.configuration.beans.InformData">
            <property name="informDetails">
                <ref bean="bcbsDentalInformDetails"/>
            </property>        
            <property name="loggedInformBucketDetails">
                <ref bean="bcbsDentalPreTreatStatusClosedInformBucketDetails"/>
            </property>      
            <property name="requestedInformBucketDetails">
                    <ref bean="bcbsDentalPreTreatStatusClosedInformBucketDetails"/>
            </property>
            <property name="transferredInformBucketDetails">
                    <ref bean="bcbsDentalPreTreatStatusClosedInformBucketDetails"/>
            </property>  
        </bean>   

        <bean id="bcbsPvdrDentalPreTreatStatusClosedInformData" class="com.bcbssc.configuration.beans.InformData">
            <property name="informDetails">
                <ref bean="bcbsDentalInformDetails"/>
            </property>        
            <property name="loggedInformBucketDetails">
                <ref bean="bcbsPvdrDentalPreTreatStatusClosedInformBucketDetails"/>
            </property>      
            <property name="requestedInformBucketDetails">
                    <ref bean="bcbsPvdrDentalPreTreatStatusClosedInformBucketDetails"/>
            </property>
            <property name="transferredInformBucketDetails">
                    <ref bean="bcbsPvdrDentalPreTreatStatusClosedInformBucketDetails"/>
            </property>  
        </bean>   
        
        <bean id="stateDentalClaimStatusClosedInformData" class="com.bcbssc.configuration.beans.InformData">
            <property name="informDetails">
                <ref bean="bcbsDentalInformDetails"/>
            </property>        
            <property name="loggedInformBucketDetails">
                <ref bean="stateDentalClaimStatusClosedInformBucketDetails"/>                
            </property>      
            <property name="requestedInformBucketDetails">
                    <ref bean="stateDentalClaimStatusClosedInformBucketDetails"/>
            </property>
            <property name="transferredInformBucketDetails">
                    <ref bean="stateDentalClaimStatusClosedInformBucketDetails"/>
            </property>  
        </bean>    

        <bean id="stateDentalClaimStatusOpenInformData" class="com.bcbssc.configuration.beans.InformData">
            <property name="informDetails">
                <ref bean="bcbsDentalInformDetails"/>
            </property>        
            <property name="loggedInformBucketDetails">
                <ref bean="stateDentalClaimStatusOpenInformBucketDetails"/>                
            </property>      
            <property name="requestedInformBucketDetails">
                    <ref bean="stateDentalClaimStatusOpenInformBucketDetails"/>
            </property>
            <property name="transferredInformBucketDetails">
                    <ref bean="stateDentalClaimStatusOpenInformBucketDetails"/>
            </property>  
        </bean>    
        
        <bean id="stateDentalPvdrClaimStatusClosedInformData" class="com.bcbssc.configuration.beans.InformData">
            <property name="informDetails">
                <ref bean="bcbsDentalInformDetails"/>
            </property>        
            <property name="loggedInformBucketDetails">
                <ref bean="stateDentalPvdrClaimStatusClosedInformBucketDetails"/>                
            </property>      
            <property name="requestedInformBucketDetails">
                    <ref bean="stateDentalPvdrClaimStatusClosedInformBucketDetails"/>
            </property>
            <property name="transferredInformBucketDetails">
                    <ref bean="stateDentalPvdrClaimStatusClosedInformBucketDetails"/>
            </property>  
        </bean>    

        <bean id="stateDentalPvdrClaimStatusOpenInformData" class="com.bcbssc.configuration.beans.InformData">
            <property name="informDetails">
                <ref bean="bcbsDentalInformDetails"/>
            </property>        
            <property name="loggedInformBucketDetails">
                <ref bean="stateDentalPvdrClaimStatusOpenInformBucketDetails"/>                
            </property>      
            <property name="requestedInformBucketDetails">
                    <ref bean="stateDentalPvdrClaimStatusOpenInformBucketDetails"/>
            </property>
            <property name="transferredInformBucketDetails">
                    <ref bean="stateDentalPvdrClaimStatusOpenInformBucketDetails"/>
            </property>  
        </bean>    
        
        <bean id="stateDentalPreTreatStatusClosedInformData" class="com.bcbssc.configuration.beans.InformData">
            <property name="informDetails">
                <ref bean="bcbsDentalInformDetails"/>
            </property>        
            <property name="loggedInformBucketDetails">
                <ref bean="stateDentalPreTreatStatusClosedInformBucketDetails"/>                
            </property>      
            <property name="requestedInformBucketDetails">
                    <ref bean="stateDentalPreTreatStatusClosedInformBucketDetails"/>
            </property>
            <property name="transferredInformBucketDetails">
                    <ref bean="stateDentalPreTreatStatusClosedInformBucketDetails"/>
            </property>  
        </bean>    
        
        <bean id="stateDentalPvdrPreTreatStatusClosedInformData" class="com.bcbssc.configuration.beans.InformData">
            <property name="informDetails">
                <ref bean="bcbsDentalInformDetails"/>
            </property>        
            <property name="loggedInformBucketDetails">
                <ref bean="stateDentalPvdrPreTreatStatusClosedInformBucketDetails"/>                
            </property>      
            <property name="requestedInformBucketDetails">
                    <ref bean="stateDentalPvdrPreTreatStatusClosedInformBucketDetails"/>
            </property>
            <property name="transferredInformBucketDetails">
                    <ref bean="stateDentalPvdrPreTreatStatusClosedInformBucketDetails"/>
            </property>  
        </bean>    
        
                        
        <bean id="bcbsHealthClaimStatusClosedInformBucketDetails" class="com.bcbssc.configuration.beans.InformBucketDetails">             
            <property name="informType" value="INFP" />
            <property name="corporateCode" value="1" />
            <property name="companyCode" value="3" />
            <property name="divisionCode" value="44" />
            <property name="departmentCode" value="916" />
            <property name="employeeId" value="WEB01" />             
            <property name="mqIndicator" value="MQ" />             
            <property name="eligCode" value="BC" />
            <property name="inquiryLocationCode" value="" />
            <property name="customerName" value="WEBMIM: CLAIM STATUS" />                                             
        </bean>                

        <bean id="bcbsHealthClaimStatusOpenInformBucketDetails" class="com.bcbssc.configuration.beans.InformBucketDetails">             
            <property name="informType" value="INFP" />
            <property name="corporateCode" value="1" />
            <property name="companyCode" value="3" />
            <property name="divisionCode" value="24" />
            <property name="departmentCode" value="365" />
            <property name="employeeId" value="NATLWEB" />             
            <property name="mqIndicator" value="MQ" />             
            <property name="eligCode" value="BC" />
            <property name="inquiryLocationCode" value="" />
            <property name="customerName" value="WEBMIM:ASKCUSTOMERSERVICE" />                                             
        </bean>                
        
        <bean id="bcbsHealthPvdrClaimStatusClosedInformBucketDetails" class="com.bcbssc.configuration.beans.InformBucketDetails">             
            <property name="informType" value="INFP" />
            <property name="corporateCode" value="1" />
            <property name="companyCode" value="3" />
            <property name="divisionCode" value="44" />
            <property name="departmentCode" value="916" />
            <property name="employeeId" value="WEB01" />             
            <property name="mqIndicator" value="MQ" />             
            <property name="eligCode" value="BC" />
            <property name="inquiryLocationCode" value="" />
            <property name="customerName" value="WEBMIM: CLAIM STATUS" />                                             
        </bean>                

        <bean id="bcbsHealthPvdrClaimStatusOpenInformBucketDetails" class="com.bcbssc.configuration.beans.InformBucketDetails">             
            <property name="informType" value="INFP" />
            <property name="corporateCode" value="1" />
            <property name="companyCode" value="3" />
            <property name="divisionCode" value="55" />
            <property name="departmentCode" value="642" />
            <property name="employeeId" value="APSWEB" />             
            <property name="mqIndicator" value="MQ" />             
            <property name="eligCode" value="BC" />
            <property name="inquiryLocationCode" value="" />
            <property name="customerName" value="WEBMIM:ASKPROVIDERSERVICE" />                                             
        </bean>                

        <bean id="stateHealthClaimStatusClosedInformBucketDetails" class="com.bcbssc.configuration.beans.InformBucketDetails">             
            <property name="informType" value="INFP" />
            <property name="corporateCode" value="1" />
            <property name="companyCode" value="3" />
            <property name="divisionCode" value="44" />
            <property name="departmentCode" value="916" />
            <property name="employeeId" value="WEB01" />             
            <property name="mqIndicator" value="MQ" />             
            <property name="eligCode" value="ST" />
            <property name="inquiryLocationCode" value="" />
            <property name="customerName" value="WEBMIM: CLAIM STATUS" />                                             
        </bean>                

        <bean id="stateHealthClaimStatusOpenInformBucketDetails" class="com.bcbssc.configuration.beans.InformBucketDetails">             
            <property name="informType" value="INFP" />
            <property name="corporateCode" value="1" />
            <property name="companyCode" value="3" />
            <property name="divisionCode" value="18" />
            <property name="departmentCode" value="460" />
            <property name="employeeId" value="S664" />             
            <property name="mqIndicator" value="MQ" />             
            <property name="eligCode" value="ST" />
            <property name="inquiryLocationCode" value="" />
            <property name="customerName" value="WEBST:ASKCUSTOMERSERVICE" />                                             
        </bean>       
        
        <bean id="stateHealthPvdrClaimStatusClosedInformBucketDetails" class="com.bcbssc.configuration.beans.InformBucketDetails">             
            <property name="informType" value="INFP" />
            <property name="corporateCode" value="1" />
            <property name="companyCode" value="3" />
            <property name="divisionCode" value="44" />
            <property name="departmentCode" value="916" />
            <property name="employeeId" value="WEB01" />             
            <property name="mqIndicator" value="MQ" />             
            <property name="eligCode" value="ST" />
            <property name="inquiryLocationCode" value="" />
            <property name="customerName" value="WEBST: CLAIM STATUS" />                                             
        </bean>                
        
        <bean id="stateHealthPvdrClaimStatusOpenInformBucketDetails" class="com.bcbssc.configuration.beans.InformBucketDetails">             
            <property name="informType" value="INFP" />
            <property name="corporateCode" value="1" />
            <property name="companyCode" value="3" />
            <property name="divisionCode" value="18" />
            <property name="departmentCode" value="460PR" />
            <property name="employeeId" value="S665" />             
            <property name="mqIndicator" value="MQ" />             
            <property name="eligCode" value="ST" />
            <property name="inquiryLocationCode" value="" />
            <property name="customerName" value="WEBST:ASKPROVIDERSERVICE" />                                             
        </bean>       

        <bean id="bcbsDentalClaimStatusClosedInformBucketDetails" class="com.bcbssc.configuration.beans.InformBucketDetails">             
            <property name="informType" value="INFP" />
            <property name="corporateCode" value="1" />
            <property name="companyCode" value="3" />
            <property name="divisionCode" value="44" />
            <property name="departmentCode" value="916" />
            <property name="employeeId" value="WEB01" />             
            <property name="mqIndicator" value="MQ" />             
            <property name="eligCode" value="BC" />             
            <property name="inquiryLocationCode" value="" />            
            <property name="customerName" value="WEBPBD: CLAIM STATUS" />                     
        </bean>             
       
        <bean id="bcbsDentalClaimStatusOpenInformBucketDetails" class="com.bcbssc.configuration.beans.InformBucketDetails">             
            <property name="informType" value="INFP" />
            <property name="corporateCode" value="1" />
            <property name="companyCode" value="3" />
            <property name="divisionCode" value="33" />
            <property name="departmentCode" value="465" />
            <property name="employeeId" value="DENWEB" />             
            <property name="mqIndicator" value="MQ" />             
            <property name="eligCode" value="BC" />             
            <property name="inquiryLocationCode" value="" />            
            <property name="customerName" value="WEBPBD:ASKCUSTOMERSERVICE" />                     
        </bean>             

        <bean id="bcbsDentalPreTreatStatusClosedInformBucketDetails" class="com.bcbssc.configuration.beans.InformBucketDetails">             
            <property name="informType" value="INFP" />
            <property name="corporateCode" value="1" />
            <property name="companyCode" value="3" />
            <property name="divisionCode" value="44" />
            <property name="departmentCode" value="916" />
            <property name="employeeId" value="WEB01" />             
            <property name="mqIndicator" value="MQ" />             
            <property name="eligCode" value="BC" />             
            <property name="inquiryLocationCode" value="" />            
            <property name="customerName" value="WEBPBD:MEMBERPRETREATSTATUS" />                     
        </bean>             

        <bean id="bcbsPvdrDentalClaimStatusClosedInformBucketDetails" class="com.bcbssc.configuration.beans.InformBucketDetails">             
            <property name="informType" value="INFP" />
            <property name="corporateCode" value="1" />
            <property name="companyCode" value="3" />
            <property name="divisionCode" value="44" />
            <property name="departmentCode" value="916" />
            <property name="employeeId" value="WEB01" />             
            <property name="mqIndicator" value="MQ" />             
            <property name="eligCode" value="BC" />             
            <property name="inquiryLocationCode" value="" />            
            <property name="customerName" value="WEBPBD: CLAIM STATUS" />                     
        </bean>             

        <bean id="bcbsPvdrDentalClaimStatusOpenInformBucketDetails" class="com.bcbssc.configuration.beans.InformBucketDetails">             
            <property name="informType" value="INFP" />
            <property name="corporateCode" value="1" />
            <property name="companyCode" value="3" />
            <property name="divisionCode" value="44" />
            <property name="departmentCode" value="916" />
            <property name="employeeId" value="WEB01" />             
            <property name="mqIndicator" value="MQ" />             
            <property name="eligCode" value="BC" />             
            <property name="inquiryLocationCode" value="" />            
            <property name="customerName" value="WEBPBD:ASKPROVIDERSERVICE" />                     
        </bean>             
        
        <bean id="bcbsPvdrDentalPreTreatStatusClosedInformBucketDetails" class="com.bcbssc.configuration.beans.InformBucketDetails">             
            <property name="informType" value="INFP" />
            <property name="corporateCode" value="1" />
            <property name="companyCode" value="3" />
            <property name="divisionCode" value="44" />
            <property name="departmentCode" value="916" />
            <property name="employeeId" value="WEB01" />             
            <property name="mqIndicator" value="MQ" />             
            <property name="eligCode" value="BC" />             
            <property name="inquiryLocationCode" value="" />            
            <property name="customerName" value="WEBPBD:PRETREATSTATUS" />                     
        </bean>        
        
        <bean id="stateDentalClaimStatusClosedInformBucketDetails" class="com.bcbssc.configuration.beans.InformBucketDetails">             
            <property name="informType" value="INFP" />
            <property name="corporateCode" value="1" />
            <property name="companyCode" value="3" />
            <property name="divisionCode" value="44" />
            <property name="departmentCode" value="916" />
            <property name="employeeId" value="STDENWEB" />             
            <property name="mqIndicator" value="MQ" />             
            <property name="eligCode" value="SD" />             
            <property name="inquiryLocationCode" value="" />            
            <property name="customerName" value="WEBST: CLAIM STATUS" />                     
        </bean>             
        
        <bean id="stateDentalClaimStatusOpenInformBucketDetails" class="com.bcbssc.configuration.beans.InformBucketDetails">             
            <property name="informType" value="INFP" />
            <property name="corporateCode" value="1" />
            <property name="companyCode" value="3" />
            <property name="divisionCode" value="18" />
            <property name="departmentCode" value="46B" />
            <property name="employeeId" value="STDENWEB" />             
            <property name="mqIndicator" value="MQ" />             
            <property name="eligCode" value="SD" />             
            <property name="inquiryLocationCode" value="" />            
            <property name="customerName" value="WEBSD:ASKCUSTOMERSERVICE" />                     
        </bean>             

        <bean id="stateDentalPreTreatStatusClosedInformBucketDetails" class="com.bcbssc.configuration.beans.InformBucketDetails">             
            <property name="informType" value="INFP" />
            <property name="corporateCode" value="1" />
            <property name="companyCode" value="3" />
            <property name="divisionCode" value="44" />
            <property name="departmentCode" value="916" />
            <property name="employeeId" value="STDENWEB" />             
            <property name="mqIndicator" value="MQ" />             
            <property name="eligCode" value="SD" />             
            <property name="inquiryLocationCode" value="" />            
            <property name="customerName" value="WEBSD:MEMBERPRETREATSTATUS" />                     
        </bean>             
        
        <bean id="stateDentalPvdrClaimStatusClosedInformBucketDetails" class="com.bcbssc.configuration.beans.InformBucketDetails">             
            <property name="informType" value="INFP" />
            <property name="corporateCode" value="1" />
            <property name="companyCode" value="3" />
            <property name="divisionCode" value="44" />
            <property name="departmentCode" value="916" />
            <property name="employeeId" value="STDENWEB" />             
            <property name="mqIndicator" value="MQ" />             
            <property name="eligCode" value="SD" />             
            <property name="inquiryLocationCode" value="" />            
            <property name="customerName" value="WEBSD: CLAIM STATUS" />                     
        </bean>             

        <bean id="stateDentalPvdrClaimStatusOpenInformBucketDetails" class="com.bcbssc.configuration.beans.InformBucketDetails">             
            <property name="informType" value="INFP" />
            <property name="corporateCode" value="1" />
            <property name="companyCode" value="3" />
            <property name="divisionCode" value="44" />
            <property name="departmentCode" value="916" />
            <property name="employeeId" value="STDENWEB" />             
            <property name="mqIndicator" value="MQ" />             
            <property name="eligCode" value="SD" />             
            <property name="inquiryLocationCode" value="" />            
            <property name="customerName" value="WEBSD:ASKPROVIDERSERVICE" />                     
        </bean>             
        
        <bean id="stateDentalPvdrPreTreatStatusClosedInformBucketDetails" class="com.bcbssc.configuration.beans.InformBucketDetails">             
            <property name="informType" value="INFP" />
            <property name="corporateCode" value="1" />
            <property name="companyCode" value="3" />
            <property name="divisionCode" value="44" />
            <property name="departmentCode" value="916" />
            <property name="employeeId" value="STDENWEB" />             
            <property name="mqIndicator" value="MQ" />             
            <property name="eligCode" value="SD" />             
            <property name="inquiryLocationCode" value="" />            
            <property name="customerName" value="WEBSD:PRETREATSTATUS" />                     
        </bean>             
        
    <!--  End of Claim Status Inform data -->
    <!--  Claim Status module configuration -->
    <bean id="bcbsClaimStatusConfiguration" class="com.bcbssc.configuration.beans.ClaimStatusModuleConfiguration">
        <property name="resourceBundleFileName" value="bcbsClaimStatusResourceBundle"/>        
        <property name="healthACSPage" value="/funct/status/claimstatus_AskCustomerService.jsp"/>        
        <property name="healthAPSPage" value="/prov_funct/status/claim_status_AskProviderServices.jsp"/>                    
        <property name="dentalACSPage" value="/funct/status/dental_claimstatus_AskCustomerService.jsp"/>        
        <property name="dentalAPSPage" value="/prov_funct/status/dental_claim_status_AskProviderServices.jsp"/>                
        <property name="healthPlans">
            <ref bean="bcbsClaimStatusHealthPlanList"/>
        </property>
        <property name="dentalPlans">
            <ref bean="bcbsClaimStatusDentalPlanList"/>
        </property>
        <property name="informData">
            <map>
                <entry>
                    <key>
                        <value>healthClosed</value>
                    </key>
                    <ref bean="bcbsHealthClaimStatusClosedInformData"/>
                </entry>
                <entry>
                    <key>
                        <value>healthOpen</value>
                    </key>
                    <ref bean="bcbsHealthClaimStatusOpenInformData"/>
                </entry>
                <entry>
                    <key>
                        <value>providerHealthClosed</value>
                    </key>
                    <ref bean="bcbsHealthPvdrClaimStatusClosedInformData"/> 
                </entry>
                <entry>
                    <key>
                        <value>providerHealthOpen</value>
                    </key>
                    <ref bean="bcbsHealthPvdrClaimStatusOpenInformData"/>
                </entry>
                <entry>
                    <key>
                        <value>stateHealthClosed</value>
                    </key>
                    <ref bean="stateHealthClaimStatusClosedInformData"/>
                </entry>
                <entry>
                    <key>
                        <value>stateHealthOpen</value>
                    </key>
                    <ref bean="stateHealthClaimStatusOpenInformData"/>
                </entry>
                <entry>
                    <key>
                        <value>stateProviderHealthClosed</value>
                    </key>
                    <ref bean="stateHealthPvdrClaimStatusClosedInformData"/>
                </entry>
                <entry>
                    <key>
                        <value>stateProviderHealthOpen</value>
                    </key>
                    <ref bean="stateHealthPvdrClaimStatusOpenInformData"/>
                </entry>
                <entry>
                    <key>
                        <value>dentalClosed</value>
                    </key>
                    <ref bean="bcbsDentalClaimStatusClosedInformData"/>
                </entry>
                <entry>
                    <key>
                        <value>dentalOpen</value>
                    </key>
                    <ref bean="bcbsDentalClaimStatusOpenInformData"/>
                </entry>
                <entry>
                    <key>
                        <value>dentalPreTreatmentClosed</value>
                    </key>
                    <ref bean="bcbsDentalPreTreatStatusClosedInformData"/>
                </entry>                
                <entry>
                    <key>
                        <value>providerDentalClosed</value>
                    </key>
                    <ref bean="bcbsPvdrDentalClaimStatusClosedInformData"/>
                </entry>
                <entry>
                    <key>
                        <value>providerDentalOpen</value>
                    </key>
                    <ref bean="bcbsPvdrDentalClaimStatusOpenInformData"/>
                </entry>
                <entry>
                    <key>
                        <value>providerDentalPreTreatmentClosed</value>
                    </key>
                    <ref bean="bcbsPvdrDentalPreTreatStatusClosedInformData"/>
                </entry>                
                <entry>
                    <key>
                        <value>stateDentalClosed</value>
                    </key>
                    <ref bean="stateDentalClaimStatusClosedInformData"/>
                </entry>                                
                <entry>
                    <key>
                        <value>stateDentalOpen</value>
                    </key>
                    <ref bean="stateDentalClaimStatusOpenInformData"/>
                </entry>      
                <entry>
                    <key>
                        <value>stateDentalPreTreatmentClosed</value>
                    </key>
                    <ref bean="stateDentalPreTreatStatusClosedInformData"/>
                </entry>                                 
                <entry>
                    <key>
                        <value>stateProviderDentalClosed</value>
                    </key>
                    <ref bean="stateDentalPvdrClaimStatusClosedInformData"/>
                </entry>       
                <entry>
                    <key>
                        <value>stateProviderDentalOpen</value>
                    </key>
                    <ref bean="stateDentalPvdrClaimStatusOpenInformData"/>
                </entry>   
                <entry>
                    <key>
                        <value>stateProviderPreTreatmentDentalClosed</value>
                    </key>
                    <ref bean="stateDentalPvdrPreTreatStatusClosedInformData"/>
                </entry>           
                <entry>
                    <key>
                        <value>default</value>
                    </key>
                    <ref bean="bcbsHealthClaimStatusClosedInformData"/>
                </entry>
            </map>
        </property>
    </bean>
    <!--  End of Claim Status Configurations  -->

    <!--  Claim entry Module Configurations -->    
    <!--  Plans Configuration for Claim entry Module -->
    <bean id="bcbsHealthClaimEntryPlanList" class="com.bcbssc.configuration.beans.PlanList">
        
        <property name="plans">
            <list>
                <ref bean="pleaseChoosePlan"/>
                <ref bean="blueCrossBlueShieldHealthPlan"/>
                <ref bean="blueChoiceHealthPlan"/>
                <ref bean="employeeBenefitServices"/>
                <ref bean="fepPlan"/>
                <ref bean="plannedAdministrators"/>
                <ref bean="stateHealthPlan"/>
                <ref bean="thomasCooper"/>
            </list>
        </property>
        
        <property name="valueField" value="payorCode"/>
        <property name="selectedIndex" value="0"/>
        <property name="displayDropDown" value="true"/>
    </bean>

    <!--  Claim entry Module Configuration -->
    <bean id="bcbsHealthClaimEntryConfiguration" class="com.bcbssc.configuration.beans.ClaimEntryModuleConfiguration">
        <property name="resourceBundleFileName" value="bcbsClaimEntryResourceBundle"/>
        <property name="superbillEnabled" value="true"/> 
        <property name="locationSelectionPage" value="/common/location_selection/hipaa_compliant/generic_location_selection_table.jsp"/>
        
        <property name="healthPlans">
            <ref bean="bcbsHealthClaimEntryPlanList"/>
        </property>
        
        <property name="payerDetails">
            <map>
                <entry key="" value=""/>
                <entry key="BlueCross BlueShield Plans" value="401"/>
                <entry key="BlueChoice HealthPlan" value="922"/>
                <entry key="Carolina Benefit Administrators" value="498"/>
                <entry key="Consolidated Benefits, Inc." value="C16"/>
                <entry key="Employee Benefit Services dba Key Benefit Admin." value="446"/>
                <entry key="Employers Life Insurance Company" value="130"/>
                <entry key="FEP" value="402"/>
                <entry key="HMO Blue" value="401"/>
                <entry key="Medical Claims Management" value="781"/>
                <entry key="Medicare" value="618"/>
                <entry key="Planned Administrators" value="886"/>
                <entry key="State Group" value="400"/>
                <entry key="Tom Cooper" value="315"/>
                <entry key="Other Unspecified" value="199"/>
            </map>
        </property>
        
        <property name="informData">
            <map>
                <entry>
                    <key>
                        <value>blueCross</value>
                    </key>
                    <ref bean="bcbsHealthInformData"/>
                </entry>
                <entry>
                    <key>
                        <value>blueChoice</value>
                    </key>
                    <ref bean="blueChoiceHealthInformData"/>
                </entry>
                <entry>
                    <key>
                        <value>default</value>
                    </key>
                    <ref bean="bcbsHealthInformData"/>
                </entry>
            </map>
        </property>        
    </bean>    
    <!--  Claim entry Configurations till here -->
    
    <!--  Patient Directory Module Configurations -->    
    <!--  Plans Configuration for Patient Directory Module -->    
    <bean id="bcbsPatientDirectoryPlanList" class="com.bcbssc.configuration.beans.PlanList">
        
        <property name="plans">
            <list>
                <ref bean="pleaseChoosePlan"/>
                <ref bean="blueCrossBlueShieldHealthPlan"/>
                <ref bean="blueChoiceHealthPlan"/>
                <ref bean="employeeBenefitServices"/>
                <ref bean="fepPlan"/>
                <ref bean="plannedAdministrators"/>
                <ref bean="stateHealthPlan"/>
                <ref bean="thomasCooper"/>
            </list>
        </property>
        
        <property name="valueField" value="payorCode"/>
        <property name="selectedIndex" value="0"/>
        <property name="displayDropDown" value="true"/>
    </bean>    
    
    <!-- Blue Cross Patient Directory health inform details -->
    <bean id="bcbsPatientDirectoryHealthInformDetails" class="com.bcbssc.configuration.beans.InformDetails">
        <property name="mqFrom" value="WEBPB"/>
        <property name="correspName" value="WEBMIM"/>
    </bean>

    <!-- Blue Cross Patient Directory dental inform details -->
    <bean id="bcbsPatientDirectoryDentalInformDetails" class="com.bcbssc.configuration.beans.InformDetails">
        <property name="mqFrom" value="WEB01"/>
        <property name="correspName" value="WEBPBD"/>
    </bean>
    
    <!-- Blue Cross Patient Directory inform bucket details -->
    <bean id="bcbsPatientDirectoryInformBucketDetails" class="com.bcbssc.configuration.beans.InformBucketDetails">
        <property name="informType" value="INFP"/>
        <property name="corporateCode" value="1"/>
        <property name="companyCode" value="3"/>
        <property name="divisionCode" value="44"/>
        <property name="departmentCode" value="916"/>
        <property name="employeeId" value="WEB01"/>
        <property name="eligCode" value="BC" /> 
        <property name="clientName" value="MIM"/>
        <property name="inquiryLocationCode" value="" />        
    </bean>

    <!-- Blue Cross Patient Directory health inform data -->
    <bean id="bcbsPatientDirectoryHealthInformData" class="com.bcbssc.configuration.beans.InformData">
        <property name="informDetails">
            <ref bean="bcbsPatientDirectoryHealthInformDetails"/>
        </property>
        <property name="loggedInformBucketDetails">
            <ref bean="bcbsPatientDirectoryInformBucketDetails"/>
        </property>
        <property name="requestedInformBucketDetails">
            <ref bean="bcbsPatientDirectoryInformBucketDetails"/>
        </property>
        <property name="transferredInformBucketDetails">
            <ref bean="bcbsPatientDirectoryInformBucketDetails"/>
        </property>
    </bean>    
    
    <!-- Blue Cross Patient Directory dental inform data -->
    <bean id="bcbsPatientDirectoryDentalInformData" class="com.bcbssc.configuration.beans.InformData">
        <property name="informDetails">
            <ref bean="bcbsPatientDirectoryDentalInformDetails"/>
        </property>
        <property name="loggedInformBucketDetails">
            <ref bean="bcbsPatientDirectoryInformBucketDetails"/>
        </property>
        <property name="requestedInformBucketDetails">
            <ref bean="bcbsPatientDirectoryInformBucketDetails"/>
        </property>
        <property name="transferredInformBucketDetails">
            <ref bean="bcbsPatientDirectoryInformBucketDetails"/>
        </property>
    </bean>     
    
    <!--  Patient Directory Module Configuration -->
    <bean id="bcbsPatientDirectoryConfiguration" class="com.bcbssc.configuration.beans.PatientDirectoryModuleConfiguration">
        <property name="resourceBundleFileName" value="bcbsPatientDirectoryResourceBundle"/>
        <property name="locationSelectionPage" value="/common/location_selection/non_hipaa_compliant/generic_location_selection_table.jsp"/>        
        <property name="healthPlans">
            <ref bean="bcbsPatientDirectoryPlanList"/>
        </property>
        <property name="dentalPlans">
            <ref bean="bcbsPatientDirectoryPlanList"/>
        </property>
        <property name="informData">
            <map>
                <entry>
                    <key>
                        <value>blueCrossDental</value>
                    </key>
                    <ref bean="bcbsPatientDirectoryDentalInformData"/>
                </entry>
                <entry>
                    <key>
                        <value>blueCrossHealth</value>
                    </key>
                    <ref bean="bcbsPatientDirectoryHealthInformData"/>
                </entry>
                <entry>
                    <key>
                        <value>blueChoiceDental</value>
                    </key>
                    <ref bean="blueChoicePatientDirectoryDentalInformData"/>
                </entry>
                <entry>
                    <key>
                        <value>blueChoiceHealth</value>
                    </key>
                    <ref bean="blueChoicePatientDirectoryHealthInformData"/>
                </entry>                
                <entry>
                    <key>
                        <value>default</value>
                    </key>
                    <ref bean="bcbsPatientDirectoryHealthInformData"/>
                </entry>
            </map>
        </property>        
    </bean>
    <!--  Patient Directory Configurations till here -->
    
    <!--  Super User module Configuration -->
    <bean id="bcbsSuperUserConfiguration" class="com.bcbssc.configuration.beans.ModuleConfiguration">
      <property name="healthPlans">
            <ref bean="bcbsSuperUserPlanList"/>
        </property>
    </bean>
    <!--  Super User module Configurations till here -->

    <!--  Blue Cross Configurations -->
    <bean id="blueCrossBlueShield" class="com.bcbssc.configuration.beans.ClientConfiguration">
        <property name="companyName" value="Blue Cross Blue Shield"/>
        <property name="rpnDetails">
            <ref bean="bcbsRPNDetails"/>
        </property>

        <property name="statChatEnabled" value="true"/>
        <property name="rcgrRulesEnabled" value="true"/>
        <property name="dentalEnabled" value="true"/>
        <property name="healthEnabled" value="true"/>
        <property name="lineItemEnabled" value="false"/>
        <property name="provMIMCredHelpEnabled" value="true"/>
        <property name="providerLogonPage" value="BCBSSC.Logon.Provider.jsp"/>
        <property name="profileData">
            <map>
                <entry>
                    <key>
                        <value>member</value>
                    </key>
                    <ref bean="bcbsMemberRegistrationProfile"/>
                </entry>
                <entry>
                    <key>
                        <value>provider</value>
                    </key>
                    <ref bean="bcbsProviderRegistrationProfile"/>
                </entry>
                <entry>
                    <key>
                        <value>superuser</value>
                    </key>
                    <ref bean="bcbsSuperUserRegistrationProfile"/>
                </entry>
            </map>
        </property>
        <property name="moduleConfigurations">
            <map>
                <entry>
                    <key>
                        <value>superuser</value>
                    </key>
                    <ref bean="bcbsSuperUserConfiguration"/>
                </entry>
                <entry>
                    <key>
                        <value>ohi</value>
                    </key>
                    <ref bean="bcbsOHIConfiguration"/>
                </entry>
                <entry>
                    <key>
                        <value>idcard</value>
                    </key>
                    <ref bean="bcbsIdcardConfiguration"/>
                </entry>
                <entry>
                    <key>
                        <value>claimstatus</value>
                    </key>
                    <ref bean="bcbsClaimStatusConfiguration"/>
                </entry>
                <entry>
                    <key>
                        <value>claimentry</value>
                    </key>
                    <ref bean="bcbsHealthClaimEntryConfiguration"/>
                </entry>
                <entry>
                    <key>
                        <value>eligibility</value>
                    </key>
                    <ref bean="bcbsEligibilityConfiguration"/>
                </entry>                 
                <entry>
                    <key>
                        <value>patientdirectory</value>
                    </key>
                    <ref bean="bcbsPatientDirectoryConfiguration"/>
                </entry>                    
            </map>
        </property>
        <property name="healthPlans">
            <ref bean="bcbsHealthPlanList"/>
        </property>
        <property name="dentalPlans">
            <ref bean="bcbsDentalPlanList"/>
        </property>
        <property name="informData">
            <map>
                <entry>
                    <key>
                        <value>health</value>
                    </key>
                    <ref bean="bcbsHealthInformData"/>
                </entry>
                <entry>
                    <key>
                        <value>dental</value>
                    </key>
                    <ref bean="bcbsDentalInformData"/>
                </entry>
                <entry>
                    <key>
                        <value>benefitsCoordinator</value>
                    </key>
                    <ref bean="bcbsBenefitsCoordinatorInformData"/>
                </entry>
                <entry>
                    <key>
                        <value>memberRegistration</value>
                    </key>
                    <ref bean="bcbsMemberRegistrationInformData"/>                    
                </entry>
                <entry>
                    <key>
                        <value>providerRegistration</value>
                    </key>
                    <ref bean="bcbsProviderRegistrationInformData"/>                    
                </entry>
                <entry>
                    <key>
                        <value>providerRouting</value>
                    </key>
                    <ref bean="bcbsProviderInformData"/>
                </entry>
                <entry>
                    <key>
                        <value>statememberRegistration</value>
                    </key>
                    <ref bean="stateMemberRegistrationInformData"/>                    
                </entry>
                <entry>
                    <key>
                        <value>default</value>
                    </key>
                    <ref bean="bcbsHealthInformData"/>
                </entry>
            </map>
        </property>
        <property name="resourceBundleFileName" value="defaultResourceBundle"/>
    </bean>
</beans>
