<?xml version="1.0" encoding="UTF-8"?>
<!DOCTYPE beans PUBLIC "-//SPRING//DTD BEAN//EN" "http://www.springframework.org/dtd/spring-beans.dtd">
<beans>

    <!--  RPN Details for Blue Choice -->
    <bean id="chcRPNDetails" class="com.bcbssc.configuration.beans.RPNDetails">
        <property name="baserpn" value="035"/>
        <property name="alternaterpn" value="035"/>
        <property name="ammsrpn" value="035"/>
        <property name="pimsrpn" value="035"/>
        <property name="selgrpn" value="035"/>
        <property name="tmcsrpn" value="035"/>
        <property name="rulesrpn" value="035"/>
        <property name="seinrpn" value="035"/>
        <property name="tmplrpn" value="035"/>
    </bean>
    
    <!-- Member registration profile for Blue Choice -->
    <bean id="chcMemberRegistrationProfile" class="com.bcbssc.configuration.beans.RegistrationProfile">
        <property name="contactUsPage" value="/funct/AskCustomerService.jsp"/>      
    </bean>

    <!-- Provider registration profile for Blue Choice -->
    <bean id="chcProviderRegistrationProfile" class="com.bcbssc.configuration.beans.RegistrationProfile">
        <property name="contactUsPage" value="/prov_funct/AskProviderServices.jsp"/>    
    </bean>

    <!-- Superuser registration profile for Blue Choice -->
    <bean id="chcSuperUserRegistrationProfile" class="com.bcbssc.configuration.beans.SuperUserRegistrationProfile">
        <property name="superUserCSRLoginPage" value="/BCBSSC.SU.Logon.jsp"/>
        <property name="superUserHDLoginPage" value="/BCBSSC.SUHD.Logon.jsp"/>
        <property name="superUserMemberAuthPage" value="/mhim.SU.Authenticate.Member.jsp"/>
        <property name="superUserProviderAuthPage" value="/mhim.SU.Authenticate.Provider.jsp"/>
        <property name="superUserBeneCordAuthPage" value="/benefitscoordinator_open/do/superUserValidated"/>
        <property name="superUserTrans" value="SUCR"/>
        <property name="helpDeskTrans" value="SUHD"/>
        <property name="imagesData">
            <map>
                <entry key="headerleft" value="/images/logon_header_member.jpg"/>
                <entry key="headerleft" value="/images/spacer.gif"/>
                <entry key="idcard" value="/images/healthcard.gif"/>
            </map>
        </property>
        <property name="superCsrInquiryTypes">
            <map>
                <entry key="Member" value="Member"/>
                <entry key="Provider" value="Provider"/>
                <entry key="BC" value="Benefits Coordinator"/>
            </map>
        </property>
        <property name="superHelpDeskInquiryTypes">
            <map>
                <entry key="Member" value="Member"/>
                <entry key="BC" value="Benefits Coordinator"/>
            </map>
        </property>
    </bean>
    
    <!-- Blue Choice Inform Details -->
    <bean id="chcInformDetails" class="com.bcbssc.configuration.beans.InformDetails">
        <property name="mqFrom" value="WEBPB"/>
        <property name="correspName" value="WEBMIM"/>
    </bean>
    
    <!-- Blue Choice Inform Bucket Details -->
    <bean id="chcInformBucketDetails" class="com.bcbssc.configuration.beans.InformBucketDetails">
        <property name="informType" value="INFH"/>
        <property name="corporateCode" value="1"/>
        <property name="companyCode" value="1"/>
        <property name="divisionCode" value="83"/>
        <property name="departmentCode" value="152"/>
        <property name="employeeId" value="WEBCHC"/>
        <property name="mqIndicator" value="MQ" />             
        <property name="eligCode" value="CHC" />        
    </bean>
    
    <!-- Blue Choice Inform Data -->
    <bean id="chcInformData" class="com.bcbssc.configuration.beans.InformData">
        <property name="informDetails">
            <ref bean="chcInformDetails"/>
        </property>
        <property name="loggedInformBucketDetails">
            <ref bean="chcInformBucketDetails"/>
        </property>
        <property name="requestedInformBucketDetails">
            <ref bean="chcInformBucketDetails"/>
        </property>
        <property name="transferredInformBucketDetails">
            <ref bean="chcInformBucketDetails"/>
        </property>
    </bean>

    <!--  member registration inform configuration -->
 
    <!-- Inform Details -->
    <bean id="chcMemberRegistrationInformDetails" class="com.bcbssc.configuration.beans.InformDetails">
        <property name="mqFrom" value="WEBCHC" />
        <property name="correspName" value="WEBMIM: "/>
        <property name="requestReason" value="X8" />
    </bean>
        
    <!-- Logged Inform Bucket Details -->
    <bean id="chcMemberRegistrationLoggedInformBucketDetails" class="com.bcbssc.configuration.beans.InformBucketDetails">
        <property name="informType" value="INFH"/>
        <property name="companyCode" value="1"/>
        <property name="divisionCode" value="83"/>
        <property name="departmentCode" value="152"/>
        <property name="employeeId" value="WEBCHC"/>       
        <property name="eligCode" value="BC"/>
    </bean>

    <!-- Inform Data -->    
    <bean id="chcMemberRegistrationInformData" class="com.bcbssc.configuration.beans.InformData">
        <property name="informDetails">
            <ref bean="chcMemberRegistrationInformDetails"/>
        </property>        

        <property name="loggedInformBucketDetails">
            <ref bean="chcMemberRegistrationLoggedInformBucketDetails"/>
        </property>        
        
        <property name="requestedInformBucketDetails">
            <ref bean="chcMemberRegistrationLoggedInformBucketDetails"/>
        </property>    
        
        <property name="transferredInformBucketDetails">
            <ref bean="chcMemberRegistrationLoggedInformBucketDetails"/>
        </property>            
    </bean>     
    <!--  member registration inform configuration till here -->
    
    <!-- Provider Registration Inform Configuration begins-->  
    
    <!-- Inform Details -->
    <bean id="chcProviderRegistrationInformDetails" class="com.bcbssc.configuration.beans.InformDetails">
        <property name="mqFrom" value="MIM" />
        <property name="correspName" value="WEBMIM: PROVIDERAUTHENTICATE" />
        <property name="requestReason" value="X8" />
    </bean>
        
    <!-- Logged Inform Bucket Details -->
    <bean id="chcProviderRegistrationLoggedInformBucketDetails" class="com.bcbssc.configuration.beans.InformBucketDetails">
        <property name="informType" value="INFH"/>
        <property name="corporateCode" value="1"/>
        <property name="companyCode" value="1"/>
        <property name="divisionCode" value="83"/>
        <property name="departmentCode" value="152"/>
        <property name="employeeId" value="WEBCHC"/> 
        <property name="statusCode" value="1" /> 
    </bean>

   
    <!-- Inform Data -->   
    <bean id="chcProviderRegistrationInformData" class="com.bcbssc.configuration.beans.InformData">
        <property name="informDetails">
            <ref bean="chcProviderRegistrationInformDetails"/>
        </property>        

        <property name="loggedInformBucketDetails">
            <ref bean="chcProviderRegistrationLoggedInformBucketDetails"/>
        </property>        

        <property name="requestedInformBucketDetails">
            <ref bean="chcProviderRegistrationLoggedInformBucketDetails"/>
        </property>    

        <property name="transferredInformBucketDetails">
            <ref bean="chcProviderRegistrationLoggedInformBucketDetails"/>
        </property>            
    </bean>     
    <!--  provider registration inform configuration ends -->    


    <!--  CHC Provider routing inform details -->
    <bean id="chcProviderInformDetails" class="com.bcbssc.configuration.beans.InformDetails">
        <property name="mqFrom" value="WEBPB"/>
        <property name="correspName" value="WEBMIM"/>
    </bean>
    <bean id="chcProviderInformBucketDetails" class="com.bcbssc.configuration.beans.InformBucketDetails">
        <property name="informType" value="INFH"/>
        <property name="corporateCode" value="1"/>
        <property name="companyCode" value="1"/>
        <property name="divisionCode" value="44"/>
        <property name="departmentCode" value="916"/>
        <property name="employeeId" value="WEBCHC"/>
    </bean>
    <bean id="chcProviderInformData" class="com.bcbssc.configuration.beans.InformData">
        <property name="informDetails">
            <ref bean="chcProviderInformDetails"/>
        </property>
        <property name="loggedInformBucketDetails">
            <ref bean="chcProviderInformBucketDetails"/>
        </property>
        <property name="requestedInformBucketDetails">
            <ref bean="chcProviderInformBucketDetails"/>
        </property>
        <property name="transferredInformBucketDetails">
            <ref bean="chcProviderInformBucketDetails"/>
        </property>
    </bean>
    <!-- CHC Provider routing inform details End -->

    <!--  Health Plans Configuration for Blue Choice -->    
    <bean id="chcHealthPlanList" class="com.bcbssc.configuration.beans.PlanList">
        <property name="plans">
            <list>
                <ref bean="pleaseChoosePlan"/>
                <ref bean="blueCrossBlueShieldHealthPlan"/>
                <ref bean="blueChoiceHealthPlan"/>
                <ref bean="stateHealthPlan"/>
            </list>
        </property>
        <property name="valueField" value="value"/>
        <property name="selectedIndex" value="0"/>
        <property name="displayDropDown" value="true"/>
    </bean>
    
    <!--  Dental Plans Configuration for Blue Choice -->
    <bean id="chcDentalPlanList" class="com.bcbssc.configuration.beans.PlanList">
        <property name="plans">
            <list>
                <ref bean="pleaseChoosePlan"/>
                <ref bean="blueCrossBlueShieldDentalPlan"/>
                <ref bean="stateDentalPlan"/>
            </list>
        </property>
        <property name="valueField" value="value"/>
        <property name="selectedIndex" value="0"/>
        <property name="displayDropDown" value="true"/>
    </bean> 
    
    <!--  OHI Module Configurations -->    
    <!--  Health Plans Configuration for OHI Module -->
    <bean id="chcOHIHealthPlanList" class="com.bcbssc.configuration.beans.PlanList">
        <property name="plans">
            <list>
                <ref bean="pleaseChoosePlan"/>
                <ref bean="blueCrossBlueShieldHealthPlan"/>
                <ref bean="blueChoiceHealthPlan"/>
                <ref bean="stateHealthPlan"/>
            </list>
        </property>
        <property name="valueField" value="company"/>
        <property name="selectedIndex" value="0"/>
        <property name="displayDropDown" value="true"/>
    </bean>
    
    <!--  Dental Plans Configuration for OHI Module -->
    <bean id="chcOHIDentalPlanList" class="com.bcbssc.configuration.beans.PlanList">
        <property name="plans">
            <list>
                <ref bean="pleaseChoosePlan"/>
                <ref bean="blueCrossBlueShieldDentalPlan"/>
                <ref bean="stateDentalPlan"/>
            </list>
        </property>
        <property name="valueField" value="company"/>
        <property name="selectedIndex" value="0"/>
        <property name="displayDropDown" value="true"/>
    </bean>
    
    <!--  OHI Module Configuration -->
    <bean id="chcOHIConfiguration" class="com.bcbssc.configuration.beans.OHIModuleConfiguration">
        <property name="resourceBundleFileName" value="OHIResourceBundle"/>
        <property name="healthPlans">
            <ref bean="chcOHIHealthPlanList"/>
        </property>
        <property name="dentalPlans">
            <ref bean="chcOHIDentalPlanList"/>
        </property>
    </bean>
    <!--  OHI Configurations till here -->
    
    <!--  ID Card Module Configurations -->
    <bean id="chcIdcardConfiguration" class="com.bcbssc.configuration.beans.IdcardModuleConfiguration">
        <property name="resourceBundleFileName" value="idcardResourceBundle_chc"/>
        <property name="sendAddressToInform" value="true"/>
        <property name="checkVerified" value="true"/>
        <property name="statusCode" value="2"/>
        <property name="statusType" value="OP"/>
        <property name="sendCompanyCodeTransferInform" value="false"/>
        <property name="sendExtloc" value="false"/>
    </bean>
    <!-- ID Card Module Configurations till here -->
    
    <!--  Start of Claim Status Module Configurations -->
    <bean id="chcClaimStatusConfiguration" class="com.bcbssc.configuration.beans.ClaimStatusModuleConfiguration">
        <property name="resourceBundleFileName" value="defaultResourceBundle"/>
        <property name="healthACSPage" value="/funct/status/claimstatus_AskCustomerService.jsp"/>        
        <property name="healthAPSPage" value="/prov_funct/status/claim_status_AskProviderServices.jsp"/>                    
        
        <property name="healthPlans">
            <ref bean="chcHealthPlanList"/>
        </property>
        <property name="dentalPlans">
            <ref bean="chcDentalPlanList"/>
        </property>
        <property name="informData">
            <map>
                <entry>
                    <key>
                        <value>healthClosed</value>
                    </key>
                    <ref bean="chcClaimStatusClosedInformData"/>
                </entry>
                <entry>
                    <key>
                        <value>healthOpen</value>
                    </key>
                    <ref bean="chcClaimStatusOpenInformData"/>
                </entry>
                <entry>
                    <key>
                        <value>providerHealthClosed</value>
                    </key>
                    <ref bean="chcHealthPvdrClaimStatusClosedInformData"/>
                </entry>
                <entry>
                    <key>
                        <value>providerHealthOpen</value>
                    </key>
                    <ref bean="chcHealthPvdrClaimStatusOpenInformData"/>
                </entry>
                <entry>
                    <key>
                        <value>default</value>
                    </key>
                    <ref bean="chcClaimStatusClosedInformData"/>
                </entry>
                <entry>
                    <key>
                        <value>default</value>
                    </key>
                    <ref bean="chcClaimStatusClosedInformData"/>
                </entry>
            </map>
        </property>                
    </bean>
        
    <!--  Claim Status Inform data -->
        <bean id="chcClaimStatusClosedInformData" class="com.bcbssc.configuration.beans.InformData">
            <property name="informDetails">
                <ref bean="chcInformDetails"/>
            </property>        
            <property name="loggedInformBucketDetails">
                <ref bean="chcClaimStatusClosedInformBucketDetails"/>                
            </property>      
            <property name="requestedInformBucketDetails">
                    <ref bean="chcClaimStatusClosedInformBucketDetails"/>
            </property>
            <property name="transferredInformBucketDetails">
                    <ref bean="chcClaimStatusClosedInformBucketDetails"/>
            </property>  
        </bean>    
        
        <bean id="chcClaimStatusOpenInformData" class="com.bcbssc.configuration.beans.InformData">
            <property name="informDetails">
                <ref bean="chcInformDetails"/>
            </property>        
            <property name="loggedInformBucketDetails">
                <ref bean="chcClaimStatusOpenInformBucketDetails"/>                
            </property>      
            <property name="requestedInformBucketDetails">
                    <ref bean="chcClaimStatusOpenInformBucketDetails"/>
            </property>
            <property name="transferredInformBucketDetails">
                    <ref bean="chcClaimStatusOpenInformBucketDetails"/>
            </property>  
        </bean>    

        <bean id="chcHealthPvdrClaimStatusClosedInformData" class="com.bcbssc.configuration.beans.InformData">
            <property name="informDetails">
                <ref bean="chcInformDetails"/>
            </property>        
            <property name="loggedInformBucketDetails">
                <ref bean="chcHealthPvdrClaimStatusClosedInformBucketDetails"/>                
            </property>      
            <property name="requestedInformBucketDetails">
                    <ref bean="chcHealthPvdrClaimStatusClosedInformBucketDetails"/>
            </property>
            <property name="transferredInformBucketDetails">
                    <ref bean="chcHealthPvdrClaimStatusClosedInformBucketDetails"/>
            </property>  
        </bean>    
        
        <bean id="chcHealthPvdrClaimStatusOpenInformData" class="com.bcbssc.configuration.beans.InformData">
            <property name="informDetails">
                <ref bean="chcInformDetails"/>
            </property>        
            <property name="loggedInformBucketDetails">
                <ref bean="chcHealthPvdrClaimStatusOpenInformBucketDetails"/>                
            </property>      
            <property name="requestedInformBucketDetails">
                    <ref bean="chcHealthPvdrClaimStatusOpenInformBucketDetails"/>
            </property>
            <property name="transferredInformBucketDetails">
                    <ref bean="chcHealthPvdrClaimStatusOpenInformBucketDetails"/>
            </property>  
        </bean>    

        <bean id="chcClaimStatusClosedInformBucketDetails" class="com.bcbssc.configuration.beans.InformBucketDetails">                
            <property name="informType" value="INFH" />
            <property name="corporateCode" value="1" />
            <property name="companyCode" value="1" />
            <property name="divisionCode" value="44" />
            <property name="departmentCode" value="916" />
            <property name="employeeId" value="WEBCHC" />             
            <property name="mqIndicator" value="MQ" />             
            <property name="eligCode" value="CHC" />
            <property name="inquiryLocationCode" value="" />                  
            <property name="customerName" value="WEBMIM: CLAIM STATUS" />
        </bean>      
        
        <bean id="chcClaimStatusOpenInformBucketDetails" class="com.bcbssc.configuration.beans.InformBucketDetails">
            <property name="informType" value="INFH"/>
            <property name="corporateCode" value="1"/>
            <property name="companyCode" value="1"/>
            <property name="divisionCode" value="83"/>
            <property name="departmentCode" value="152"/>
            <property name="employeeId" value="WEB1"/>
            <property name="mqIndicator" value="MQ" />             
            <property name="eligCode" value="CHC" />     
            <property name="inquiryLocationCode" value="" />                               
            <property name="customerName" value="WEBMIM:ASKCUSTOMERSERVICE" />
        </bean>                                                  

        <bean id="chcHealthPvdrClaimStatusClosedInformBucketDetails" class="com.bcbssc.configuration.beans.InformBucketDetails">                
            <property name="informType" value="INFH" />
            <property name="corporateCode" value="1" />
            <property name="companyCode" value="1" />
            <property name="divisionCode" value="44" />
            <property name="departmentCode" value="916" />
            <property name="employeeId" value="WEBCHC" />             
            <property name="mqIndicator" value="MQ" />             
            <property name="eligCode" value="CHC" />
            <property name="inquiryLocationCode" value="" />                  
            <property name="customerName" value="WEBMIM: CLAIM STATUS" />
        </bean>      
        
        <bean id="chcHealthPvdrClaimStatusOpenInformBucketDetails" class="com.bcbssc.configuration.beans.InformBucketDetails">
            <property name="informType" value="INFH"/>
            <property name="corporateCode" value="1"/>
            <property name="companyCode" value="1"/>
            <property name="divisionCode" value="83"/>
            <property name="departmentCode" value="152"/>
            <property name="employeeId" value="WEB1"/>
            <property name="mqIndicator" value="MQ" />             
            <property name="eligCode" value="CHC" />     
            <property name="inquiryLocationCode" value="" />                               
            <property name="customerName" value="WEBMIM:ASKPROVIDERSERVICE" />
        </bean>                        
        <!--  End of Claim Status Inform data -->
    <!--  End of Claim Status Configurations  -->
        
    <!--  Eligibility Module Configurations -->    
    <bean id="chcEligibilityConfiguration" class="com.bcbssc.configuration.beans.EligibilityModuleConfiguration">
        <property name="resourceBundleFileName" value="CHCEligibilityResourceBundle"/>
        <property name="providerSearchEnabled" value="true"/>    
        <property name="allDentalBenefitsEnabled" value="false"/>
        <property name="hraEnabled" value="false"/>
        <property name="npiWarningType" value="Link"/>
        <property name="bxTransactionAllowed" value="true"/>
        <property name="authorizationAvailable" value="true"/>
        <property name="fepMessageDisplayed" value="true"/>
        <property name="healthHomePage" value="/im/bcbs_pro_content.jsp"/> 
        <property name="dentalHomePage" value="/im/dental_im_pro_content.jsp"/>  
        <property name="healthPlans">
            <ref bean="chcHealthPlanList"/>
        </property>
        <property name="dentalPlans">
            <ref bean="bcbsEligibilityDentalPlanList"/>
        </property>
        <property name="informData">
            <map>
                <entry>
                    <key>
                        <value>health</value>
                    </key>
                    <ref bean="chcHealthEligibilityInformData"/>
                </entry>
            </map>
        </property>
    </bean>  
    
    <bean id="chcHealthEligibilityInformDetails" class="com.bcbssc.configuration.beans.InformDetails">
        <property name="correspName" value="WEBMIM"/>
    </bean>     
    
    <bean id="chcHealthEligibilityInformData" class="com.bcbssc.configuration.beans.InformData">

        <property name="informDetails">
            <ref bean="chcHealthEligibilityInformDetails"/>
        </property>        
        <property name="loggedInformBucketDetails">
            <ref bean="chcHealthEligibilityInformBucketDetails"/>                
        </property>      
        <property name="requestedInformBucketDetails">
                <ref bean="chcHealthEligibilityInformBucketDetails"/>
        </property>
        <property name="transferredInformBucketDetails">
                <ref bean="chcHealthEligibilityInformBucketDetails"/>
        </property>  
    </bean>  
        
    <bean id="chcHealthEligibilityInformBucketDetails" class="com.bcbssc.configuration.beans.InformBucketDetails">             
        <property name="informType" value="INFH" />
        <property name="corporateCode" value="1" />
        <property name="companyCode" value="1" />
        <property name="divisionCode" value="44" />
        <property name="departmentCode" value="916" />
        <property name="employeeId" value="WEBCHC" />  
        <property name="statusCode" value="1" />
        <property name="clientName" value="MIM"/>
    </bean>   
    
    <!--  Eligibility Configurations till here --> 
    
    <!--  Claim entry Module Configurations -->    
    <!--  Plans Configuration for Claim entry Module -->
    <bean id="chcHealthClaimEntryPlanList" class="com.bcbssc.configuration.beans.PlanList">
        
        <property name="plans">
            <list>
                <ref bean="pleaseChoosePlan"/>
                <ref bean="blueCrossBlueShieldHealthPlan"/>
                <ref bean="blueChoiceHealthPlan"/>
                <ref bean="employeeBenefitServices"/>
                <ref bean="fepPlan"/>
                <ref bean="plannedAdministrators"/>
                <ref bean="stateHealthPlan"/>
                <ref bean="thomasCooper"/>
            </list>
        </property>
        
        <property name="valueField" value="payorCode"/>
        <property name="selectedIndex" value="0"/>
        <property name="displayDropDown" value="true"/>
    </bean>

    <!--  Claim entry Module Configuration -->
    <bean id="chcHealthClaimEntryConfiguration" class="com.bcbssc.configuration.beans.ClaimEntryModuleConfiguration">
        <property name="resourceBundleFileName" value="eligibilityResourceBundle"/>
        <property name="superbillEnabled" value="true"/> 
        <property name="locationSelectionPage" value="/common/location_selection/non_hipaa_compliant/generic_location_selection_table.jsp"/>
        
        <property name="healthPlans">
            <ref bean="chcHealthClaimEntryPlanList"/>
        </property>
        
        <property name="payerDetails">
            <map>
                <entry key="" value=""/>
                <entry key="BlueCross BlueShield Plans" value="401"/>
                <entry key="BlueChoice HealthPlan" value="922"/>
                <entry key="Carolina Benefit Administrators" value="498"/>
                <entry key="Consolidated Benefits, Inc." value="C16"/>
                <entry key="Employee Benefit Services dba Key Benefit Admin." value="446"/>
                <entry key="Employers Life Insurance Company" value="130"/>
                <entry key="FEP" value="402"/>
                <entry key="HMO Blue" value="401"/>
                <entry key="Medical Claims Management" value="781"/>
                <entry key="Medicare" value="618"/>
                <entry key="Planned Administrators" value="886"/>
                <entry key="State Group" value="400"/>
                <entry key="Tom Cooper" value="315"/>
                <entry key="Other Unspecified" value="199"/>
            </map>
        </property>        
    </bean>    
    
    <!-- Blue Cross health inform details -->
    <bean id="blueChoiceHealthInformDetails" class="com.bcbssc.configuration.beans.InformDetails">
        <property name="mqFrom" value="WEBPB"/>
        <property name="correspName" value="WEBMIM"/>
    </bean>

    <!-- Blue Choice health inform bucket details -->
    <bean id="blueChoiceHealthInformBucketDetails" class="com.bcbssc.configuration.beans.InformBucketDetails">
        <property name="informType" value="INFH"/>
        <property name="corporateCode" value="1"/>
        <property name="companyCode" value="1"/>
        <property name="divisionCode" value="83"/>
        <property name="departmentCode" value="152"/>
        <property name="employeeId" value="WEBCHC"/>
        <property name="eligCode" value="BC" /> 
        <property name="clientName" value="MIM"/>
        <property name="inquiryLocationCode" value="" />        
    </bean>
    
    <!-- Blue Cross health inform data -->
    <bean id="blueChoiceHealthInformData" class="com.bcbssc.configuration.beans.InformData">
        <property name="informDetails">
            <ref bean="blueChoiceHealthInformDetails"/>
        </property>
        <property name="loggedInformBucketDetails">
            <ref bean="blueChoiceHealthInformBucketDetails"/>
        </property>
        <property name="requestedInformBucketDetails">
            <ref bean="blueChoiceHealthInformBucketDetails"/>
        </property>
        <property name="transferredInformBucketDetails">
            <ref bean="blueChoiceHealthInformBucketDetails"/>
        </property>
    </bean>    
    <!--  Claim entry Configurations till here -->
    
    <!--  Patient Directory Module Configurations -->    
    <!--  Plans Configuration for Patient Directory Module -->    
    <bean id="chcHealthPatientDirectoryPlanList" class="com.bcbssc.configuration.beans.PlanList">
        
        <property name="plans">
            <list>
                <ref bean="pleaseChoosePlan"/>
                <ref bean="blueCrossBlueShieldHealthPlan"/>
                <ref bean="blueChoiceHealthPlan"/>
                <ref bean="employeeBenefitServices"/>
                <ref bean="fepPlan"/>
                <ref bean="plannedAdministrators"/>
                <ref bean="stateHealthPlan"/>
                <ref bean="thomasCooper"/>
            </list>
        </property>
        
        <property name="valueField" value="payorCode"/>
        <property name="selectedIndex" value="0"/>
        <property name="displayDropDown" value="true"/>
    </bean>    
    
    <!--  Patient Directory Module Configuration -->
    <bean id="chcHealthPatientDirectoryConfiguration" class="com.bcbssc.configuration.beans.PatientDirectoryModuleConfiguration">
        <property name="resourceBundleFileName" value="eligibilityResourceBundle"/>
        <property name="locationSelectionPage" value="/common/location_selection/non_hipaa_compliant/generic_location_selection_table.jsp"/>        
        <property name="healthPlans">
            <ref bean="chcHealthPatientDirectoryPlanList"/>
        </property>
    </bean>
    
    <!-- Blue Choice Patient Directory inform bucket details -->
    <bean id="blueChoicePatientDirectoryInformBucketDetails" class="com.bcbssc.configuration.beans.InformBucketDetails">
        <property name="informType" value="INFH"/>
        <property name="corporateCode" value="1"/>
        <property name="companyCode" value="1"/>
        <property name="divisionCode" value="44"/>
        <property name="departmentCode" value="916"/>
        <property name="employeeId" value="WEBCHC"/>
        <property name="eligCode" value="ST" /> 
        <property name="clientName" value="MIM"/>
        <property name="inquiryLocationCode" value="" />        
    </bean>    
    
    <!-- Blue Choice Patient Directory health inform data -->
    <bean id="blueChoicePatientDirectoryHealthInformData" class="com.bcbssc.configuration.beans.InformData">
        <property name="informDetails">
            <ref bean="bcbsPatientDirectoryHealthInformDetails"/>
        </property>
        <property name="loggedInformBucketDetails">
            <ref bean="blueChoicePatientDirectoryInformBucketDetails"/>
        </property>
        <property name="requestedInformBucketDetails">
            <ref bean="blueChoicePatientDirectoryInformBucketDetails"/>
        </property>
        <property name="transferredInformBucketDetails">
            <ref bean="blueChoicePatientDirectoryInformBucketDetails"/>
        </property>
    </bean>    
    
    <!-- Blue Choice Patient Directory dental inform data -->
    <bean id="blueChoicePatientDirectoryDentalInformData" class="com.bcbssc.configuration.beans.InformData">
        <property name="informDetails">
            <ref bean="bcbsPatientDirectoryDentalInformDetails"/>
        </property>
        <property name="loggedInformBucketDetails">
            <ref bean="blueChoicePatientDirectoryInformBucketDetails"/>
        </property>
        <property name="requestedInformBucketDetails">
            <ref bean="blueChoicePatientDirectoryInformBucketDetails"/>
        </property>
        <property name="transferredInformBucketDetails">
            <ref bean="blueChoicePatientDirectoryInformBucketDetails"/>
        </property>
    </bean>     
    
    <!--  Patient Directory Configurations till here -->
    
    <!--  Blue Choice Configurations -->
    <bean id="chc" class="com.bcbssc.configuration.beans.ClientConfiguration">
        <property name="companyName" value="Companion Health Care"/>
        <property name="rpnDetails">
            <ref bean="chcRPNDetails"/>
        </property>
        
        <property name="statChatEnabled" value="true"/>     
        <property name="rcgrRulesEnabled" value="true"/>
        <property name="dentalEnabled" value="true"/>           
        <property name="healthEnabled" value="true"/>
        <property name="lineItemEnabled" value="false"/>
        <property name="provMIMCredHelpEnabled" value="true"/>
        <property name="providerLogonPage" value="BCBSSC.Logon.Provider.jsp"/>       
        <property name="profileData">
            <map>
                <entry>
                    <key>
                        <value>member</value>
                    </key>
                    <ref bean="chcMemberRegistrationProfile"/>
                </entry>
                <entry>
                    <key>
                        <value>provider</value>
                    </key>
                    <ref bean="chcProviderRegistrationProfile"/>
                </entry>
                <entry>
                    <key>
                        <value>superuser</value>
                    </key>
                    <ref bean="chcSuperUserRegistrationProfile"/>
                </entry>
            </map>
        </property>
        <property name="moduleConfigurations">
            <map>
                <entry>
                    <key>
                        <value>ohi</value>
                    </key>
                    <ref bean="chcOHIConfiguration"/>
                </entry>
                <entry>
                    <key>
                        <value>idcard</value>
                    </key>
                    <ref bean="chcIdcardConfiguration"/>
                </entry>
                <entry>
                    <key>
                        <value>claimstatus</value>
                    </key>
                    <ref bean="chcClaimStatusConfiguration"/>
                </entry>
                <entry>
                    <key>
                        <value>claimentry</value>
                    </key>
                    <ref bean="chcHealthClaimEntryConfiguration"/>
                </entry>
                
                <entry>
                    <key>
                        <value>patientdirectory</value>
                    </key>
                    <ref bean="chcHealthPatientDirectoryConfiguration"/>
                </entry>                
                
                <entry>
                    <key>
                        <value>eligibility</value>
                    </key>
                    <ref bean="chcEligibilityConfiguration"/>
                </entry>                 
            </map>
        </property>
        <property name="healthPlans">
            <ref bean="chcHealthPlanList"/>
        </property>
        <property name="dentalPlans">
            <ref bean="chcDentalPlanList"/>
        </property>
        <property name="informData">
            <map>
                <entry>
                    <key>
                        <value>health</value>
                    </key>
                    <ref bean="chcInformData"/>
                </entry>
                <entry>
                    <key>
                        <value>memberRegistration</value>
                    </key>
                    <ref bean="chcMemberRegistrationInformData"/>                    
                </entry>
                <entry>
                    <key>
                        <value>providerRegistration</value>
                    </key>
                    <ref bean="chcProviderRegistrationInformData"/>                    
                </entry>
                <entry>
                    <key>
                        <value>providerRouting</value>
                    </key>
                    <ref bean="chcProviderInformData"/>
                </entry>                
                <entry>
                    <key>
                        <value>default</value>
                    </key>
                    <ref bean="chcInformData"/>
                </entry>
            </map>
        </property>
        <property name="resourceBundleFileName" value="defaultResourceBundle"/>
    </bean>
</beans>
