<?xml version="1.0" encoding="UTF-8"?>
<!DOCTYPE beans PUBLIC "-//SPRING//DTD BEAN//EN" "http://www.springframework.org/dtd/spring-beans.dtd" >
<beans>
	<import resource="globalConfiguration.xml"/>
    <import resource="plansConfiguration.xml"/>    
    <import resource="blueCrossBlueShield.xml"/>
    <import resource="blueChoiceHealthPlan.xml"/>
    <import resource="companionLifeDental.xml"/>
    <import resource="floridaCombinedLife.xml"/>
    <import resource="healthNet.xml"/> 
    <import resource="defaultClient.xml"/>
</beans>