<?xml version="1.0" encoding="UTF-8"?>
<!DOCTYPE beans PUBLIC "-//SPRING//DTD BEAN//EN" "http://www.springframework.org/dtd/spring-beans.dtd">
<beans>
    <bean id="clifeRPNDetails" class="com.bcbssc.configuration.beans.RPNDetails">
        <property name="baserpn" value="001"/>
        <property name="alternaterpn" value="001"/>
        <property name="ammsrpn" value="001"/>
        <property name="pimsrpn" value="001"/>
        <property name="selgrpn" value="001"/>
        <property name="tmcsrpn" value="001"/>
        <property name="rulesrpn" value="001"/>
        <property name="seinrpn" value="001"/>
        <property name="tmplrpn" value="001"/>
    </bean>
    
    <bean id="clifeProviderRegistrationProfile" class="com.bcbssc.configuration.beans.RegistrationProfile">
        <property name="homePage" value="/im/clep_pro_index.html"/>
        <property name="dentalHomePageContent" value="/im/clep_pro_content.html"/>            
        <property name="loginErrorPage" value="/CLife.Signon.Provider.html"/>
        <property name="loginPage" value="/CLEP.Provider.Logon.html"/>
        <property name="contactUsPage" value="/prov_funct/AskProviderServices.jsp"/>
        <property name="createProfileBasicInformationPage" value="/CLEP.AuthenticateInfo.Provider.html"/>
        <property name="createProfilePage" value="/CLEP.CreateProfile.Provider.jsp"/>
        <property name="passwordHelpPage" value="/CLEP.ReAuthenticate.Provider.jsp"/>
        <property name="passwordSecurityPage" value="/CLife.CheckSecurity.Provider.jsp"/>
    </bean>
    
    <bean id="clifeMemberRegistrationProfile" class="com.bcbssc.configuration.beans.RegistrationProfile">
        <property name="loginErrorPage" value="/CLife.Signon.html"/>
        <property name="contactUsPage" value="/funct/AskCustomerService.jsp"/>                
    </bean>
    
    <bean id="clifeSuperUserRegistrationProfile" class="com.bcbssc.configuration.beans.SuperUserRegistrationProfile">
        <property name="superUserCSRLoginPage" value="/Clife.SU.Logon.jsp"/>
        <property name="superUserHDLoginPage" value="/Clife.SUHD.Logon.jsp"/>
        <property name="superUserMemberAuthPage" value="/mdim.SU.Authenticate.Member.jsp"/>
        <property name="superUserProviderAuthPage" value="/mdim.SU.Authenticate.Provider.jsp"/>
        <property name="superUserTrans" value="SUCR"/>
        <property name="helpDeskTrans" value="SUHD"/>
        <property name="imagesData">
            <map>
                <entry key="headerleft" value="/images/insurance_companion_logo_be.jpg"/>
                <entry key="headerright" value="/images/mim_clife_logo.gif"/>
                <entry key="idcard" value="/images/healthcard.gif"/>
            </map>
        </property>
        <property name="superCsrInquiryTypes">
            <map>
                <entry key="Member" value="Member"/>
                <entry key="Provider" value="Provider"/>
            </map>
        </property>
        <property name="superHelpDeskInquiryTypes">
            <map>
                <!-- empty list  but need to define -->
            </map>
        </property>
    </bean>
    
    <bean id="clifeInformDetails" class="com.bcbssc.configuration.beans.InformDetails">
        <property name="mqFrom" value="WEBMIM"/>
        <property name="correspName" value="WEBPBD"/>
    </bean>
    <bean id="clifeInformBucketDetails" class="com.bcbssc.configuration.beans.InformBucketDetails">
        <property name="informType" value="INFL"/>
        <property name="corporateCode" value="1"/>
        <property name="companyCode" value="1"/>
        <property name="divisionCode" value="91"/>
        <property name="departmentCode" value="205"/>
        <property name="employeeId" value="CLIFEWEB"/>
    </bean>
    <bean id="clifeInformData" class="com.bcbssc.configuration.beans.InformData">
        <property name="informDetails">
            <ref bean="clifeInformDetails"/>
        </property>
        <property name="loggedInformBucketDetails">
            <ref bean="clifeInformBucketDetails"/>
        </property>
        <property name="requestedInformBucketDetails">
            <ref bean="clifeInformBucketDetails"/>
        </property>
        <property name="transferredInformBucketDetails">
            <ref bean="clifeInformBucketDetails"/>
        </property>
    </bean>

    <!--  CLIFE Provider routing inform details -->
    <bean id="clifeProviderInformDetails" class="com.bcbssc.configuration.beans.InformDetails">
        <property name="mqFrom" value="WEBMIM"/>
        <property name="correspName" value="WEBPBD"/>
    </bean>
    <bean id="clifeProviderInformBucketDetails" class="com.bcbssc.configuration.beans.InformBucketDetails">
        <property name="informType" value="INFL"/>
        <property name="corporateCode" value="1"/>
        <property name="companyCode" value="1"/>
        <property name="divisionCode" value="91"/>
        <property name="departmentCode" value="205"/>
        <property name="employeeId" value="WEBMIM"/>
    </bean>
    <bean id="clifeProviderInformData" class="com.bcbssc.configuration.beans.InformData">
        <property name="informDetails">
            <ref bean="clifeProviderInformDetails"/>
        </property>
        <property name="loggedInformBucketDetails">
            <ref bean="clifeProviderInformBucketDetails"/>
        </property>
        <property name="requestedInformBucketDetails">
            <ref bean="clifeProviderInformBucketDetails"/>
        </property>
        <property name="transferredInformBucketDetails">
            <ref bean="clifeProviderInformBucketDetails"/>
        </property>
    </bean>
    
    
    <!--  member registration inform configuration -->
    
    <!-- Inform Details -->
    <bean id="clifeMemberRegistrationInformDetails" class="com.bcbssc.configuration.beans.InformDetails">
        <property name="mqFrom" value="WEBMIM" />
        <property name="correspName" value="WEBPBD: " />
        <property name="requestReason" value="X8" />
    </bean>
        
    <!-- Logged Inform Bucket Details -->
    <bean id="clifeMemberRegistrationLoggedInformBucketDetails" class="com.bcbssc.configuration.beans.InformBucketDetails">
        <property name="informType" value="INFL"/>
        <property name="companyCode" value="1"/>
        <property name="divisionCode" value="91"/>
        <property name="departmentCode" value="205"/>
        <property name="employeeId" value="WEBMIM"/>       
        <property name="eligCode" value="CLIFE"/>
    </bean>

    <!-- Inform Data -->    
    <bean id="clifeMemberRegistrationInformData" class="com.bcbssc.configuration.beans.InformData">
        <property name="informDetails">
            <ref bean="clifeMemberRegistrationInformDetails"/>
        </property>        

        <property name="loggedInformBucketDetails">
            <ref bean="clifeMemberRegistrationLoggedInformBucketDetails"/>
        </property>        
        
        <property name="requestedInformBucketDetails">
            <ref bean="clifeMemberRegistrationLoggedInformBucketDetails"/>
        </property>    
        
        <property name="transferredInformBucketDetails">
            <ref bean="clifeMemberRegistrationLoggedInformBucketDetails"/>
        </property>            
    </bean>     
    <!--  member registration inform configuration till here -->    
    
    <!-- Provider Registration Inform Configuration begins-->  
    
    <!-- Inform Details -->
    <bean id="clifeProviderRegistrationInformDetails" class="com.bcbssc.configuration.beans.InformDetails">
        <property name="mqFrom" value="MIM" />
        <property name="correspName" value="WEBMIM: PROVIDERAUTHENTICATE" />
        <property name="requestReason" value="X8" />
    </bean>
        
    <!-- Logged Inform Bucket Details -->
    <bean id="clifeProviderRegistrationLoggedInformBucketDetails" class="com.bcbssc.configuration.beans.InformBucketDetails">
        <property name="informType" value="INFL"/>
        <property name="corporateCode" value="1"/>
        <property name="companyCode" value="1"/>
        <property name="divisionCode" value="91"/>
        <property name="departmentCode" value="205"/>
        <property name="employeeId" value="WEBMIM"/> 
        <property name="statusCode" value="1" /> 
    </bean>
 
    <!-- Inform Data -->   
    <bean id="clifeProviderRegistrationInformData" class="com.bcbssc.configuration.beans.InformData">
        <property name="informDetails">
            <ref bean="clifeProviderRegistrationInformDetails"/>
        </property>        

        <property name="loggedInformBucketDetails">
            <ref bean="clifeProviderRegistrationLoggedInformBucketDetails"/>
        </property>        

        <property name="requestedInformBucketDetails">
            <ref bean="clifeProviderRegistrationLoggedInformBucketDetails"/>
        </property>    

        <property name="transferredInformBucketDetails">
            <ref bean="clifeProviderRegistrationLoggedInformBucketDetails"/>
        </property>            
    </bean>     
    <!--  provider registration inform configuration ends -->
    
    
    
    <bean id="clifeDentalPlanList" class="com.bcbssc.configuration.beans.PlanList">
        <property name="plans">
            <list>
                <ref bean="clifeDentalPlan"/>
            </list>
        </property>
        <property name="valueField" value="value"/>
        <property name="selectedIndex" value="0"/>
        <property name="displayDropDown" value="false"/>
    </bean>
    <bean id="clifeOHIDentalPlanList" class="com.bcbssc.configuration.beans.PlanList">
        <property name="plans">
            <list>
                <ref bean="clifeDentalPlan"/>
            </list>
        </property>
        <property name="valueField" value="company"/>
        <property name="selectedIndex" value="0"/>
        <property name="displayDropDown" value="false"/>
    </bean>
    <bean id="clifeOHIConfiguration" class="com.bcbssc.configuration.beans.OHIModuleConfiguration">
        <property name="resourceBundleFileName" value="OHIResourceBundle"/>
        <property name="dentalPlans">
            <ref bean="clifeOHIDentalPlanList"/>
        </property>
    </bean>
    <bean id="clifeIdcardConfiguration" class="com.bcbssc.configuration.beans.IdcardModuleConfiguration">
        <property name="resourceBundleFileName" value="idcardResourceBundle_clife"/>
        <property name="sendAddressToInform" value="false"/>
        <property name="checkVerified" value="false"/>
        <property name="statusCode" value="1"/>
        <property name="statusType" value="OP"/>
        <property name="sendCompanyCodeTransferInform" value="false"/>
        <property name="sendExtloc" value="false"/>
    </bean>
        
    <!--  Start of Claim Status Module Configurations -->
    <bean id="clifeClaimStatusConfiguration" class="com.bcbssc.configuration.beans.ClaimStatusModuleConfiguration">
        <property name="resourceBundleFileName" value="defaultResourceBundle"/>
        <property name="dentalACSPage" value="/funct/status/dental_claimstatus_AskCustomerService.jsp"/>        
        <property name="dentalAPSPage" value="/prov_funct/status/dental_claim_status_AskProviderServices.jsp"/>                        
        <property name="dentalPlans">
            <ref bean="clifeDentalPlanList"/>
        </property>
        <property name="informData">
            <map>
                <entry>
                    <key>
                        <value>dentalClosed</value>
                    </key>
                    <ref bean="clifeClaimStatusMembrClosedInformData"/>
                </entry>
                <entry>
                    <key>
                        <value>dentalOpen</value>
                    </key>
                    <ref bean="clifeClaimStatusMembrOpenInformData"/>
                </entry>
                <entry>
                    <key>
                        <value>dentalPreTreatmentClosed</value>
                    </key>
                    <ref bean="clifePreTreatStatusMembrClosedInformData"/>
                </entry>                                
                <entry>
                    <key>
                        <value>providerDentalClosed</value>
                    </key>
                    <ref bean="clifeClaimStatusPvdrClosedInformData"/>
                </entry>
                <entry>
                    <key>
                        <value>providerDentalOpen</value>
                    </key>
                    <ref bean="clifeClaimStatusPvdrOpenInformData"/>
                </entry>
                <entry>
                    <key>
                        <value>providerDentalPreTreatmentClosed</value>
                    </key>
                    <ref bean="clifePreTreatStatusPvdrClosedInformData"/>
                </entry>                                
                <entry>
                    <key>
                        <value>default</value>
                    </key>
                    <ref bean="clifeClaimStatusMembrClosedInformData"/>
                </entry>
            </map>
        </property>                
    </bean>
        
    <!--  Claim Status Inform data -->
        <bean id="clifeClaimStatusMembrClosedInformData" class="com.bcbssc.configuration.beans.InformData">
            <property name="informDetails">
                <ref bean="clifeInformDetails"/>
            </property>        
            <property name="loggedInformBucketDetails">
                <ref bean="clifeClaimStatusMembrClosedInformBucketDetails"/>                
            </property>      
            <property name="requestedInformBucketDetails">
                    <ref bean="clifeClaimStatusMembrClosedInformBucketDetails"/>
            </property>
            <property name="transferredInformBucketDetails">
                    <ref bean="clifeClaimStatusMembrClosedInformBucketDetails"/>
            </property>  
        </bean>          

        <bean id="clifeClaimStatusPvdrClosedInformData" class="com.bcbssc.configuration.beans.InformData">
            <property name="informDetails">
                <ref bean="clifeInformDetails"/>
            </property>        
            <property name="loggedInformBucketDetails">
                <ref bean="clifeClaimStatusPvdrClosedInformBucketDetails"/>                
            </property>      
            <property name="requestedInformBucketDetails">
                    <ref bean="clifeClaimStatusPvdrClosedInformBucketDetails"/>
            </property>
            <property name="transferredInformBucketDetails">
                    <ref bean="clifeClaimStatusPvdrClosedInformBucketDetails"/>
            </property>  
        </bean>          

        <bean id="clifeClaimStatusMembrOpenInformData" class="com.bcbssc.configuration.beans.InformData">
            <property name="informDetails">
                <ref bean="clifeInformDetails"/>
            </property>        
            <property name="loggedInformBucketDetails">
                <ref bean="clifeClaimStatusMembrOpenInformBucketDetails"/>                
            </property>      
            <property name="requestedInformBucketDetails">
                    <ref bean="clifeClaimStatusMembrOpenInformBucketDetails"/>
            </property>
            <property name="transferredInformBucketDetails">
                    <ref bean="clifeClaimStatusMembrOpenInformBucketDetails"/>
            </property>  
        </bean>          

        <bean id="clifeClaimStatusPvdrOpenInformData" class="com.bcbssc.configuration.beans.InformData">
            <property name="informDetails">
                <ref bean="clifeInformDetails"/>
            </property>        
            <property name="loggedInformBucketDetails">
                <ref bean="clifeClaimStatusPvdrOpenInformBucketDetails"/>                
            </property>      
            <property name="requestedInformBucketDetails">
                    <ref bean="clifeClaimStatusPvdrOpenInformBucketDetails"/>
            </property>
            <property name="transferredInformBucketDetails">
                    <ref bean="clifeClaimStatusPvdrOpenInformBucketDetails"/>
            </property>  
        </bean>          

        <bean id="clifePreTreatStatusMembrClosedInformData" class="com.bcbssc.configuration.beans.InformData">
            <property name="informDetails">
                <ref bean="clifeInformDetails"/>
            </property>        
            <property name="loggedInformBucketDetails">
                <ref bean="clifePreTreatStatusMembrClosedInformBucketDetails"/>                
            </property>      
            <property name="requestedInformBucketDetails">
                    <ref bean="clifePreTreatStatusMembrClosedInformBucketDetails"/>
            </property>
            <property name="transferredInformBucketDetails">
                    <ref bean="clifePreTreatStatusMembrClosedInformBucketDetails"/>
            </property>  
        </bean>          

        <bean id="clifePreTreatStatusPvdrClosedInformData" class="com.bcbssc.configuration.beans.InformData">
            <property name="informDetails">
                <ref bean="clifeInformDetails"/>
            </property>        
            <property name="loggedInformBucketDetails">
                <ref bean="clifePreTreatStatusPvdrClosedInformBucketDetails"/>                
            </property>      
            <property name="requestedInformBucketDetails">
                    <ref bean="clifePreTreatStatusPvdrClosedInformBucketDetails"/>
            </property>
            <property name="transferredInformBucketDetails">
                    <ref bean="clifePreTreatStatusPvdrClosedInformBucketDetails"/>
            </property>  
        </bean>      
        
        <bean id="clifeClaimStatusMembrClosedInformBucketDetails" class="com.bcbssc.configuration.beans.InformBucketDetails">              
            <property name="informType" value="INFL" />
            <property name="corporateCode" value="1"/>
            <property name="companyCode" value="1"/>
            <property name="divisionCode" value="91"/>
            <property name="departmentCode" value="205"/>
            <property name="employeeId" value="WEBMIM"/>
            <property name="mqIndicator" value="MQ" />             
            <property name="eligCode" value="CL" />
            <property name="inquiryLocationCode" value="" />            
            <property name="customerName" value="WEBPBD: CLAIM STATUS" />         
        </bean>      

        <bean id="clifeClaimStatusPvdrClosedInformBucketDetails" class="com.bcbssc.configuration.beans.InformBucketDetails">              
            <property name="informType" value="INFL" />
            <property name="corporateCode" value="1"/>
            <property name="companyCode" value="1"/>
            <property name="divisionCode" value="91"/>
            <property name="departmentCode" value="205"/>
            <property name="employeeId" value="WEBMIM"/>
            <property name="mqIndicator" value="MQ" />             
            <property name="eligCode" value="CL" />
            <property name="inquiryLocationCode" value="" />            
            <property name="customerName" value="WEBPBD: CLAIM STATUS" />         
        </bean>      

        <bean id="clifePreTreatStatusMembrClosedInformBucketDetails" class="com.bcbssc.configuration.beans.InformBucketDetails">              
            <property name="informType" value="INFL" />
            <property name="corporateCode" value="1"/>
            <property name="companyCode" value="1"/>
            <property name="divisionCode" value="91"/>
            <property name="departmentCode" value="205"/>
            <property name="employeeId" value="WEBMIM"/>
            <property name="mqIndicator" value="MQ" />             
            <property name="eligCode" value="CL" />
            <property name="inquiryLocationCode" value="" />            
            <property name="customerName" value="WEBPBD:MEMBERPRETREATSTATUS" />         
        </bean>      
        
        <bean id="clifePreTreatStatusPvdrClosedInformBucketDetails" class="com.bcbssc.configuration.beans.InformBucketDetails">              
            <property name="informType" value="INFL" />
            <property name="corporateCode" value="1"/>
            <property name="companyCode" value="1"/>
            <property name="divisionCode" value="91"/>
            <property name="departmentCode" value="205"/>
            <property name="employeeId" value="WEBMIM"/>
            <property name="mqIndicator" value="MQ" />             
            <property name="eligCode" value="CL" />
            <property name="inquiryLocationCode" value="" />            
            <property name="customerName" value="WEBPBD:PRETREATSTATUS" />         
        </bean>      
        
        <bean id="clifeClaimStatusMembrOpenInformBucketDetails" class="com.bcbssc.configuration.beans.InformBucketDetails">              
            <property name="informType" value="INFL" />
            <property name="corporateCode" value="1"/>
            <property name="companyCode" value="1"/>
            <property name="divisionCode" value="91"/>
            <property name="departmentCode" value="205"/>
            <property name="employeeId" value="CLIFEWEB"/>
            <property name="mqIndicator" value="MQ" />             
            <property name="eligCode" value="CL" />
            <property name="inquiryLocationCode" value="" />                        
            <property name="customerName" value="WEBPBD:ASKCUSTOMERSERVICE" />             
        </bean>      
        
        <bean id="clifeClaimStatusPvdrOpenInformBucketDetails" class="com.bcbssc.configuration.beans.InformBucketDetails">              
            <property name="informType" value="INFL" />
            <property name="corporateCode" value="1"/>
            <property name="companyCode" value="1"/>
            <property name="divisionCode" value="91"/>
            <property name="departmentCode" value="205"/>
            <property name="employeeId" value="CLIFEWEB"/>
            <property name="mqIndicator" value="MQ" />             
            <property name="eligCode" value="CL" />
            <property name="inquiryLocationCode" value="" />                        
            <property name="customerName" value="WEBPBD:ASKPROVIDERSERVICE" />             
        </bean>      
        
        <!--  End of Claim Status Inform data -->
    <!--  End of Claim Status Configurations  -->
        
    <!--  Eligibility Module Configurations -->    
    <bean id="clifeEligibilityConfiguration" class="com.bcbssc.configuration.beans.EligibilityModuleConfiguration">
        <property name="resourceBundleFileName" value="ClifeEligibilityResourceBundle"/>
        <property name="providerSearchEnabled" value="true"/>    
        <property name="allDentalBenefitsEnabled" value="false"/>
        <property name="hraEnabled" value="false"/>
        <property name="npiWarningType" value="Button"/>
        <property name="bxTransactionAllowed" value="false"/>
        <property name="authorizationAvailable" value="true"/>
        <property name="fepMessageDisplayed" value="false"/>
        <property name="dentalPlans">
            <ref bean="clifeDentalPlanList"/>
        </property>
        <property name="informData">
            <map>
                <entry>
                    <key>
                        <value>dental</value>
                    </key>
                    <ref bean="clifeDentalEligibilityInformData"/>
                </entry>
            </map>
        </property>
    </bean>     
    
    <bean id="clifeDentalEligibilityInformData" class="com.bcbssc.configuration.beans.InformData">

        <property name="informDetails">
            <ref bean="clifeDentalEligibilityInformDetails"/>
        </property>        
        <property name="loggedInformBucketDetails">
            <ref bean="clifeDentalEligibilityInformBucketDetails"/>                
        </property>      
        <property name="requestedInformBucketDetails">
                <ref bean="clifeDentalEligibilityInformBucketDetails"/>
        </property>
        <property name="transferredInformBucketDetails">
                <ref bean="clifeDentalEligibilityInformBucketDetails"/>
        </property>  
    </bean>  
        
    <bean id="clifeDentalEligibilityInformBucketDetails" class="com.bcbssc.configuration.beans.InformBucketDetails">             
        <property name="informType" value="INFL" />
        <property name="corporateCode" value="1" />
        <property name="companyCode" value="1" />
        <property name="divisionCode" value="91" />
        <property name="departmentCode" value="205" />
        <property name="employeeId" value="WEBMIM" />  
        <property name="statusCode" value="2" />
        <property name="clientName" value="MIM"/>
    </bean>      
    
    <bean id="clifeDentalEligibilityInformDetails" class="com.bcbssc.configuration.beans.InformDetails">
        <property name="correspName" value="WEBPBD"/>
    </bean>     
    
    <!--  Eligibility Configurations till here -->  
        
    <bean id="companionLifeDental" class="com.bcbssc.configuration.beans.ClientConfiguration">
        <property name="companyName" value="Companion Life Dental"/>
        <property name="rpnDetails">
            <ref bean="clifeRPNDetails"/>
        </property>
        
        <property name="statChatEnabled" value="false"/>        
        <property name="rcgrRulesEnabled" value="false"/>
        <property name="dentalEnabled" value="true"/>
        <property name="healthEnabled" value="false"/>
        <property name="lineItemEnabled" value="true"/>
        <property name="provMIMCredHelpEnabled" value="false"/>
        <property name="providerLogonPage" value="CLEP.Provider.Logon.jsp"/>
                         
        <property name="profileData">
            <map>
                <entry>
                    <key>
                        <value>member</value>
                    </key>
                    <ref bean="clifeMemberRegistrationProfile"/>
                </entry>
                <entry>
                    <key>
                        <value>provider</value>
                    </key>
                    <ref bean="clifeProviderRegistrationProfile"/>
                </entry>
                <entry>
                    <key>
                        <value>superuser</value>
                    </key>
                    <ref bean="clifeSuperUserRegistrationProfile"/>
                </entry>
            </map>
        </property>
        <property name="moduleConfigurations">
            <map>
                <entry>
                    <key>
                        <value>ohi</value>
                    </key>
                    <ref bean="clifeOHIConfiguration"/>
                </entry>
                <entry>
                    <key>
                        <value>idcard</value>
                    </key>
                    <ref bean="clifeIdcardConfiguration"/>
                </entry>
                <entry>
                    <key>
                        <value>claimstatus</value>
                    </key>
                    <ref bean="clifeClaimStatusConfiguration"/>
                </entry>

                <entry>
                    <key>
                        <value>eligibility</value>
                    </key>
                    <ref bean="clifeEligibilityConfiguration"/>
                </entry>
            </map>
        </property>
        <property name="dentalPlans">
            <ref bean="clifeDentalPlanList"/>
        </property>
        <property name="informData">
            <map>
                <entry>
                    <key>
                        <value>dental</value>
                    </key>
                    <ref bean="clifeInformData"/>
                </entry>
                <entry>
                    <key>
                        <value>providerRouting</value>
                    </key>
                    <ref bean="clifeProviderInformData"/>
                </entry>
                <entry>
                    <key>
                        <value>memberRegistration</value>
                    </key>
                    <ref bean="clifeMemberRegistrationInformData"/>                    
                </entry>
                <entry>
                    <key>
                        <value>providerRegistration</value>
                    </key>
                    <ref bean="clifeProviderRegistrationInformData"/>                    
                </entry>
                <entry>
                    <key>
                        <value>default</value>
                    </key>
                    <ref bean="clifeInformData"/>
                </entry>
            </map>
        </property>
        <property name="resourceBundleFileName" value="clifeResourceBundle"/>
    </bean>
</beans>
