<?xml version="1.0" encoding="UTF-8"?>
<!DOCTYPE beans PUBLIC "-//SPRING//DTD BEAN//EN" "http://www.springframework.org/dtd/spring-beans.dtd">
<beans>

    <bean id="defaultRPNDetails" class="com.bcbssc.configuration.beans.RPNDetails">
        <property name="baserpn" value="001"/>
        <property name="alternaterpn" value="001"/>
        <property name="ammsrpn" value="001"/>
        <property name="pimsrpn" value="001"/>
        <property name="selgrpn" value="001"/>
        <property name="tmcsrpn" value="001"/>
        <property name="rulesrpn" value="001"/>
        <property name="seinrpn" value="001"/>
        <property name="tmplrpn" value="001"/>
    </bean>

    <bean id="defaultMemberRegistrationProfile" class="com.bcbssc.configuration.beans.RegistrationProfile">
    </bean>

    <bean id="defaultProviderRegistrationProfile" class="com.bcbssc.configuration.beans.RegistrationProfile">
    </bean>

    <bean id="default" class="com.bcbssc.configuration.beans.ClientConfiguration">

        <property name="companyName" value="BCBS"/>
        <property name="providerLogonPage" value="BCBSSC.Logon.Provider.jsp"/>
        <property name="rpnDetails">
            <ref bean="defaultRPNDetails"/>
        </property>

        <property name="profileData">
            <map>
                <entry>
                    <key>
                        <value>member</value>
                    </key>
                    <ref bean="defaultMemberRegistrationProfile"/>
                </entry>
                <entry>
                    <key>
                        <value>provider</value>
                    </key>
                    <ref bean="defaultProviderRegistrationProfile"/>
                </entry>
            </map>
        </property>
        
        <property name="resourceBundleFileName" value="defaultResourceBundle"/>
    </bean>    
</beans>