<?xml version="1.0" encoding="UTF-8"?>
<!DOCTYPE beans PUBLIC "-//SPRING//DTD BEAN//EN" "http://www.springframework.org/dtd/spring-beans.dtd">
<beans>

    <!--  RPN Details for LSV -->
    <bean id="lsvRPNDetails" class="com.bcbssc.configuration.beans.RPNDetails">
        <property name="baserpn" value="001"/>
        <property name="alternaterpn" value="037"/>
        <property name="ammsrpn" value="001"/>
        <property name="pimsrpn" value="037"/>
        <property name="selgrpn" value="001"/>
        <property name="tmcsrpn" value="037"/>
        <property name="rulesrpn" value="037"/>
        <property name="seinrpn" value="001"/>
        <property name="tmplrpn" value="037"/>
    </bean>   

    <!-- LSV Member Registration Profile -->
    <bean id="lsvMemberRegistrationProfile" class="com.bcbssc.configuration.beans.RegistrationProfile">
        <property name="homePage" value="/im/lsvMemberIndex.html"/>
        <property name="homePageContent" value="/im/lsvMemberContent.jsp"/>
        <property name="loginPage" value="/LSV.Logon.html"/>
        <property name="loginPageContent" value="/lsvMemberLoginPageContent.jsp"/>
        <property name="legalAgreement" value="/LSV.Legal.jsp"/>
        <property name="faqPage" value=""/>
        <property name="passwordChangePage" value="/mdimChangePassword.jsp"/>
        <property name="passwordHelpPage" value="/mdimMemberPasswordHelp.jsp"/>
        <property name="challengePage" value="/mdimCheckSecurity.jsp"/>
        <property name="passwordSecurityPage" value=""/>
        <property name="createProfileBasicInformationPage" value="/mdimMemberCreateProfile.html"/>
        <property name="createProfilePage" value="/mdimMemberCreateProfile.jsp"/>
        <property name="createProfileConfirmationPage" value="/mdimMemberConfirmData.jsp"/>
        <property name="modifyProfilePage" value="/funct/mdimModifyProfile.jsp"/>
        <property name="modifyProfileConfirmationPage" value="/funct/mdimModifyProfileConfirm.jsp"/>
        <property name="profileExistsPage" value=""/>
        <property name="loginErrorPage" value="/mdimMemberSignon.jsp"/>
        <property name="contactUsPage" value="/lsvMemberContactUs.jsp"/>

        <property name="company" value="D3" />

        <property name="imagesData">
            <map>
                <entry key="headerleft" value="/images/mdim_mem_logo.gif"/>
                <entry key="sidebar" value="sidebar.gif"/>
                <entry key="idcard" value="/images/mdim_idcard.gif"/>
            </map>
        </property>
    </bean>

    <!-- LSV Provider Registration Profile -->
    <bean id="lsvProviderRegistrationProfile" class="com.bcbssc.configuration.beans.RegistrationProfile">
        <property name="loginPage" value="/LSV.Logon.Provider.html"/>
        <property name="loginPageContent" value="lsvProviderLoginPageContent.jsp"/>
        <property name="legalAgreement" value="/lsvProviderLegalAgreement.html"/>
        <property name="passwordHelpPage" value="/mdimProviderPasswordHelp.jsp"/>
        <property name="challengePage" value="/mdimCheckSecurity.jsp"/>
        <property name="createProfileBasicInformationPage" value="/mdimProviderTaxIDInformation.html"/>
        <property name="createProfilePage" value="/mdimProviderCreateProfile.jsp"/>
        <property name="createProfileConfirmationPage" value="/mdimProviderCreateProfileConfirm.jsp"/>
        <property name="contactUsPage" value="/lsvProviderContactUs.jsp"/>
        <property name="homePage" value="/im/lsvProviderIndex.html"/>
        <property name="dentalHomePageContent" value="/im/lsvProviderContent.html"/>          
        <property name="modifyProfilePage" value="/prov_funct/mdimProviderModifyProfile.jsp"/>
        <property name="modifyProfileConfirmationPage" value="/prov_funct/mdimProviderModifyProfileConfirm.jsp"/>
        <property name="passwordChangePage" value="/mdimChangePassword.jsp"/>
        <property name="passwordSecurityPage" value="/mdimCheckSecurity.jsp"/>
        <property name="profileExistsPage" value="lsvProviderprofileExistsPage.jsp"/>
        <property name="loginErrorPage" value="/mdimProviderSignon.jsp"/>

        <property name="company" value="7"/>

        <property name="imagesData">
            <map>
                <entry key="headerleft" value="images/mdim_provider_logo.gif"/>
                <entry key="sidebar" value="sidebar.gif"/>
                <entry key="idcard" value="idcard.gif"/>
            </map>
        </property>
    </bean>    

    <!-- LSV Super User Registration Profile -->
    <bean id="lsvSuperUserRegistrationProfile" class="com.bcbssc.configuration.beans.SuperUserRegistrationProfile">
        <property name="superUserCSRLoginPage" value="/LSV.Logon.SU.jsp"/>
        <property name="superUserMemberAuthPage" value="/mdim.SU.Authenticate.Member.jsp"/>
        <property name="superUserProviderAuthPage" value="/mdim.SU.Authenticate.Provider.jsp"/>
        <property name="superUserTrans" value="SUSM"/>
        <property name="imagesData">
            <map>
                <entry key="headerleft" value="/images/dental-info-super-user.jpg"/>
                <entry key="headerright" value="/images/spacer.gif"/>
                <entry key="idcard" value="/images/mdim_idcard.gif"/>
            </map>
        </property>
        <property name="superCsrInquiryTypes">
            <map>
                <entry key="Member" value="Member"/>
                <entry key="Provider" value="Provider"/>
            </map>
        </property>
    </bean>

    <!-- LSV Inform Details -->
    <bean id="lsvInformDetails" class="com.bcbssc.configuration.beans.InformDetails">
        <property name="mqFrom" value="WEBLSV" />
        <property name="correspName" value="WEBMDIM" />
    </bean>
        
    <!-- LSV Logged Inform Bucket Details -->
    <bean id="lsvLoggedInformBucketDetails" class="com.bcbssc.configuration.beans.InformBucketDetails">
        <property name="informType" value="INFP"/>
        <property name="corporateCode" value="1"/>
        <property name="companyCode" value="3"/>
        <property name="divisionCode" value="33"/>
        <property name="departmentCode" value="465FCL"/>
        <property name="employeeId" value="WEB10"/>       
        <property name="mqIndicator" value="MQ" />       
        <property name="eligCode" value="FCL"/>
    </bean>

    <!-- LSV Requested Inform Bucket Details -->
    <bean id="lsvRequestedInformBucketDetails" class="com.bcbssc.configuration.beans.InformBucketDetails">
        <property name="informType" value="INFO"/>
        <property name="corporateCode" value="1"/>
        <property name="companyCode" value="1"/>
        <property name="divisionCode" value="45"/>
        <property name="departmentCode" value="820"/>
        <property name="employeeId" value="TSCEHELP"/>
    </bean>
    
    
    <!-- LSV Logged Inform Bucket Details -->
    <bean id="lsvProviderLoggedInformBucketDetails" class="com.bcbssc.configuration.beans.InformBucketDetails">
        <property name="informType" value="INFP"/>
        <property name="corporateCode" value="1"/>
        <property name="companyCode" value="3"/>
        <property name="divisionCode" value="33"/>
        <property name="departmentCode" value="465FCL"/>
        <property name="employeeId" value="WEB10"/>       
        <property name="mqIndicator" value="MQ" />       
        <property name="eligCode" value="FCL"/>
        <property name="inquiryLocationCode" value=""/>
        <property name="clientName" value="WEBMDIM"/>
    </bean>

    <!-- LSV Requested Inform Bucket Details -->
    <bean id="lsvProviderRequestedInformBucketDetails" class="com.bcbssc.configuration.beans.InformBucketDetails">
        <property name="corporateCode" value="1"/>
        <property name="companyCode" value="3"/>
        <property name="divisionCode" value="33"/>
        <property name="departmentCode" value="465FCL"/>
        <property name="employeeId" value="WEB10"/>       
    </bean>    
    
    <!-- LSV Inform Data -->    
    <bean id="lsvInformData" class="com.bcbssc.configuration.beans.InformData">
        <property name="informDetails">
            <ref bean="lsvInformDetails"/>
        </property>        

        <property name="loggedInformBucketDetails">
            <ref bean="lsvLoggedInformBucketDetails"/>
        </property>        
        
        <property name="requestedInformBucketDetails">
            <ref bean="lsvRequestedInformBucketDetails"/>
        </property>    
        
        <property name="transferredInformBucketDetails">
            <ref bean="lsvLoggedInformBucketDetails"/>
        </property>            
    </bean>    
    
    <!-- LSV Inform Data -->    
    <bean id="lsvProviderInformData" class="com.bcbssc.configuration.beans.InformData">
        <property name="informDetails">
            <ref bean="lsvInformDetails"/>
        </property>        

        <property name="loggedInformBucketDetails">
            <ref bean="lsvProviderLoggedInformBucketDetails"/>
        </property>        
        
        <property name="requestedInformBucketDetails">
            <ref bean="lsvProviderRequestedInformBucketDetails"/>
        </property>    
        
        <property name="transferredInformBucketDetails">
            <ref bean="lsvProviderLoggedInformBucketDetails"/>
        </property>            
    </bean>        
    
    <!-- LSV Inform Data -->    
    
    <bean id="lsvClaimStatusMembrClosedInformBucketDetails" class="com.bcbssc.configuration.beans.InformBucketDetails">
        <property name="informType" value="INFP"/>
        <property name="corporateCode" value="1"/>
        <property name="companyCode" value="3"/>
        <property name="divisionCode" value="33"/>
        <property name="departmentCode" value="465FCL"/>
        <property name="employeeId" value="WEB10"/>       
        <property name="mqIndicator" value="MQ" />       
        <property name="eligCode" value="FCL"/>       
        <property name="inquiryLocationCode" value="" />                   
        <property name="customerName" value="WEBMDIM: CLAIM STATUS"/>                          
    </bean>    
    
    <bean id="lsvClaimStatusPvdrClosedInformBucketDetails" class="com.bcbssc.configuration.beans.InformBucketDetails">
        <property name="informType" value="INFP"/>
        <property name="corporateCode" value="1"/>
        <property name="companyCode" value="3"/>
        <property name="divisionCode" value="33"/>
        <property name="departmentCode" value="465FCL"/>
        <property name="employeeId" value="WEB10"/>       
        <property name="mqIndicator" value="MQ" />       
        <property name="eligCode" value="FCL"/>   
        <property name="inquiryLocationCode" value="" />           
        <property name="customerName" value="WEBMDIM: CLAIM STATUS"/>                          
    </bean>    
    
    <bean id="lsvPreTreatStatusMembrClosedInformBucketDetails" class="com.bcbssc.configuration.beans.InformBucketDetails">
        <property name="informType" value="INFP"/>
        <property name="corporateCode" value="1"/>
        <property name="companyCode" value="3"/>
        <property name="divisionCode" value="33"/>
        <property name="departmentCode" value="465FCL"/>
        <property name="employeeId" value="WEB10"/>       
        <property name="mqIndicator" value="MQ" />       
        <property name="eligCode" value="FCL"/>       
        <property name="inquiryLocationCode" value="" />                   
        <property name="customerName" value="WEBMDIM:MEMBERPRETREATSTATUS"/>                          
    </bean>    
    
    <bean id="lsvPreTreatStatusPvdrClosedInformBucketDetails" class="com.bcbssc.configuration.beans.InformBucketDetails">
        <property name="informType" value="INFP"/>
        <property name="corporateCode" value="1"/>
        <property name="companyCode" value="3"/>
        <property name="divisionCode" value="33"/>
        <property name="departmentCode" value="465FCL"/>
        <property name="employeeId" value="WEB10"/>       
        <property name="mqIndicator" value="MQ" />       
        <property name="eligCode" value="FCL"/>   
        <property name="inquiryLocationCode" value="" />           
        <property name="customerName" value="WEBMDIM:PRETREATSTATUS"/>                          
    </bean>    
    
    <bean id="lsvClaimStatusMembrClosedInformData" class="com.bcbssc.configuration.beans.InformData">
        <property name="informDetails">
            <ref bean="lsvInformDetails"/>
        </property>        
        <property name="loggedInformBucketDetails">
            <ref bean="lsvClaimStatusMembrClosedInformBucketDetails"/>
        </property>               
        <property name="requestedInformBucketDetails">
            <ref bean="lsvClaimStatusMembrClosedInformBucketDetails"/>
        </property>            
        <property name="transferredInformBucketDetails">
            <ref bean="lsvClaimStatusMembrClosedInformBucketDetails"/>
        </property>            
    </bean>    

    <bean id="lsvClaimStatusPvdrClosedInformData" class="com.bcbssc.configuration.beans.InformData">
        <property name="informDetails">
            <ref bean="lsvInformDetails"/>
        </property>        
        <property name="loggedInformBucketDetails">
            <ref bean="lsvClaimStatusPvdrClosedInformBucketDetails"/>
        </property>               
        <property name="requestedInformBucketDetails">
            <ref bean="lsvClaimStatusPvdrClosedInformBucketDetails"/>
        </property>            
        <property name="transferredInformBucketDetails">
            <ref bean="lsvClaimStatusPvdrClosedInformBucketDetails"/>
        </property>            
    </bean>    
    
    <bean id="lsvPreTreatStatusMembrClosedInformData" class="com.bcbssc.configuration.beans.InformData">
        <property name="informDetails">
            <ref bean="lsvInformDetails"/>
        </property>        
        <property name="loggedInformBucketDetails">
            <ref bean="lsvPreTreatStatusMembrClosedInformBucketDetails"/>
        </property>               
        <property name="requestedInformBucketDetails">
            <ref bean="lsvPreTreatStatusMembrClosedInformBucketDetails"/>
        </property>            
        <property name="transferredInformBucketDetails">
            <ref bean="lsvPreTreatStatusMembrClosedInformBucketDetails"/>
        </property>            
    </bean>    

    <bean id="lsvPreTreatStatusPvdrClosedInformData" class="com.bcbssc.configuration.beans.InformData">
        <property name="informDetails">
            <ref bean="lsvInformDetails"/>
        </property>        
        <property name="loggedInformBucketDetails">
            <ref bean="lsvPreTreatStatusPvdrClosedInformBucketDetails"/>
        </property>               
        <property name="requestedInformBucketDetails">
            <ref bean="lsvPreTreatStatusPvdrClosedInformBucketDetails"/>
        </property>            
        <property name="transferredInformBucketDetails">
            <ref bean="lsvPreTreatStatusPvdrClosedInformBucketDetails"/>
        </property>            
    </bean>    
    
    
    
    <!--  member registration inform configuration -->
    
    <!-- Inform Details -->
    <bean id="lsvMemberRegistrationInformDetails" class="com.bcbssc.configuration.beans.InformDetails">
        <property name="mqFrom" value="WEBLSV" />
        <property name="correspName" value="WEBMDIM: " />
        <property name="requestReason" value="X8" />
    </bean>
        
    <!-- Logged Inform Bucket Details -->
    <bean id="lsvMemberRegistrationLoggedInformBucketDetails" class="com.bcbssc.configuration.beans.InformBucketDetails">
        <property name="informType" value="INFP"/>
        <property name="corporateCode" value="1"/>
        <property name="companyCode" value="3"/>
        <property name="divisionCode" value="33"/>
        <property name="departmentCode" value="465FCL"/>
        <property name="employeeId" value="WEB10"/>       
        <property name="eligCode" value="FCL"/>
    </bean>

    <!-- Inform Data -->    
    <bean id="lsvMemberRegistrationInformData" class="com.bcbssc.configuration.beans.InformData">
        <property name="informDetails">
            <ref bean="lsvMemberRegistrationInformDetails"/>
        </property>        

        <property name="loggedInformBucketDetails">
            <ref bean="lsvMemberRegistrationLoggedInformBucketDetails"/>
        </property>        
        
        <property name="requestedInformBucketDetails">
            <ref bean="lsvMemberRegistrationLoggedInformBucketDetails"/>
        </property>    
        
        <property name="transferredInformBucketDetails">
            <ref bean="lsvMemberRegistrationLoggedInformBucketDetails"/>
        </property>            
    </bean>     
    <!--  member registration inform configuration till here -->
    
    <!-- Provider Registration Inform Configuration begins-->  
    
    <!-- Inform Details -->
    <bean id="lsvProviderRegistrationInformDetails" class="com.bcbssc.configuration.beans.InformDetails">
        <property name="mqFrom" value="WEBMDIM" />
        <property name="correspName" value="WEBMDIM: PROVIDERAUTHENTICATE" />
        <property name="requestReason" value="X8" />
    </bean>
        
    <!-- Logged Inform Bucket Details -->
    <bean id="lsvProviderRegistrationLoggedInformBucketDetails" class="com.bcbssc.configuration.beans.InformBucketDetails">
        <property name="informType" value="INFP"/>
        <property name="corporateCode" value="1"/>
        <property name="companyCode" value="3"/>
        <property name="divisionCode" value="33"/>
        <property name="departmentCode" value="465FCL"/>
        <property name="employeeId" value="WEB10"/> 
        <property name="statusCode" value="1" /> 
        <property name="eligCode" value="FCL"/>
    </bean>

   
    <!-- Inform Data -->   
    <bean id="lsvProviderRegistrationInformData" class="com.bcbssc.configuration.beans.InformData">
        <property name="informDetails">
            <ref bean="lsvProviderRegistrationInformDetails"/>
        </property>        

        <property name="loggedInformBucketDetails">
            <ref bean="lsvProviderRegistrationLoggedInformBucketDetails"/>
        </property>        

        <property name="requestedInformBucketDetails">
            <ref bean="lsvProviderRegistrationLoggedInformBucketDetails"/>
        </property>    

        <property name="transferredInformBucketDetails">
            <ref bean="lsvProviderRegistrationLoggedInformBucketDetails"/>
        </property>            
    </bean>     
    <!--  provider registration inform configuration ends -->

    <!-- Technical Help Inform Configuration begins-->  
    
    <!-- Inform Details -->
    <bean id="lsvTechnicalHelpInformDetails" class="com.bcbssc.configuration.beans.InformDetails">
        <property name="mqFrom" value="WEBMDIM" />
        <property name="correspName" value="LSVWEBHELP" />
        <property name="requestReason" value="WEBBC" />
    </bean>
        
    <!-- Logged Inform Bucket Details -->
    <bean id="lsvTechnicalHelpLoggedInformBucketDetails" class="com.bcbssc.configuration.beans.InformBucketDetails">
        <property name="informType" value="INFO"/>
        <property name="corporateCode" value="1"/>
        <property name="companyCode" value="1"/>
        <property name="divisionCode" value="45"/>
        <property name="departmentCode" value="820"/>
        <property name="employeeId" value="TSCEHELP"/> 
        <property name="statusCode" value="OP" /> 
    </bean>

   
    <!-- Inform Data -->   
    <bean id="lsvTechnicalHelpInformData" class="com.bcbssc.configuration.beans.InformData">
        <property name="informDetails">
            <ref bean="lsvTechnicalHelpInformDetails"/>
        </property>        

        <property name="loggedInformBucketDetails">
            <ref bean="lsvTechnicalHelpLoggedInformBucketDetails"/>
        </property>        

        <property name="requestedInformBucketDetails">
            <ref bean="lsvTechnicalHelpLoggedInformBucketDetails"/>
        </property>    

        <property name="transferredInformBucketDetails">
            <ref bean="lsvTechnicalHelpLoggedInformBucketDetails"/>
        </property>            
    </bean>     
    <!--  Technical Help Inform configuration ends -->

    <!-- LSV dental plans configuration -->
    <bean id="lsvDentalPlanList" class="com.bcbssc.configuration.beans.PlanList">
        
        <property name="plans">
            <list>
                <ref bean="fclDentalPlan"/>
            </list>
        </property>
        
        <property name="valueField" value="value"/>
        <property name="selectedIndex" value="1"/>
        <property name="displayDropDown" value="true"/>
    </bean>
    
    <!-- LSV OHI Module configurations -->
    <!-- LSV OHI Plans configuration -->
   <bean id="lsvOHIDentalPlanList" class="com.bcbssc.configuration.beans.PlanList">
        
        <property name="plans">
            <list>
                <ref bean="pleaseChoosePlan"/>
                <ref bean="fclDentalPlan"/>
            </list>
        </property>
        
        <property name="valueField" value="company"/>
        <property name="selectedIndex" value="1"/>
        <property name="displayDropDown" value="true"/>
    </bean>
    
    <!-- LSV OHI Module configuration -->
    <bean id="lsvOHIConfiguration" class="com.bcbssc.configuration.beans.OHIModuleConfiguration">
        <property name="resourceBundleFileName" value="OHIResourceBundle_fcl"/>
        <property name="dentalPlans">
            <ref bean="lsvOHIDentalPlanList"/>
        </property>
    </bean>
    <!-- LSV OHI Module configurations till here -->
    
    <!--  Start of Claim Status Module Configurations -->
    <bean id="lsvClaimStatusConfiguration" class="com.bcbssc.configuration.beans.ClaimStatusModuleConfiguration">
        <property name="resourceBundleFileName" value="defaultResourceBundle"/>
        <property name="dentalACSPage" value="/lsvMemberContactUs.jsp"/>        
        <property name="dentalAPSPage" value="/lsvProviderContactUs.jsp"/>                        
        <property name="dentalPlans">
            <ref bean="lsvDentalPlanList"/>
        </property>
        <property name="informData">
            <map>
                <entry>
                    <key>
                        <value>dentalClosed</value>
                    </key>
                    <ref bean="lsvClaimStatusMembrClosedInformData"/>
                </entry>
                <entry>
                    <key>
                        <value>providerDentalClosed</value>
                    </key>
                    <ref bean="lsvClaimStatusPvdrClosedInformData"/>
                </entry>
                <entry>
                    <key>
                        <value>dentalPreTreatmentClosed</value>
                    </key>
                    <ref bean="lsvPreTreatStatusMembrClosedInformData"/>
                </entry>
                <entry>
                    <key>
                        <value>providerDentalPreTreatmentClosed</value>
                    </key>
                    <ref bean="lsvPreTreatStatusPvdrClosedInformData"/>
                </entry>
                <entry>
                    <key>
                        <value>default</value>
                    </key>
                    <ref bean="lsvInformData"/>
                </entry>
            </map>
        </property>                
    </bean>
        
    <!--  End of Claim Status Inform data -->
    <!--  End of Claim Status Configurations  -->
        
    <!--  Eligibility Module Configurations -->    
    <bean id="lsvEligibilityConfiguration" class="com.bcbssc.configuration.beans.EligibilityModuleConfiguration">
        <property name="resourceBundleFileName" value="LsvEligibilityResourceBundle"/>
        <property name="providerSearchEnabled" value="true"/>    
        <property name="allDentalBenefitsEnabled" value="true"/>
        <property name="hraEnabled" value="false"/>
        <property name="npiWarningType" value="PopUp"/>
        <property name="bxTransactionAllowed" value="true"/>
        <property name="authorizationAvailable" value="true"/>
        <property name="fepMessageDisplayed" value="true"/>
        <property name="callTMDC" value="false"/>
        <property name="dentalPlans">
            <ref bean="lsvDentalPlanList"/>
        </property>
        <property name="informData">
            <map>
                <entry>
                    <key>
                        <value>dental</value>
                    </key>
                    <ref bean="lsvDentalEligibilityInformData"/>
                </entry>
            </map>
        </property>
    </bean>
    
    <bean id="lsvDentalEligibilityInformDetails" class="com.bcbssc.configuration.beans.InformDetails">
        <property name="correspName" value="WEBMDIM"/>
    </bean>
    
    <bean id="lsvDentalEligibilityInformData" class="com.bcbssc.configuration.beans.InformData">

        <property name="informDetails">
            <ref bean="lsvDentalEligibilityInformDetails"/>
        </property>        
        <property name="loggedInformBucketDetails">
            <ref bean="lsvDentalEligibilityInformBucketDetails"/>
        </property>      
        <property name="requestedInformBucketDetails">
                <ref bean="lsvDentalEligibilityInformBucketDetails"/>
        </property>
        <property name="transferredInformBucketDetails">
                <ref bean="lsvDentalEligibilityInformBucketDetails"/>
        </property>  
    </bean>  

    <bean id="lsvDentalEligibilityInformBucketDetails" class="com.bcbssc.configuration.beans.InformBucketDetails">             
        <property name="informType" value="INFP" />
        <property name="corporateCode" value="1" />
        <property name="companyCode" value="3" />
        <property name="divisionCode" value="33" />
        <property name="departmentCode" value="465FCL" />
        <property name="employeeId" value="WEB10" />             
        <property name="statusCode" value="1" /> 
        <property name="clientName" value="MIM"/>      
    </bean> 
    
    <!--  Eligibility Configurations till here -->         
        
    <bean id="floridaCombinedLife" class="com.bcbssc.configuration.beans.ClientConfiguration">

        <property name="companyName" value="FCL"/>

        <property name="rpnDetails">
            <ref bean="lsvRPNDetails"/>
        </property>
        
        <property name="statChatEnabled" value="false"/>
        <property name="rcgrRulesEnabled" value="false"/>
        <property name="dentalEnabled" value="true"/>
        <property name="healthEnabled" value="false"/>
        <property name="lineItemEnabled" value="true"/>        
        <property name="provMIMCredHelpEnabled" value="false"/>
        <property name="providerLogonPage" value="LSV.Logon.Provider.jsp"/>
        
        <property name="profileData">
            <map>
                <entry>
                    <key>
                        <value>member</value>
                    </key>
                    <ref bean="lsvMemberRegistrationProfile"/>
                </entry>
                <entry>
                    <key>
                        <value>provider</value>
                    </key>
                    <ref bean="lsvProviderRegistrationProfile"/>
                </entry>
                <entry>
                    <key>
                        <value>superuser</value>
                    </key>
                    <ref bean="lsvSuperUserRegistrationProfile"/>
                </entry>
            </map>
        </property>
        
        <property name="moduleConfigurations">
            <map>
                <entry>
                    <key>
                        <value>ohi</value>
                    </key>
                    <ref bean="lsvOHIConfiguration"/>
                </entry>
                <entry>
                    <key>
                        <value>claimstatus</value>
                    </key>
                    <ref bean="lsvClaimStatusConfiguration"/>
                </entry>
                <entry>
                    <key>
                        <value>eligibility</value>
                    </key>
                    <ref bean="lsvEligibilityConfiguration"/>
                </entry>              
            </map>           
        </property>

        <property name="dentalPlans">
            <ref bean="lsvDentalPlanList"/>
        </property>

        <property name="informData">
            <map>
                <entry>
                    <key>
                        <value>dental</value>
                    </key>
                    <ref bean="lsvInformData"/>
                </entry>
                <entry>
                    <key>
                        <value>memberRegistration</value>
                    </key>
                    <ref bean="lsvMemberRegistrationInformData"/>                    
                </entry>
                <entry>
                    <key>
                        <value>providerRegistration</value>
                    </key>
                    <ref bean="lsvProviderRegistrationInformData"/>                    
                </entry>
                <entry>
                    <key>
                        <value>technicalHelp</value>
                    </key>
                    <ref bean="lsvTechnicalHelpInformData"/>                    
                </entry>
                <entry>
                    <key>
                        <value>providerRouting</value>
                    </key>
                    <ref bean="lsvProviderInformData"/>
                </entry>
                <entry>
                    <key>
                        <value>default</value>
                    </key>
                    <ref bean="lsvInformData"/>
                </entry>
            </map>
        </property>

        <property name="resourceBundleFileName" value="lsvResourceBundle"/>
    </bean>
</beans>