<?xml version="1.0" encoding="UTF-8"?>
<!DOCTYPE beans PUBLIC "-//SPRING//DTD BEAN//EN" "http://www.springframework.org/dtd/spring-beans.dtd">
<beans>
    <bean id="globalSettings" class="com.bcbssc.configuration.beans.GlobalConfiguration">
        <property name="iniMappings">
			<map>
                <entry>
                    <key>
                        <value>ohi</value>
                    </key>
                    <value>/ini/pbotherhealthins_config.ini</value>
                </entry>
                <entry>
                    <key>
                        <value>eligibility</value>
                    </key>
                    <value>/ini/pbelig_config.ini</value>
                </entry>
                <entry>
                    <key>
                        <value>common</value>
                    </key>
                    <value>/ini/pbcommon_config.ini</value>
                </entry>
                <entry>
                    <key>
                        <value>blueCrossBlueShield</value>
                    </key>
                    <value>/ini/bcbssc_config.ini</value>
                </entry>
                <entry>
                    <key>
                        <value>idcard</value>
                    </key>
                    <value>/ini/pbidcard_config.ini</value>
                </entry>
                <entry>
                    <key>
                        <value>claimstatus</value>
                    </key>
                    <value>/ini/pbstatus_config.ini</value>
                </entry>
            </map>        
        </property>
    </bean>
</beans>