<?xml version="1.0" encoding="UTF-8"?>
<!DOCTYPE beans PUBLIC "-//SPRING//DTD BEAN//EN" "http://www.springframework.org/dtd/spring-beans.dtd">
<beans>
    
    <!--  RPN Details for health net -->
    <bean id="healthNetRPNDetails" class="com.bcbssc.configuration.beans.RPNDetails">
        <property name="baserpn" value="103"/>
        <property name="alternaterpn" value="103"/>
        <property name="ammsrpn" value="103"/>
        <property name="pimsrpn" value="103"/>
        <property name="selgrpn" value="103"/>
        <property name="tmcsrpn" value="103"/>
        <property name="rulesrpn" value="103"/>
        <property name="seinrpn" value="103"/>
        <property name="tmplrpn" value="103"/>
    </bean>
    
    <!-- Member registration profile for healthnet -->
    <bean id="healthNetMemberRegistrationProfile" class="com.bcbssc.configuration.beans.RegistrationProfile">
        <property name="homePage" value="/im/mhimMemberIndex.jsp"/>
        <property name="homePageContent" value="/im/healthnet/memberContent.jsp"/>
        <property name="loginPage" value="/HealthNet.Logon.html"/>
        <property name="loginPageContent" value="/healthNetMemberLoginPageContent.jsp"/>
        <property name="legalAgreement" value="/healthNetMemberLegalAgreement.html"/>
        <property name="faqPage" value=""/>
        <property name="passwordChangePage" value="/mhimChangePassword.jsp"/>
        <property name="passwordHelpPage" value="/mhimMemberPasswordHelp.jsp"/>
        <property name="challengePage" value="/mhimCheckSecurity.jsp"/>
        <property name="passwordSecurityPage" value=""/>
        <property name="createProfileBasicInformationPage" value="/mhimMemberAuthenticateInfo.jsp"/>
        <property name="createProfilePage" value="/healthNetMemberCreateProfile.jsp"/>
        <property name="createProfileConfirmationPage" value="/mhimMemberConfirmData.jsp"/>
        <property name="modifyProfilePage" value="/funct/healthNetModifyProfile.jsp"/>
        <property name="modifyProfileConfirmationPage" value="/funct/healthNetModifyProfileConfirm.jsp"/>
        <property name="profileExistsPage" value="/mhimMemberProfileExists.jsp"/>
        <property name="profileChangedPage" value="/mhimProfileChanged.jsp"/>
        <property name="profileNotFoundPage" value="/mhimProfileNotFound.jsp"/>
        <property name="loginErrorPage" value="/mhimMemberSignon.jsp"/>
        <property name="contactUsPage" value="/funct/AskCustomerService.jsp"/>        
        <property name="company" value="0" />

        <property name="imagesData">
            <map>
                <entry key="headerleft" value="/images/mhn_memb_logosm.gif"/>
                <entry key="headerright" value="/images/logo_healthnet.gif"/>
                <entry key="sidebar" value="sidebar.gif"/>
                <entry key="idcard" value="/images/healthcard.gif"/>
            </map>
        </property>
    </bean>

    <!-- Provider registration profile for healthnet -->
    <bean id="healthNetProviderRegistrationProfile" class="com.bcbssc.configuration.beans.RegistrationProfile">
        <property name="loginPage" value="/HealthNet.Logon.Provider.html"/>
        <property name="loginPageContent" value="/healthNetProviderLoginPageContent.jsp"/>
        <property name="legalAgreement" value="/healthNetProviderLegalAgreement.html"/>
        <property name="passwordHelpPage" value="/mhimProviderPasswordHelp.jsp"/>
        <property name="challengePage" value="/mhimCheckSecurity.jsp"/>
        <property name="createProfileBasicInformationPage" value="/mhimProviderTaxIDInformation.html"/>
        <property name="createProfilePage" value="/mhimProviderCreateProfile.jsp"/>
        <property name="createProfileConfirmationPage" value="/mhimProviderCreateProfileConfirm.jsp"/>
        <property name="homePage" value="/im/mhimProviderIndex.jsp"/>
        <property name="homePageContent" value="/im/healthnet/providerContent.jsp"/>
        <property name="modifyProfilePage" value="/prov_funct/healthnetProviderModifyProfile.jsp"/>
        <property name="modifyProfileConfirmationPage" value="/prov_funct/healthnetProviderModifyProfileConfirm.jsp"/>
        <property name="profileChangedPage" value="/mhimProfileChanged.jsp"/>
        <property name="passwordChangePage" value="/mhimChangePassword.jsp"/>
        <property name="passwordSecurityPage" value="/healthNetProviderPassSecurityPage.jsp"/>
        <property name="profileExistsPage" value="/healthNetProviderprofileExistsPage.jsp"/>
        <property name="loginErrorPage" value="/mhimProviderSignon.jsp"/>
        <property name="contactUsPage" value="/prov_funct/AskProviderServices.jsp"/>
        <property name="company" value="9"/>

        <property name="imagesData">
            <map>
                <entry key="headerleft" value="/images/mhn_prov_logosm.gif"/>
                <entry key="headerright" value="/images/logo_healthnet.gif"/>
                <entry key="sidebar" value="sidebar.gif"/>
                <entry key="idcard" value="idcard.gif"/>
            </map>
        </property>
    </bean>    

    <!-- Superuser registration profile for healthnet -->
    <bean id="healthNetSuperUserRegistrationProfile" class="com.bcbssc.configuration.beans.SuperUserRegistrationProfile">
        <property name="superUserCSRLoginPage" value="/HealthNet.SuperUser.Logon.jsp"/>
        <!-- No Super user Help Desk for HealthNet -->
        <property name="superUserMemberAuthPage" value="/mhim.SU.Authenticate.Member.jsp"/>
        <property name="superUserProviderAuthPage" value="/mhim.SU.Authenticate.Provider.jsp"/>
        <property name="superUserBeneCordAuthPage" value="/benefitscoordinator_open/do/superUserValidated"/>
        <property name="superUserTrans" value="SUCR"/>
        <property name="helpDeskTrans" value="SUHD"/>
        <property name="imagesData">
            <map>
                <entry key="headerleft" value="/images/hn_mgr_logo.gif"/>
                <entry key="headerright" value="/images/spacer.gif"/>
                <entry key="idcard" value="/images/healthcard.gif"/>
            </map>
        </property>
        <property name="superCsrInquiryTypes">
            <map>
                <entry key="Member" value="Member"/>
                <entry key="Provider" value="Provider"/>
            </map>
        </property>
    </bean>
    
    
    <!--  HealthNet Provider routing inform details -->
    <bean id="healthNetProviderInformData" class="com.bcbssc.configuration.beans.InformData">
        <property name="informDetails">
            <ref bean="healthNetInformDetails"/>
        </property>
        <property name="loggedInformBucketDetails">
            <ref bean="healthNetProviderLoggedInformBucketDetails"/>
        </property>
        <property name="requestedInformBucketDetails">
            <ref bean="healthNetProviderRequestedInformBucketDetails"/>
        </property>
        <property name="transferredInformBucketDetails">
            <ref bean="healthNetProviderLoggedInformBucketDetails"/>
        </property>
    </bean>
    <!-- HealthNet Provider routing inform details End -->    
    
    <!-- HealthNet Inform Details -->
    <bean id="healthNetInformDetails" class="com.bcbssc.configuration.beans.InformDetails">
        <property name="mqFrom" value="WEBPB" />
        <property name="correspName" value="WEBMHN" />
    </bean>
        
    <!-- HealthNet Logged Inform Bucket Details -->
    <bean id="healthNetLoggedInformBucketDetails" class="com.bcbssc.configuration.beans.InformBucketDetails">
        <property name="informType" value="INMC"/>
        <property name="corporateCode" value="1"/>
        <property name="companyCode" value="3"/>
        <property name="divisionCode" value="44"/>
        <property name="departmentCode" value="916"/>
        <property name="employeeId" value="WEB01"/>       
        <property name="inquiryLocationCode" value="PRV"/>
        <property name="clientName" value="MHN"/>        
    </bean>

    <!-- HealthNet Requested Inform Bucket Details -->
    <bean id="healthNetProviderLoggedInformBucketDetails" class="com.bcbssc.configuration.beans.InformBucketDetails">
        <property name="informType" value="INMC"/>
        <property name="corporateCode" value="1"/>
        <property name="companyCode" value="103"/>
        <property name="divisionCode" value="66"/>
        <property name="departmentCode" value="WEB"/>
        <property name="employeeId" value="WEB"/>       
        <property name="inquiryLocationCode" value="PRV"/>
        <property name="clientName" value="MHN"/>                
    </bean>
    
    <bean id="healthNetProviderRequestedInformBucketDetails" class="com.bcbssc.configuration.beans.InformBucketDetails">
        <property name="corporateCode" value="1"/>
        <property name="companyCode" value="3"/>
        <property name="divisionCode" value="44"/>
        <property name="departmentCode" value="916"/>
        <property name="employeeId" value="WEB01"/>       
    </bean>
    
    
    
    <!-- HealthNet Logged Inform Bucket Details -->
    <bean id="healthNetMemberLoggedInformBucketDetails" class="com.bcbssc.configuration.beans.InformBucketDetails">
        <property name="informType" value="INMC"/>
        <property name="corporateCode" value="1"/>
        <property name="companyCode" value="3"/>
        <property name="divisionCode" value="44"/>
        <property name="departmentCode" value="916"/>
        <property name="employeeId" value="WEB01"/>       
        <property name="inquiryLocationCode" value="MEM"/>
        <property name="clientName" value="MHN"/>        
    </bean>    

    <!-- HealthNet Requested Inform Bucket Details -->
    <bean id="healthNetRequestedInformBucketDetails" class="com.bcbssc.configuration.beans.InformBucketDetails">
        <property name="informType" value="INMC"/>
        <property name="corporateCode" value="1"/>
        <property name="companyCode" value="103"/>
        <property name="divisionCode" value="66"/>
        <property name="departmentCode" value="WEB"/>
        <property name="employeeId" value="WEB"/>       
    </bean>
       
    <!-- HealthNet Inform Data -->    
    <bean id="healthNetInformData" class="com.bcbssc.configuration.beans.InformData">
        <property name="informDetails">
            <ref bean="healthNetInformDetails"/>
        </property>        

        <property name="loggedInformBucketDetails">
            <ref bean="healthNetLoggedInformBucketDetails"/>
        </property>        
        
        <property name="requestedInformBucketDetails">
            <ref bean="healthNetRequestedInformBucketDetails"/>
        </property>    
        
        <property name="transferredInformBucketDetails">
            <ref bean="healthNetLoggedInformBucketDetails"/>
        </property>            
    </bean>   

    <!-- HealthNet Inform Data -->    
    <bean id="healthNetMemberInformData" class="com.bcbssc.configuration.beans.InformData">
        <property name="informDetails">
            <ref bean="healthNetInformDetails"/>
        </property>        

        <property name="loggedInformBucketDetails">
            <ref bean="healthNetMemberLoggedInformBucketDetails"/>
        </property>        
        
        <property name="requestedInformBucketDetails">
            <ref bean="healthNetRequestedInformBucketDetails"/>
        </property>    
        
        <property name="transferredInformBucketDetails">
            <ref bean="healthNetMemberLoggedInformBucketDetails"/>
        </property>            
    </bean>   
     
    <!--  Super User Configurations -->
        <!--  Health Plans Configuration for Super userI Module Need to show only 2 drop downs -->
        <bean id="healthNetSuperUserPlanList" class="com.bcbssc.configuration.beans.PlanList">
            <property name="plans">
                <list>
                    <ref bean="pleaseChoosePlan"/>
                    <ref bean="healthNetPlan"/>
                </list>
            </property>
            <property name="valueField" value="company"/>
            <property name="selectedIndex" value="1"/>
            <property name="displayDropDown" value="true"/>
        </bean>

    <!--  Plans Configuration for healthnet -->
    <bean id="healthNetPlanList" class="com.bcbssc.configuration.beans.PlanList">
        
        <property name="plans">
            <list>
                <ref bean="pleaseChoosePlan"/>
                <ref bean="healthNetPlan"/>
            </list>
        </property>
        
        <property name="valueField" value="value"/>
        <property name="selectedIndex" value="1"/>
        <property name="displayDropDown" value="true"/>
    </bean>

    <!--  member registration inform configuration -->
    
    <!-- Inform Details -->
    <bean id="healthNetMemberRegistrationInformDetails" class="com.bcbssc.configuration.beans.InformDetails">
        <property name="mqFrom" value="WEB" />
        <property name="correspName" value="WEBMHN: " />
        <property name="requestReason" value="ZA" />
    </bean>
        
    <!-- Logged Inform Bucket Details -->
    <bean id="healthNetMemberRegistrationLoggedInformBucketDetails" class="com.bcbssc.configuration.beans.InformBucketDetails">
        <property name="informType" value="INMC"/>
        <property name="companyCode" value="103"/>
        <property name="divisionCode" value="66"/>
        <property name="inquiryLocationCode" value="MEM"/>
        <property name="departmentCode" value="WEB"/>
        <property name="employeeId" value="WEB"/>       
        <property name="eligCode" value="BC"/>
    </bean>

    <!-- Inform Data -->    
    <bean id="healthNetMemberRegistrationInformData" class="com.bcbssc.configuration.beans.InformData">
        <property name="informDetails">
            <ref bean="healthNetMemberRegistrationInformDetails"/>
        </property>        

        <property name="loggedInformBucketDetails">
            <ref bean="healthNetMemberRegistrationLoggedInformBucketDetails"/>
        </property>        
        
        <property name="requestedInformBucketDetails">
            <ref bean="healthNetMemberRegistrationLoggedInformBucketDetails"/>
        </property>    
        
        <property name="transferredInformBucketDetails">
            <ref bean="healthNetMemberRegistrationLoggedInformBucketDetails"/>
        </property>            
    </bean>     
    
    <!--  member registration inform configuration till here -->

    <!--  OHI Module Configurations -->    
    <!--  Plans Configuration for OHI Module -->
    <bean id="healthNetOHIPlanList" class="com.bcbssc.configuration.beans.PlanList">
        
        <property name="plans">
            <list>
                <ref bean="pleaseChoosePlan"/>
                <ref bean="healthNetPlan"/>
            </list>
        </property>
        
        <property name="valueField" value="company"/>
        <property name="selectedIndex" value="1"/>
        <property name="displayDropDown" value="true"/>
    </bean>
    
    <!--  OHI Module Configuration -->
    <bean id="healthNetOHIConfiguration" class="com.bcbssc.configuration.beans.OHIModuleConfiguration">
        
        <property name="resourceBundleFileName" value="OHIResourceBundle_healthnet"/>
        
        <property name="healthPlans">
            <ref bean="healthNetOHIPlanList"/>
        </property>
    </bean>
    <!--  OHI Configurations till here -->

    <!--  Claim entry Module Configurations -->    
    <!--  Plans Configuration for Claim entry Module -->
    <bean id="healthNetClaimEntryPlanList" class="com.bcbssc.configuration.beans.PlanList">
        
        <property name="plans">
            <list>
                <ref bean="pleaseChoosePlan"/>
                <ref bean="healthNetPlan"/>
            </list>
        </property>
        
        <property name="valueField" value="payorCode"/>
        <property name="selectedIndex" value="1"/>
        <property name="displayDropDown" value="true"/>
    </bean>

    <!--  Claim entry Module Configuration -->
    <bean id="healthNetClaimEntryConfiguration" class="com.bcbssc.configuration.beans.ClaimEntryModuleConfiguration">
        <property name="resourceBundleFileName" value="healthNetClaimEntryResourceBundle"/>
        <property name="superbillEnabled" value="false"/> 
        <property name="healthClaimEntryWelcomePage" value="/eClaims2/health/healthNetClaimEntryWelcomePage.jsp"/>
        <property name="institutionalClaimEntryWelcomePage" value="/eClaims2/institutional/healthNetClaimEntryWelcomePage.jsp"/>
        <property name="locationSelectionPage" value="/common/location_selection/hipaa_compliant/generic_location_selection_table.jsp"/>
        
        
        <property name="healthPlans">
            <ref bean="healthNetClaimEntryPlanList"/>
        </property>
        
        <property name="payerDetails">
            <map>
                <entry key="" value=""/>
                <entry key="Other Unspecified" value="199"/>
            </map>
        </property>        
    </bean>    
    <!--  Claim entry Configurations till here -->
    
    <!--  Patient Directory Module Configurations -->    
    <!--  Plans Configuration for Patient Directory Module -->    
    <bean id="healthNetPatientDirectoryPlanList" class="com.bcbssc.configuration.beans.PlanList">
        
        <property name="plans">
            <list>
                <ref bean="pleaseChoosePlan"/>
                <ref bean="healthNetPlan"/>
            </list>
        </property>
        
        <property name="valueField" value="payorCode"/>
        <property name="selectedIndex" value="0"/>
        <property name="displayDropDown" value="true"/>
    </bean>    
    
    
    <!-- HealthNet Patient Directory inform details -->
    <bean id="healthNetPatientDirectoryInformDetails" class="com.bcbssc.configuration.beans.InformDetails">
        <property name="mqFrom" value="WEB01"/>
        <property name="correspName" value="WEBMHN"/>
    </bean>
    
    <!-- HealthNet Patient Directory logged inform bucket details -->
    <bean id="healthNetPatientDirectoryLoggedInformBucketDetails" class="com.bcbssc.configuration.beans.InformBucketDetails">
        <property name="informType" value="INMC"/>
        <property name="corporateCode" value="1"/>
        <property name="companyCode" value="3"/>
        <property name="divisionCode" value="44"/>
        <property name="departmentCode" value="916"/>
        <property name="employeeId" value="WEB01"/>
        <property name="clientName" value="MHN"/>
        <property name="inquiryLocationCode" value="PRV"/>
    </bean>
    
    <!-- HealthNet Patient Directory logged inform bucket details -->
    <bean id="healthNetPatientDirectoryRequestedInformBucketDetails" class="com.bcbssc.configuration.beans.InformBucketDetails">
        <property name="informType" value="INMC"/>
        <property name="corporateCode" value="1"/>
        <property name="companyCode" value="103"/>
        <property name="divisionCode" value="66"/>
        <property name="departmentCode" value="WEB"/>
        <property name="employeeId" value="WEB"/>
        <property name="clientName" value="MHN"/>
        <property name="inquiryLocationCode" value="PRV"/>
    </bean>    
    
    <!-- HealthNet Patient Directory inform data -->
    <bean id="healthNetPatientDirectoryInformData" class="com.bcbssc.configuration.beans.InformData">
        <property name="informDetails">
            <ref bean="healthNetPatientDirectoryInformDetails"/>
        </property>
        <property name="loggedInformBucketDetails">
            <ref bean="healthNetPatientDirectoryLoggedInformBucketDetails"/>
        </property>
        <property name="requestedInformBucketDetails">
            <ref bean="healthNetPatientDirectoryRequestedInformBucketDetails"/>
        </property>
        <property name="transferredInformBucketDetails">
            <ref bean="healthNetPatientDirectoryLoggedInformBucketDetails"/>
        </property>
    </bean>       
    
    <!--  Patient Directory Module Configuration -->
    <bean id="healthNetPatientDirectoryConfiguration" class="com.bcbssc.configuration.beans.PatientDirectoryModuleConfiguration">
        <property name="resourceBundleFileName" value="healthNetPatientDirectoryResourceBundle"/>
        <property name="locationSelectionPage" value="/common/location_selection/non_hipaa_compliant/generic_location_selection_table.jsp"/>
        <property name="healthPlans">
            <ref bean="healthNetPatientDirectoryPlanList"/>
        </property>
        <property name="informData">
            <map>
                <entry>
                    <key>
                        <value>healthNet</value>
                    </key>
                    <ref bean="healthNetPatientDirectoryInformData"/>
                </entry>
                <entry>
                    <key>
                        <value>default</value>
                    </key>
                    <ref bean="healthNetPatientDirectoryInformData"/>
                </entry>
            </map>
        </property>         
    </bean>
    <!--  Patient Directory Configurations till here -->
    
    <!--  ID Card Module Configurations -->
    <bean id="healthNetIdcardConfiguration" class="com.bcbssc.configuration.beans.IdcardModuleConfiguration">
        <property name="resourceBundleFileName" value="idcardResourceBundle_healthnet"/>
        <property name="sendAddressToInform" value="false"/>
        <property name="checkVerified" value="true"/>
        <property name="statusCode" value="1"/>
        <property name="statusType" value="CL"/>
        <property name="sendCompanyCodeTransferInform" value="true"/>
        <property name="sendExtloc" value="true"/>
        <property name="mqFrom" value="WEB01"/>
    </bean>
    <!-- ID Card Module Configurations till here -->
        
    <!--  Eligibility Module Configurations -->    
    <bean id="healthNetEligibilityConfiguration" class="com.bcbssc.configuration.beans.EligibilityModuleConfiguration">
        <property name="resourceBundleFileName" value="healthNetEligibilityResourceBundle"/>
        <property name="providerSearchEnabled" value="false"/>    
        <property name="allDentalBenefitsEnabled" value="false"/>
        <property name="hraEnabled" value="true"/>
        <property name="npiWarningType" value="Button"/>
        <property name="bxTransactionAllowed" value="false"/>
        <property name="authorizationAvailable" value="false"/>
        <property name="fepMessageDisplayed" value="false"/>
        <property name="healthPlans">
            <ref bean="healthNetPlanList"/>
        </property>
        <property name="informData">
            <map>
                <entry>
                    <key>
                        <value>health</value>
                    </key>
                    <ref bean="healthNetHealthEligibilityInformData"/>
                </entry>
            </map>
        </property>
    </bean>  
    
    <bean id="healthNetHealthEligibilityInformDetails" class="com.bcbssc.configuration.beans.InformDetails">
        <property name="correspName" value="WEBMHN"/>
    </bean>
    
    <bean id="healthNetHealthEligibilityInformData" class="com.bcbssc.configuration.beans.InformData">

        <property name="informDetails">
            <ref bean="healthNetHealthEligibilityInformDetails"/>
        </property>        
        <property name="loggedInformBucketDetails">
            <ref bean="healthNetHealthEligibilityInformBucketDetails"/>                
        </property>      
        <property name="requestedInformBucketDetails">
                <ref bean="healthNetHealthEligibilityRequestedInformBucketDetails"/>
        </property>
        <property name="transferredInformBucketDetails">
                <ref bean="healthNetHealthEligibilityInformBucketDetails"/>
        </property>  
    </bean>
        
    <bean id="healthNetHealthEligibilityInformBucketDetails" class="com.bcbssc.configuration.beans.InformBucketDetails">             
        <property name="informType" value="INMC" />
        <property name="corporateCode" value="1" />
        <property name="companyCode" value="103" />
        <property name="divisionCode" value="66" />
        <property name="departmentCode" value="WEB" />
        <property name="employeeId" value="WEB" />  
        <property name="statusCode" value="1" />
        <property name="clientName" value="MHN"/>        
    </bean>  
        
    <bean id="healthNetHealthEligibilityRequestedInformBucketDetails" class="com.bcbssc.configuration.beans.InformBucketDetails">             
        <property name="informType" value="INMC" />
        <property name="corporateCode" value="1" />
        <property name="companyCode" value="103" />
        <property name="divisionCode" value="44" />
        <property name="departmentCode" value="916" />
        <property name="employeeId" value="WEB01" />  
        <property name="statusCode" value="1" />
        <property name="clientName" value="MHN"/>        
    </bean>       
   
  
    <!--  Eligibility Configurations till here -->     
   
    <!--  Start of Claim Status Module Configurations -->        
    <bean id="healthNetClaimStatusConfiguration" class="com.bcbssc.configuration.beans.ClaimStatusModuleConfiguration">
        
        <property name="resourceBundleFileName" value="defaultResourceBundle"/>
        <property name="healthACSPage" value="/funct/status/claimstatus_AskCustomerService.jsp"/>        
        <property name="healthAPSPage" value="/prov_funct/status/claim_status_AskProviderServices.jsp"/>                            
        <property name="healthPlans">
            <ref bean="healthNetPlanList"/>
        </property>
        <property name="informData">
            <map>
                <entry>
                    <key>
                        <value>healthClosed</value>
                    </key>
                    <ref bean="hnClaimStatusMembrClosedInformData"/>
                </entry>
                <entry>
                    <key>
                        <value>healthOpen</value>
                    </key>
                    <ref bean="hnClaimStatusMembrOpenInformData"/>
                </entry>
                <entry>
                    <key>
                        <value>providerHealthClosed</value>
                    </key>
                    <ref bean="hnClaimStatusPvdrClosedInformData"/>
                </entry>
                <entry>
                    <key>
                        <value>providerHealthOpen</value>
                    </key>
                    <ref bean="hnClaimStatusPvdrOpenInformData"/>
                </entry>
                <entry>
                    <key>
                        <value>default</value>
                    </key>
                    <ref bean="hnClaimStatusMembrClosedInformData"/>
                </entry>
            </map>
        </property>        
    </bean>
    
    <bean id="hnClaimStatusMembrClosedInformData" class="com.bcbssc.configuration.beans.InformData">
        <property name="informDetails">
            <ref bean="healthNetInformDetails"/>
        </property>        
        <property name="loggedInformBucketDetails">
            <ref bean="hnClaimStatusMembrLoggedClosedInformBucketDetails"/>                
        </property>      
        <property name="requestedInformBucketDetails">
                <ref bean="hnClaimStatusRequestedInformBucketDetails"/>
        </property>
        <property name="transferredInformBucketDetails">
                <ref bean="hnClaimStatusRequestedInformBucketDetails"/>
        </property>  
    </bean>
    
    <bean id="hnClaimStatusMembrOpenInformData" class="com.bcbssc.configuration.beans.InformData">
        <property name="informDetails">
            <ref bean="healthNetInformDetails"/>
        </property>        
        <property name="loggedInformBucketDetails">
            <ref bean="hnClaimStatusMembrLoggedOpenInformBucketDetails"/>                
        </property>      
        <property name="requestedInformBucketDetails">
                <ref bean="hnClaimStatusRequestedInformBucketDetails"/>
        </property>
        <property name="transferredInformBucketDetails">
                <ref bean="hnClaimStatusRequestedInformBucketDetails"/>
        </property>  
    </bean>

    <bean id="hnClaimStatusPvdrClosedInformData" class="com.bcbssc.configuration.beans.InformData">
        <property name="informDetails">
            <ref bean="healthNetInformDetails"/>
        </property>        
        <property name="loggedInformBucketDetails">
            <ref bean="hnClaimStatusPvdrLoggedClosedInformBucketDetails"/>                
        </property>      
        <property name="requestedInformBucketDetails">
                <ref bean="hnClaimStatusRequestedInformBucketDetails"/>
        </property>
        <property name="transferredInformBucketDetails">
                <ref bean="hnClaimStatusRequestedInformBucketDetails"/>
        </property>  
    </bean>


    <bean id="hnClaimStatusPvdrOpenInformData" class="com.bcbssc.configuration.beans.InformData">
        <property name="informDetails">
            <ref bean="healthNetInformDetails"/>
        </property>        
        <property name="loggedInformBucketDetails">
            <ref bean="hnClaimStatusPvdrLoggedOpenInformBucketDetails"/>                
        </property>      
        <property name="requestedInformBucketDetails">
                <ref bean="hnClaimStatusRequestedInformBucketDetails"/>
        </property>
        <property name="transferredInformBucketDetails">
                <ref bean="hnClaimStatusRequestedInformBucketDetails"/>
        </property>  
    </bean>

    <!-- HealthNet Claim Status logged Inform Bucket Details -->
    <bean id="hnClaimStatusMembrLoggedClosedInformBucketDetails" class="com.bcbssc.configuration.beans.InformBucketDetails">
        <property name="informType" value="INMC"/>
        <property name="corporateCode" value="1"/>
        <property name="companyCode" value="103"/>
        <property name="divisionCode" value="66"/>
        <property name="departmentCode" value="WEB"/>
        <property name="employeeId" value="WEB"/>       
        <property name="mqIndicator" value="MQ" />             
        <property name="eligCode" value="" />            
        <property name="inquiryLocationCode" value="MEM" />
        <property name="customerName" value="WEBMHN: CLAIM STATUS" />
    </bean>
    
    <bean id="hnClaimStatusMembrLoggedOpenInformBucketDetails" class="com.bcbssc.configuration.beans.InformBucketDetails">
        <property name="informType" value="INMC"/>
        <property name="corporateCode" value="1"/>
        <property name="companyCode" value="103"/>
        <property name="divisionCode" value="66"/>
        <property name="departmentCode" value="WEB"/>
        <property name="employeeId" value="WEB"/>       
        <property name="mqIndicator" value="MQ" />             
        <property name="eligCode" value="" />            
        <property name="inquiryLocationCode" value="MEM" />
        <property name="customerName" value="WEBMHN:ASKCUSTOMERSERVICE" />
    </bean>

    <bean id="hnClaimStatusPvdrLoggedClosedInformBucketDetails" class="com.bcbssc.configuration.beans.InformBucketDetails">
        <property name="informType" value="INMC"/>
        <property name="corporateCode" value="1"/>
        <property name="companyCode" value="103"/>
        <property name="divisionCode" value="66"/>
        <property name="departmentCode" value="WEB"/>
        <property name="employeeId" value="WEB"/>       
        <property name="mqIndicator" value="MQ" />             
        <property name="eligCode" value="" />            
        <property name="inquiryLocationCode" value="PRV" />
        <property name="customerName" value="WEBMHN: CLAIM STATUS" />
    </bean>

    <bean id="hnClaimStatusPvdrLoggedOpenInformBucketDetails" class="com.bcbssc.configuration.beans.InformBucketDetails">
        <property name="informType" value="INMC"/>
        <property name="corporateCode" value="1"/>
        <property name="companyCode" value="103"/>
        <property name="divisionCode" value="66"/>
        <property name="departmentCode" value="WEB"/>
        <property name="employeeId" value="WEB"/>       
        <property name="mqIndicator" value="MQ" />             
        <property name="eligCode" value="" />            
        <property name="inquiryLocationCode" value="PRV" />
        <property name="customerName" value="WEBMHN:ASKPROVIDERSERVICE" />
    </bean>
    
    <!-- HealthNet Claim Status requested Inform Bucket Details -->
    <bean id="hnClaimStatusRequestedInformBucketDetails" class="com.bcbssc.configuration.beans.InformBucketDetails">
        <property name="informType" value="INMC"/>
        <property name="corporateCode" value="1"/>
        <property name="companyCode" value="3"/>
        <property name="divisionCode" value="44"/>
        <property name="departmentCode" value="916"/>
        <property name="employeeId" value="WEB01"/>       
        <property name="mqIndicator" value="MQ" />             
        <property name="eligCode" value="" />            
        <property name="inquiryLocationCode" value="" />
        <property name="customerName" value="" />
    </bean>
    

    <!--  End of Claim Status Configurations  -->     
    <!--  Super User module Configuration -->
    <bean id="healthNetSuperUserConfiguration" class="com.bcbssc.configuration.beans.ModuleConfiguration">
        <property name="healthPlans">
            <ref bean="healthNetSuperUserPlanList"/>
        </property>
    </bean>
    <!--  Super User module Configurations till here -->
    <!--  HealthNet Configurations -->
    <bean id="healthNet" class="com.bcbssc.configuration.beans.ClientConfiguration">

        <property name="companyName" value="Health Net"/>

        <property name="rpnDetails">
            <ref bean="healthNetRPNDetails"/>
        </property>
        
        <property name="statChatEnabled" value="false"/>
        <property name="rcgrRulesEnabled" value="false"/>
        <property name="dentalEnabled" value="false"/>
        <property name="healthEnabled" value="true"/>
        <property name="lineItemEnabled" value="true"/>
        <property name="provMIMCredHelpEnabled" value="false"/>
        <property name="providerLogonPage" value="HealthNet.Logon.Provider.jsp"/>
        <property name="profileData">
            <map>
                <entry>
                    <key>
                        <value>member</value>
                    </key>
                    <ref bean="healthNetMemberRegistrationProfile"/>
                </entry>
                <entry>
                    <key>
                        <value>provider</value>
                    </key>
                    <ref bean="healthNetProviderRegistrationProfile"/>
                </entry>
                <entry>
                    <key>
                        <value>superuser</value>
                    </key>
                    <ref bean="healthNetSuperUserRegistrationProfile"/>
                </entry>
            </map>
        </property>

        <property name="moduleConfigurations">
            <map>
                <entry>
                    <key>
                        <value>superuser</value>
                    </key>
                    <ref bean="healthNetSuperUserConfiguration"/>
                </entry>
                <entry>
                    <key>
                        <value>ohi</value>
                    </key>
                    <ref bean="healthNetOHIConfiguration"/>
                </entry>

                <entry>
                    <key>
                        <value>eligibility</value>
                    </key>
                    <ref bean="healthNetEligibilityConfiguration"/>
                </entry>

                <entry>
                    <key>
                        <value>claimentry</value>
                    </key>
                    <ref bean="healthNetClaimEntryConfiguration"/>
                </entry>
                
                <entry>
                    <key>
                        <value>patientdirectory</value>
                    </key>
                    <ref bean="healthNetPatientDirectoryConfiguration"/>
                </entry>              
  
                <entry>
                    <key>
                        <value>claimstatus</value>
                    </key>
                    <ref bean="healthNetClaimStatusConfiguration"/>                    
                </entry>
                
                <entry>
                    <key>
                        <value>idcard</value>
                    </key>
                    <ref bean="healthNetIdcardConfiguration"/>
                </entry>                
            </map>            
        </property>

        <property name="healthPlans">
            <ref bean="healthNetPlanList"/>
        </property>

        <property name="informData">
            <map>
                <entry>
                    <key>
                        <value>memberRegistration</value>
                    </key>
                    <ref bean="healthNetMemberRegistrationInformData"/>                    
                </entry>
                <entry>
                    <key>
                        <value>member</value>
                    </key>
                    <ref bean="healthNetMemberInformData"/>                    
                </entry>
                <entry>
                    <key>
                        <value>providerRouting</value>
                    </key>
                    <ref bean="healthNetProviderInformData"/>
                </entry>                
                <entry>
                    <key>
                        <value>default</value>
                    </key>
                    <ref bean="healthNetInformData"/>                    
                </entry>                
                <entry>
                    <key>
                        <value>health</value>
                    </key>
                    <ref bean="healthNetInformData"/>                    
                </entry>
            </map>            
        </property>

        <property name="resourceBundleFileName" value="healthNetResourceBundle"/>
    </bean>
</beans>