<?xml version="1.0" encoding="UTF-8"?>
<!DOCTYPE beans PUBLIC "-//SPRING//DTD BEAN//EN" "http://www.springframework.org/dtd/spring-beans.dtd">
<beans>

    <bean id="blueCrossBlueShieldHealthPlan" class="com.bcbssc.configuration.beans.Plan">
        <property name="displayName" value="BlueCross BlueShield Plans"/>
        <property name="value" value="BlueCross BlueShield Plans"/>
        <property name="rpn" value="001"/>
        <property name="company" value="0"/>
        <property name="payorCode" value="401"/>
        <property name="lineOfBusiness" value="1"/>
        <property name="companyAbbreviation" value="BCBSSC"/>
    </bean>

    <bean id="blueChoiceHealthPlan" class="com.bcbssc.configuration.beans.Plan">
        <property name="displayName" value="BlueChoice HealthPlan"/>
        <property name="value" value="BlueChoice HealthPlan"/>
        <property name="rpn" value="035"/>
        <property name="company" value="1"/> 
        <property name="payorCode" value="922"/>
        <property name="lineOfBusiness" value="H"/>
        <property name="companyAbbreviation" value="CHC"/>
        <property name="memberNumberPrefix" value="K"/>       
    </bean>

    <bean id="stateHealthPlan" class="com.bcbssc.configuration.beans.Plan">
        <property name="displayName" value="State Health Plan"/>
        <property name="value" value="State Health Plan"/>
        <property name="rpn" value="001"/>
        <property name="company" value="4"/>
        <property name="payorCode" value="400"/>
        <property name="lineOfBusiness" value="1"/>
        <property name="companyAbbreviation" value="STATE"/> 
    </bean>

    <bean id="plannedAdministrators" class="com.bcbssc.configuration.beans.Plan">
        <property name="displayName" value="Planned Administrators"/>
        <property name="value" value="Planned Administrators"/>
        <property name="rpn" value="001"/>
        <property name="company" value="0"/>
        <property name="payorCode" value="886"/>
        <property name="lineOfBusiness" value="1"/>
        <property name="companyAbbreviation" value="PA"/> 
    </bean>

    <bean id="thomasCooper" class="com.bcbssc.configuration.beans.Plan">
        <property name="displayName" value="Thomas Cooper"/>
        <property name="value" value="Thomas Cooper"/>
        <property name="rpn" value="001"/>
        <property name="company" value="0"/>
        <property name="payorCode" value="315"/>
        <property name="lineOfBusiness" value="1"/>
        <property name="companyAbbreviation" value="TC"/> 
    </bean>
    
    <bean id="fepPlan" class="com.bcbssc.configuration.beans.Plan">
        <property name="displayName" value="FEP"/>
        <property name="value" value="FEP"/>
        <property name="rpn" value="001"/>
        <property name="company" value="0"/>
        <property name="payorCode" value="402"/>
        <property name="lineOfBusiness" value="2"/>
        <property name="companyAbbreviation" value="FEP"/> 
    </bean>    

    <bean id="employeeBenefitServices" class="com.bcbssc.configuration.beans.Plan">
        <property name="displayName" value="Employee Benefit Services dba Key Benefit Admin."/>
        <property name="value" value="Employee Benefit Services dba Key Benefit Admin."/>
        <property name="rpn" value="001"/>
        <property name="company" value="0"/>
        <property name="payorCode" value="446"/>
        <property name="lineOfBusiness" value="1"/>
        <property name="companyAbbreviation" value="EBS"/> 
    </bean>    

    <bean id="blueCrossBlueShieldDentalPlan" class="com.bcbssc.configuration.beans.Plan">
        <property name="displayName" value="BlueCross BlueShield Dental"/>
        <property name="value" value="BlueCross BlueShield Dental"/>
        <property name="rpn" value="001"/>
        <property name="company" value="D1"/>
        <property name="payorCode" value="401-1"/>
        <property name="companyAbbreviation" value="BCBSSC"/> 
    </bean>   

    <bean id="eligibilityBlueCrossBlueShieldDentalPlan" class="com.bcbssc.configuration.beans.Plan">
        <property name="displayName" value="BlueCross BlueShield Plans"/>
        <property name="value" value="BlueCross BlueShield Plans"/>
        <property name="rpn" value="001"/>
        <property name="company" value="D1"/>
        <property name="payorCode" value="401-1"/>
        <property name="companyAbbreviation" value="BCBSSC"/> 
    </bean>

    <bean id="stateDentalPlan" class="com.bcbssc.configuration.beans.Plan">
        <property name="displayName" value="State Dental Plan"/>
        <property name="value" value="State Dental Plan"/>
        <property name="rpn" value="001"/>
        <property name="company" value="D5"/>
        <property name="payorCode" value="401-1"/>
        <property name="companyAbbreviation" value="STATE"/> 
    </bean>
    
    <bean id="clifeDentalPlan" class="com.bcbssc.configuration.beans.Plan">
        <property name="displayName" value="Companion Life Dental"/>
        <property name="value" value="Companion Life Dental"/>
        <property name="rpn" value="001"/>
        <property name="company" value="D2"/>
        <property name="payorCode" value="401-1"/>
        <property name="companyAbbreviation" value="CLIFE"/> 
        <property name="memberNumberPrefix" value="D"/>
    </bean>    

    <bean id="fclDentalPlan" class="com.bcbssc.configuration.beans.Plan">
        <property name="displayName"  value="Dental Plan"/>
        <property name="value" value="Dental Plan"/>
        <property name="rpn" value="037"/>
        <property name="company" value="D3"/>
        <property name="payorCode" value="401"/>
        <property name="lineOfBusiness" value="1"/>
        <property name="companyAbbreviation" value="FCL"/> 
    </bean>

    <bean id="healthNetPlan" class="com.bcbssc.configuration.beans.Plan">
        <property name="displayName"  value="Health Net Pearl"/>
        <property name="value" value="Health Net Pearl"/>
        <property name="rpn" value="103"/>
        <property name="company" value="0"/>
        <property name="payorCode" value="H01"/>
        <property name="lineOfBusiness" value="1"/>
        <property name="companyAbbreviation" value="HNET"/>         
    </bean>
    
    <bean id="healthNetHCFAPlan" class="com.bcbssc.configuration.beans.Plan">
        <property name="displayName"  value="Health Net Pearl"/>
        <property name="value" value="Health Net Pearl"/>
        <property name="rpn" value="103"/>
        <property name="company" value="0"/>
        <property name="payorCode" value="H02"/>
        <property name="lineOfBusiness" value="1"/>
        <property name="companyAbbreviation" value="HNET"/>         
    </bean>    

    <bean id="pleaseChoosePlan" class="com.bcbssc.configuration.beans.Plan">
        <property name="displayName"  value="-- Please Choose One --"/>
        <property name="value" value="-1"/>
        <property name="rpn" value="-1"/>
        <property name="company" value="-1"/>
        <property name="payorCode" value="-1"/>
        <property name="lineOfBusiness" value="-1"/>
        <property name="companyAbbreviation" value="-1"/>         
    </bean>

    <bean id="pdBlueCrossDentalPlan" class="com.bcbssc.configuration.beans.Plan">
        <property name="displayName"  value="BlueCross BlueShield"/>
        <property name="value" value="BlueCross BlueShield"/>
        <property name="rpn" value="001"/>
        <property name="company" value=""/>
        <property name="payorCode" value="BCD"/>
        <property name="lineOfBusiness" value=""/>
        <property name="companyAbbreviation" value=""/>
    </bean>

    <bean id="pdStateDentalPlan" class="com.bcbssc.configuration.beans.Plan">
        <property name="displayName"  value="State Dental Plan"/>
        <property name="value" value="State Dental Plan"/>
        <property name="rpn" value="001"/>
        <property name="company" value=""/>
        <property name="payorCode" value="SFD"/>
        <property name="lineOfBusiness" value=""/>
        <property name="companyAbbreviation" value=""/>
    </bean>
    
    <bean id="pdDentalPlan" class="com.bcbssc.configuration.beans.Plan">
        <property name="displayName"  value="Dental Plan"/>
        <property name="value" value="Dental Plan"/>
        <property name="rpn" value="037"/>
        <property name="company" value=""/>
        <property name="payorCode" value="FCL"/>
        <property name="lineOfBusiness" value=""/>
        <property name="companyAbbreviation" value=""/>
    </bean>    
</beans>