{
    "name": "G06-runHPFortifyScanGenericProcess",
    "description": "Run HP Fortify on components for an application snapshot",
    "rootActivity": {
        "edges": [
            {
                "to": "Delete Files and Directories",
                "type": "ALWAYS",
                "value": ""
            },
            {
                "to": "mainScript FAILED",
                "from": "Run mainScript.sh",
                "type": "FAILURE",
                "value": ""
            },
            {
                "to": "Create UCD Context File",
                "from": "Delete Files and Directories",
                "type": "SUCCESS",
                "value": ""
            },
            {
                "to": "Verify Scan Result and Set Status On Snapshot and ComponentVersions",
                "from": "Run mainScript.sh",
                "type": "SUCCESS",
                "value": ""
            },
            {
                "to": "4d80b556377fc67852aded90ff38fc",
                "from": "mainScript FAILED",
                "type": "SUCCESS",
                "value": ""
            },
            {
                "to": "Run mainScript.sh",
                "from": "Create UCD Context File",
                "type": "SUCCESS",
                "value": ""
            },
            {
                "to": "4d80b556377fc67852aded90ff38fc",
                "from": "Verify Scan Result and Set Status On Snapshot and ComponentVersions",
                "type": "SUCCESS",
                "value": ""
            }
        ],
        "offsets": [
            {
                "name": "Verify Scan Result and Set Status On Snapshot and ComponentVersions",
                "x": -668.5836388232874,
                "y": 560,
                "h": 90,
                "w": 860
            },
            {
                "name": "Run mainScript.sh",
                "x": -64.76558061424839,
                "y": 420,
                "h": 90,
                "w": 280
            },
            {
                "name": "Delete Files and Directories",
                "x": -155,
                "y": 140,
                "h": 90,
                "w": 440
            },
            {
                "name": "mainScript FAILED",
                "x": 221.4163611767126,
                "y": 560,
                "h": 90,
                "w": 350
            },
            {
                "name": "4d80b556377fc67852aded90ff38fc",
                "x": 8.916361176712599,
                "y": 700,
                "h": 90,
                "w": 140
            },
            {
                "name": "Create UCD Context File",
                "x": -129.8827903071242,
                "y": 280,
                "h": 90,
                "w": 400
            }
        ],
        "layoutMode": "auto",
        "type": "graph",
        "name": "5e8d0b61-bbd5-48cf-935f-5b77fe346104",
        "children": [
            {
                "type": "finish",
                "name": "4d80b556377fc67852aded90ff38fc",
                "children": []
            },
            {
                "allowFailure": false,
                "useImpersonation": false,
                "showHidden": false,
                "impersonationUseSudo": false,
                "pluginVersion": 9,
                "commandName": "Shell",
                "pluginName": "Shell",
                "authTokenRestriction": "20000001-0001-0001-0001-000000000000",
                "properties": {
                    "directoryOffset": ".",
                    "shellInterpreter": "",
                    "scriptBody": "which java\necho path is $PATH\necho \"Step: Run mainScript.sh\"\nagentHost=$(hostname)\necho \"UCD agent host is ${agentHost}\"\n\nnumberOfComponents=${p:Create UCD Context File\/numberOfComponents}\necho -----------------\necho numberOfComponents = $numberOfComponents\necho -----------------\n\nif (( $numberOfComponents == 0 ))\nthen \n    echo \"UCD Step: numberOfComponents = $numberOfComponents indictaes no need to scan. exit 0\"\n    exit 0\nelse \n    echo \"UCD Step: continue after verifying if numberOfComponents == 0...\" \nfi\n\n\npwd\nwhoami\n\nif [ ! -d \"scriptPackage\" ]; then\n  echo \"creating scriptPackage directory.\"\n  mkdir scriptPackage\nfi\n\nif [ -f .\/scriptPackage\/mainScript.sh ]; then\n  echo \"removing existing mainScript.sh file.\"\n  rm -f .\/scriptPackage\/mainScript.sh\nelse\n  echo \".\/scriptPackage\/mainScript.sh file does not exist.\"\nfi\n\ncp -r ${p:HP_FORTIFY_SCRIPT_PATH}\/* .\/scriptPackage\n\nchmod a+x .\/scriptPackage\/*.sh\n\nls -l .\/scriptPackage\n\nls -l context.properties\necho \"-------------------\"\ncat context.properties\necho \"-------------------\"\ncd scriptPackage\nchmod a+x *.sh\npwd\nwhich java \necho path: $PATH\n.\/mainScript.sh",
                    "runAsDaemon": "false",
                    "outputFile": ""
                },
                "cachedAuthTokenRestriction": {
                    "name": "System Default",
                    "description": "Used by default for any plugin steps without a specified token restriction",
                    "restrictions": [{
                        "verb": "ALL",
                        "url": "\/*"
                    }]
                },
                "type": "plugin",
                "name": "Run mainScript.sh",
                "children": []
            },
            {
                "allowFailure": false,
                "useImpersonation": false,
                "showHidden": false,
                "impersonationUseSudo": false,
                "pluginVersion": 73,
                "commandName": "Delete Files and Directories",
                "pluginName": "File Utils",
                "authTokenRestriction": "20000001-0001-0001-0001-000000000000",
                "properties": {
                    "baseDir": ".",
                    "includes": "**\/*\n*",
                    "excludes": "",
                    "followSymlinks": "false",
                    "caseSensitive": "true"
                },
                "cachedAuthTokenRestriction": {
                    "name": "System Default",
                    "description": "Used by default for any plugin steps without a specified token restriction",
                    "restrictions": [{
                        "verb": "ALL",
                        "url": "\/*"
                    }]
                },
                "type": "plugin",
                "name": "Delete Files and Directories",
                "children": []
            },
            {
                "allowFailure": false,
                "useImpersonation": false,
                "showHidden": true,
                "impersonationUseSudo": false,
                "pluginVersion": 1,
                "commandName": "Create UCD Context File",
                "pluginName": "FannieMae UCD HP Fortify",
                "authTokenRestriction": "20000001-0001-0001-0001-000000000000",
                "properties": {
                    "applicationId": "${p:applicationId}",
                    "snapshotName": "${p:snapshotName}",
                    "componentVersionPropertyKey_codeCommitHash": "codeCommitHash",
                    "appCode": "${p:appCode}",
                    "assetId": "${p:assetId}",
                    "componentBasicPropertyKey_repoURL": "repoURL",
                    "componentBasicPropertyKey_javaVersion": "javaVersion",
                    "fortifyScanScriptPath": "\/export\/appl\/fortify\/fortifyDeploy\/fortifyScan.sh",
                    "componentPropertyKey_hpFortifySseName": "hpFortifySseName",
                    "componentPropertyKey_appsecScanRequired": "appsecScanRequired",
                    "STATUS_passedStatusName": "APPSEC_SCAN_PASSED",
                    "STATUS_failedStatusName": "APPSEC_SCAN_FAILED",
                    "loggingLevel": "info"
                },
                "cachedAuthTokenRestriction": {
                    "name": "System Default",
                    "description": "Used by default for any plugin steps without a specified token restriction",
                    "restrictions": [{
                        "verb": "ALL",
                        "url": "\/*"
                    }]
                },
                "type": "plugin",
                "name": "Create UCD Context File",
                "children": []
            },
            {
                "allowFailure": false,
                "useImpersonation": false,
                "showHidden": true,
                "impersonationUseSudo": false,
                "pluginVersion": 1,
                "commandName": "Verify Scan Result and Set Status On Snapshot and ComponentVersions",
                "pluginName": "FannieMae UCD HP Fortify",
                "authTokenRestriction": "20000001-0001-0001-0001-000000000000",
                "properties": {
                    "applicationId": "${p:applicationId}",
                    "snapshotName": "${p:snapshotName}",
                    "componentPropertyKey_appsecScanRequired": "appsecScanRequired",
                    "STATUS_passedStatusName": "APPSEC_SCAN_PASSED",
                    "STATUS_failedStatusName": "APPSEC_SCAN_FAILED",
                    "loggingLevel": "info",
                    "token": "crypt_v1{AES\/CBC\/PKCS5Padding|aes128keycwyc|Xbvyb1ENg07PhXed4wYWDQ==|g\/GRwnjrZBVs\/vEuI5D90baoMRyP7ApeT8iTzjb7WIEdvwbTDV9v3Ddi+J8qxZt\/}"
                },
                "cachedAuthTokenRestriction": {
                    "name": "System Default",
                    "description": "Used by default for any plugin steps without a specified token restriction",
                    "restrictions": [{
                        "verb": "ALL",
                        "url": "\/*"
                    }]
                },
                "type": "plugin",
                "name": "Verify Scan Result and Set Status On Snapshot and ComponentVersions",
                "children": []
            },
            {
                "allowFailure": false,
                "useImpersonation": false,
                "showHidden": false,
                "impersonationUseSudo": false,
                "postProcessingScript": {
                    "id": "165ca15c-23c6-e9b5-3513-89b0f9f28193",
                    "name": "Force Failure",
                    "description": "Final state to fail ",
                    "body": "properties.put('Status', 'Failure');\n"
                },
                "pluginVersion": 10,
                "commandName": "Run Groovy Script",
                "pluginName": "Groovy",
                "authTokenRestriction": "20000001-0001-0001-0001-000000000000",
                "properties": {
                    "groovyHome": "${GROOVY_HOME}",
                    "scriptBody": "println \"ERROR occured while running HP Fortify Scan on the components. Please reach out to UCD Support\"."
                },
                "cachedAuthTokenRestriction": {
                    "name": "System Default",
                    "description": "Used by default for any plugin steps without a specified token restriction",
                    "restrictions": [{
                        "verb": "ALL",
                        "url": "\/*"
                    }]
                },
                "type": "plugin",
                "name": "mainScript FAILED",
                "children": []
            }
        ]
    },
    "properties": [
        {
            "name": "contextType",
            "value": "Resource",
            "description": "",
            "secure": false
        },
        {
            "name": "defaultResourceId",
            "value": "16c00428-9a26-e3fc-a997-c3bf650709c6",
            "description": "",
            "secure": false
        },
        {
            "name": "workingDir",
            "value": "${p:resource\/work.dir}\/${p:process.name}",
            "description": "",
            "secure": false
        }
    ],
    "propDefs": [
        {
            "name": "applicationId",
            "label": "applicationId",
            "pattern": "",
            "type": "TEXT",
            "value": "${p:application.id}",
            "required": true,
            "description": "",
            "placeholder": ""
        },
        {
            "name": "snapshotName",
            "label": "snapshotName",
            "pattern": "",
            "type": "TEXT",
            "value": "${p:snapshot.name}",
            "required": true,
            "description": "",
            "placeholder": ""
        },
        {
            "name": "componentVersionPropertyKey_codeCommitHash",
            "label": "componentVersionPropertyKey_codeCommitHash",
            "pattern": "",
            "type": "TEXT",
            "value": "codeCommitHash",
            "required": false,
            "description": "",
            "placeholder": ""
        },
        {
            "name": "appCode",
            "label": "appCode",
            "pattern": "",
            "type": "TEXT",
            "value": "${p:application\/appCode}",
            "required": false,
            "description": "",
            "placeholder": ""
        },
        {
            "name": "assetId",
            "label": "assetId",
            "pattern": "",
            "type": "TEXT",
            "value": "${p:application\/assetId}",
            "required": false,
            "description": "",
            "placeholder": ""
        },
        {
            "name": "componentBasicPropertyKey_repoURL",
            "label": "componentBasicPropertyKey_repoURL",
            "pattern": "",
            "type": "TEXT",
            "value": "repoURL",
            "required": false,
            "description": "",
            "placeholder": ""
        },
        {
            "name": "componentBasicPropertyKey_javaVersion",
            "label": "componentBasicPropertyKey_javaVersion",
            "pattern": "",
            "type": "TEXT",
            "value": "javaVersion",
            "required": false,
            "description": "",
            "placeholder": ""
        },
        {
            "name": "STATUS_passedStatusName",
            "label": "STATUS_passedStatusName",
            "pattern": "",
            "type": "TEXT",
            "value": "APPSEC_SCAN_PASSED",
            "required": false,
            "description": "",
            "placeholder": ""
        },
        {
            "name": "fortifyScanScriptPath",
            "label": "fortifyScanScriptPath",
            "pattern": "",
            "type": "TEXT",
            "value": "\/export\/appl\/fortify\/fortifyCodebase\/fortifyScan.sh",
            "required": false,
            "description": "",
            "placeholder": ""
        },
        {
            "name": "componentPropertyKey_hpFortifySseName",
            "label": "componentPropertyKey_hpFortifySseName",
            "pattern": "",
            "type": "TEXT",
            "value": "hpFortifySseName",
            "required": false,
            "description": "",
            "placeholder": ""
        },
        {
            "name": "componentPropertyKey_appsecScanRequired",
            "label": "componentPropertyKey_appsecScanRequired",
            "pattern": "",
            "type": "TEXT",
            "value": "appsecScanRequired",
            "required": false,
            "description": "",
            "placeholder": ""
        },
        {
            "name": "STATUS_failedStatusName",
            "label": "STATUS_failedStatusName",
            "pattern": "",
            "type": "TEXT",
            "value": "APPSEC_SCAN_FAILED",
            "required": false,
            "description": "",
            "placeholder": ""
        }
    ],
    "teamMappings": [
        {
            "teamId": "169652ce-a2f8-47ae-1803-5d89f4630b94",
            "teamLabel": "FZM Team",
            "resourceTypeId": "20000000000000000000000000000109",
            "resourceTypeName": "Process"
        },
        {
            "teamId": "16b89fb0-b8f8-a6df-ac25-465292a92bc2",
            "teamLabel": "All Users",
            "resourceTypeId": "20000000000000000000000000000109",
            "resourceTypeName": "Process"
        }
    ],
    "linkedProcesses": []
}