<assembly xmlns="http://maven.apache.org/plugins/maven-assembly-plugin/assembly/1.1.2"
          xmlns:xsi="http://www.w3.org/2001/XMLSchema-instance"
          xsi:schemaLocation="http://maven.apache.org/plugins/maven-assembly-plugin/assembly/1.1.2 http://maven.apache.org/xsd/assembly-1.1.2.xsd">
	<id>zipDescriptor</id>
	
    <formats>
		<format>zip</format>
    </formats>
	
	<includeBaseDirectory/>
	<baseDirectory/>

	<fileSets>
		<fileSet>
			<directory>${project.basedir}</directory>
			<includes>
				<include>plugin.xml</include>
				<include>upgrade.xml</include>
				<include>info.xml</include>
				<include>plugin-extensions.xml</include>
			</includes>
		</fileSet>
		<fileSet>
			<directory>${project.basedir}/src/main/java</directory>
			<outputDirectory>classes</outputDirectory>
			<excludes>
				<exclude>readme.txt</exclude>
				<exclude>empty.txt</exclude>
				<exclude>.gitignore</exclude>
			</excludes>
		</fileSet>
		<fileSet>
			<directory>${project.basedir}/scripts</directory>
			<outputDirectory/>
			<excludes>
				<exclude>readme.txt</exclude>
				<exclude>empty.txt</exclude>
				<exclude>.gitignore</exclude>
			</excludes>
		</fileSet>
		<fileSet>
			<directory>${project.basedir}/lib</directory>
			<excludes>
				<exclude>readme.txt</exclude>
				<exclude>empty.txt</exclude>
				<exclude>.gitignore</exclude>
			</excludes>
		</fileSet>
		<fileSet>
			<directory>${project.basedir}/doc</directory>
			<excludes>
				<exclude>readme.txt</exclude>
				<exclude>empty.txt</exclude>
				<exclude>.gitignore</exclude>
			</excludes>
		</fileSet>
		
		<!-- Common Service Library Files -->
		<fileSet>
			<directory>${project.basedir}/../fm-ucd-common-services-plugin/lib</directory>
			<outputDirectory>lib</outputDirectory>
			<excludes>
				<exclude>readme.txt</exclude>
				<exclude>empty.txt</exclude>
				<exclude>.gitignore</exclude>
			</excludes>
		</fileSet>
		<fileSet>
			<directory>${project.basedir}/../fm-ucd-common-services-plugin/scripts</directory>
			<outputDirectory/>
			<excludes>
				<exclude>readme.txt</exclude>
				<exclude>empty.txt</exclude>
				<exclude>.gitignore</exclude>
			</excludes>
		</fileSet>
		<fileSet>
			<directory>${project.basedir}/../fm-ucd-common-services-plugin/src/main/java</directory>
			<outputDirectory>classes</outputDirectory>
			<excludes>
				<exclude>readme.txt</exclude>
				<exclude>empty.txt</exclude>
				<exclude>.gitignore</exclude>
			</excludes>
		</fileSet>
		
		
	</fileSets>
	
</assembly>
