<?xml version="1.0" encoding="UTF-8"?>
<application xmlns:xsi="http://www.w3.org/2001/XMLSchema-instance" xmlns="http://java.sun.com/xml/ns/javaee" xsi:schemaLocation="http://java.sun.com/xml/ns/javaee http://java.sun.com/xml/ns/javaee/application_5.xsd" id="Application_ID" version="5">
  <display-name>commweb-groupadmin</display-name>
  <module id="Module_1412780665804">
    <web>
      <web-uri>groupadmin-secure.war</web-uri>
      <context-root>cga_secure</context-root>
    </web>
  </module>
  <module id="Module_1412780779908">
    <web>
      <web-uri>groupadmin-nonsecure.war</web-uri>
      <context-root>cga_open</context-root>
    </web>
  </module>
  <library-directory></library-directory>
</application>