<EVENT>
	<eventDetailRecord level="10" length="1000" mfname="EVENT-DETAIL-RECORD" position="1">
		<eventSystemPrefix level="12" length="4" mfname="EVENT-SYSTEM-PREFIX" pic="X(4)" position="1">
		    <eventValidPrefixes level="88" mfname="EVENT-VALID-PREFIXES" value="EVMN"/>
		</eventSystemPrefix>
		<eventActionRequested  level="12" mfname="EVENT-ACTION-REQUESTED" pic="X(1)" length="1" position="5">
			<eventActionAdd level="88" mfname="EVENT-ACTION-ADD" value="A"/>
		</eventActionRequested>
		<eventReturnConditionCode level="12" mfname="EVENT-RETURN-CONDITION-CODE" pic="X(2)" length="2" position="6"/>
		<eventReturnMessage level="12" mfname="EVENT-RETURN-MESSAGE" pic="X(80)" length="80" position="8"/>
		<eventReturnSqlCode level="12" mfname="EVENT-RETURN-SQL-CODE" pic="X(5)" length="5" position="88"/>
		<eventReturnModName level="12" mfname="EVENT-RETURN-MOD-NAME" pic="X(8)" length="8" position="93"/>
		<eventReturnTabName level="12" mfname="EVENT-RETURN-TAB-NAME" pic="X(8)" length="8" position="101"/>
		<eventReturnSqlFunction level="12" mfname="EVENT-RETURN-SQL-FUNCTION" pic="X(8)" length="8" position="109"/>
		<eventReturnUniqueCode level="12" mfname="EVENT-RETURN-UNIQUE-CODE" pic="X(8)" length="8" position="117"/>
		<eventErrorFlag level="12" mfname="EVENT-ERROR-FLAG" pic="X(1)" length="1" position="125"/>
		<eventCollectionId level="12" mfname="EVENT-COLLECTION-ID" pic="X(8)" length="8" position="126"/>
		<eventFiller1 level="12" mfname="EVENT-FILLER1" pic="X(1)" length="1" position="134"/>
		<eventPackInd level="12" mfname="EVENT-PACK-IND" pic="X(1)" length="1" position="135"/>
		<eventUnpackedSequenceNumber level="12" mfname="EVENT-UNPACKED-SEQUENCE-NUMBER" pic="X(3)" length="3" position="136"/>
		<eventElapsedTime level="12" mfname="EVENT-ELAPSED-TIME" pic="X(13)" length="13" position="139"/>
		<eventMqInSequenceInd level="12" mfname="EVENT-MQ-IN-SEQUENCE-IND" pic="X(1)" length="1" position="152"/>
		<eventLastRecordInd level="12" mfname="EVENT-LAST-RECORD-IND" pic="X(1)" length="1" position="153"/>
		<eventRecordTypeInd level="12" mfname="EVENT-RECORD-TYPE-IND" pic="X(1)" length="1" position="154"/>
		<eventLongRecordSequence level="12" mfname="EVENT-LONG-RECORD-SEQUENCE" pic="X(7)" length="7" position="155"/>
		<eventFiller2 level="12" mfname="EVENT-FILLER2" pic="X(39)" length="39" position="162"/>
		<eventRpn level="12" mfname="EVENT-RPN" pic="X(3)" length="3" position="201"/>
		<eventPlan level="12" mfname="EVENT-PLAN" pic="X(3)" length="3" position="204"/>
		<eventCustomerArea level="12" mfname="EVENT-CUSTOMER-AREA" pic="X(5)" length="5" position="207"/>
		<eventCode level="12" mfname="EVENT-CODE" pic="X(5)" length="5" position="212"/>
		<eventOrigination level="12" mfname="EVENT-ORIGINATION" pic="X(5)" length="5" position="217"/>
		<eventOriginator level="12" mfname="EVENT-ORIGINATOR" pic="X(43)" length="43" position="222"/>
		<eventDate level="12" mfname="EVENT-DATE" pic="X(10)" length="10" position="265"/>
		<eventTime level="12" mfname="EVENT-TIME" pic="X(8)" length="8" position="275"/>
		<eventLoadProgram level="12" mfname="EVENT-LOAD-PROGRAM" pic="X(8)" length="8" position="283"/>
		<eventLoadTimeStamp level="12" mfname="EVENT-LOAD-TIME-STAMP" pic="X(26)" length="26" position="291"/>
		<eventStatus level="12" mfname="EVENT-STATUS" pic="X(2)" length="2" position="317"/>
		<eventDeleteInd level="12" mfname="EVENT-DELETE-IND" pic="X(1)" length="1" position="319"/>
		<eventInd level="12" mfname="EVENT-IND" pic="X(2)" length="2" position="320"/>
		<eventSequenceNumber level="12" mfname="EVENT-SEQ-NBR" pic="X(2)" length="2" position="322"/>
		<eventKey01 level="12" mfname="EVENT-KEY-01" pic="X(80)" length="80" position="324"/>
		<eventKeyElapsedTime level="12" mfname="EVENT-KEY-ELAPSED-TIME" pic="X(7)" length="7" position="404"/>
		<eventTypeOf01 level="12" mfname="EVENT-TYPE-OF-01" pic="X(5)" length="5" position="411"/>
		<eventData01 level="12" mfname="EVENT-DATA-01" pic="X(80)" length="80" position="416"/>
		<eventTypeOf02 level="12" mfname="EVENT-TYPE-OF-02" pic="X(5)" length="5" position="496"/>
		<eventData02 level="12" mfname="EVENT-DATA-02" pic="X(80)" length="80" position="501"/>
		<eventTypeOf03 level="12" mfname="EVENT-TYPE-OF-03" pic="X(5)" length="5" position="581"/>
		<eventData03 level="12" mfname="EVENT-DATA-03" pic="X(60)" length="60" position="586"/>
		<eventTypeOf04 level="12" mfname="EVENT-TYPE-OF-04" pic="X(5)" length="5" position="646"/>
		<eventData04 level="12" mfname="EVENT-DATA-04" pic="X(30)" length="30" position="651"/>
		<eventTypeOf05 level="12" mfname="EVENT-TYPE-OF-05" pic="X(5)" length="5" position="681"/>
		<eventData05 level="12" mfname="EVENT-DATA-05" pic="X(20)" length="20" position="686"/>
		<eventTypeOf06 level="12" mfname="EVENT-TYPE-OF-06" pic="X(5)" length="5" position="706"/>
		<eventData06 level="12" mfname="EVENT-DATA-06" pic="X(80)" length="80" position="711"/>
		<eventTypeOf07 level="12" mfname="EVENT-TYPE-OF-07" pic="X(5)" length="5" position="791"/>
		<eventData07 level="12" mfname="EVENT-DATA-07" pic="X(60)" length="60" position="796"/>
		<eventTypeOf08 level="12" mfname="EVENT-TYPE-OF-08" pic="X(5)" length="5" position="856"/>
		<eventData08a level="12" mfname="EVENT-DATA-08A" pic="X(6)" length="6" position="861"/>
		<eventData08b level="12" mfname="EVENT-DATA-08B" pic="X(6)" length="6" position="867"/>
		<eventData08c level="12" mfname="EVENT-DATA-08C" pic="X(6)" length="6" position="873"/>
		<eventData08d level="12" mfname="EVENT-DATA-08D" pic="X(9)" length="9" position="879"/>
		<eventData08filler level="12" mfname="EVENT-FILLER3" pic="X(3)" length="3" position="888"/>
		<eventTypeOf09 level="12" mfname="EVENT-TYPE-OF-09" pic="X(5)" length="5" position="891"/>
		<eventData09 level="12" mfname="EVENT-DATA-09" pic="X(30)" length="30" position="896"/>
		<eventTypeOf10 level="12" mfname="EVENT-TYPE-OF-10" pic="X(5)" length="5" position="926"/>
		<eventData10 level="12" mfname="EVENT-DATA-10" pic="X(20)" length="20" position="931"/>
		<eventTypeOf11 level="12" mfname="EVENT-TYPE-OF-11" pic="X(5)" length="5" position="951"/>
		<eventData11 level="12" mfname="EVENT-DATA-11" pic="X(20)" length="20" position="956"/>
		<eventTypeOf12 level="12" mfname="EVENT-TYPE-OF-12" pic="X(5)" length="5" position="976"/>
		<eventData12 level="12" mfname="EVENT-DATA-12" pic="X(20)" length="20" position="981"/>
	</eventDetailRecord>
</EVENT>