<?xml version="1.0" encoding="UTF-8"?>

<maps>
    <!-- Mappings for Summary of Benefits and Coverage Start event -->
	<map name="SBC.START.MAPPINGS">
		<fields>
			<field from="string('EVMN')" to="EVENT-SYSTEM-PREFIX" />
			<field from="string('A')" to="EVENT-ACTION-REQUESTED" />
			<field from="string('')" to="EVENT-RETURN-CONDITION-CODE" />
			<field from="string('')" to="EVENT-RETURN-MESSAGE" />
			<field from="string('')" to="EVENT-RETURN-SQL-CODE" />
			<field from="string('')" to="EVENT-RETURN-MOD-NAME" />
			<field from="string('')" to="EVENT-RETURN-TAB-NAME" />
			<field from="string('00000')" to="EVENT-RETURN-SQL-FUNCTION" />
			<field from="string('')" to="EVENT-RETURN-UNIQUE-CODE" />
			<field from="string('')" to="EVENT-ERROR-FLAG" />
			<field from="string('')" to="EVENT-COLLECTION-ID" />
			<field from="string('')" to="EVENT-FILLER1" />
			<field from="string('Y')" to="EVENT-PACK-IND" />
			<field from="string('001')" to="EVENT-UNPACKED-SEQUENCE-NUMBER" />
			<field from="string('0000000000000')" to="EVENT-ELAPSED-TIME" />
			<field from="string('')" to="EVENT-MQ-IN-SEQUENCE-IND" />
			<field from="string('')" to="EVENT-LAST-RECORD-IND" />
			<field from="string('')" to="EVENT-RECORD-TYPE-IND" />
			<field from="string('')" to="EVENT-LONG-RECORD-SEQUENCE" />
			<field from="string('')" to="EVENT-FILLER2" />
			<field from="rpn" to="EVENT-RPN" />
			<field from="string('885')" to="EVENT-PLAN" />
			<field from="string('BSIND')" to="EVENT-CUSTOMER-AREA" />
			<field from="string('20400')" to="EVENT-CODE" />
			<field from="string('DO002')" to="EVENT-ORIGINATION" />
			<field from="string('MBR')" to="EVENT-ORIGINATOR" />
			<field from="date" to="EVENT-DATE" />
			<field from="time" to="EVENT-TIME" />
			<field from="string('')" to="EVENT-LOAD-PROGRAM" />
			<field from="string('')" to="EVENT-LOAD-TIME-STAMP" />
			<field from="string('')" to="EVENT-STATUS" />
			<field from="string('')" to="EVENT-DELETE-IND" />
			<field from="string('')" to="EVENT-IND" />
			<field from="string('')" to="EVENT-SEQ-NBR" />
			<field from="key01" to="EVENT-KEY-01" />
			<field from="string('0')" to="EVENT-KEY-ELAPSED-TIME" />
			<field from="string('HC005')" to="EVENT-TYPE-OF-01" />
			<field from="data01" to="EVENT-DATA-01" />
			<field from="string('CC805')" to="EVENT-TYPE-OF-02" />
			<field from="data02" to="EVENT-DATA-02" />
			<field from="string('')" to="EVENT-TYPE-OF-03" />
			<field from="string('')" to="EVENT-DATA-03" />
			<field from="string('')" to="EVENT-TYPE-OF-04" />
			<field from="string('')" to="EVENT-DATA-04" />
			<field from="string('')" to="EVENT-TYPE-OF-05" />
			<field from="string('')" to="EVENT-DATA-05" />
			<field from="string('')" to="EVENT-TYPE-OF-06" />
			<field from="string('')" to="EVENT-DATA-06" />
			<field from="string('')" to="EVENT-TYPE-OF-07" />
			<field from="string('')" to="EVENT-DATA-07" />
			<field from="string('')" to="EVENT-TYPE-OF-08" />
			<field from="string('')" to="EVENT-DATA-08A" />
			<field from="string('')" to="EVENT-DATA-08B" />
			<field from="string('')" to="EVENT-DATA-08C" />
			<field from="string('')" to="EVENT-DATA-08D" />
			<field from="string('')" to="EVENT-TYPE-OF-09" />
			<field from="string('')" to="EVENT-DATA-09" />
			<field from="string('CC260')" to="EVENT-TYPE-OF-10" />
			<field from="data10" to="EVENT-DATA-10" />
			<field from="string('CC261')" to="EVENT-TYPE-OF-11" />
			<field from="data11" to="EVENT-DATA-11" />
			<field from="string('CC262')" to="EVENT-TYPE-OF-12" />
			<field from="string('UA')" to="EVENT-DATA-12" />
		</fields>
	</map>

    <!-- Mappings for Summary of Benefits and Coverage Final event -->
    <map name="SBC.FINAL.MAPPINGS">
        <fields>
            <field from="string('EVMN')" to="EVENT-SYSTEM-PREFIX" />
            <field from="string('A')" to="EVENT-ACTION-REQUESTED" />
            <field from="string('')" to="EVENT-RETURN-CONDITION-CODE" />
            <field from="string('')" to="EVENT-RETURN-MESSAGE" />
            <field from="string('')" to="EVENT-RETURN-SQL-CODE" />
            <field from="string('')" to="EVENT-RETURN-MOD-NAME" />
            <field from="string('')" to="EVENT-RETURN-TAB-NAME" />
            <field from="string('00000')" to="EVENT-RETURN-SQL-FUNCTION" />
            <field from="string('')" to="EVENT-RETURN-UNIQUE-CODE" />
            <field from="string('')" to="EVENT-ERROR-FLAG" />
            <field from="string('')" to="EVENT-COLLECTION-ID" />
            <field from="string('')" to="EVENT-FILLER1" />
            <field from="string('Y')" to="EVENT-PACK-IND" />
            <field from="string('001')" to="EVENT-UNPACKED-SEQUENCE-NUMBER" />
            <field from="string('0000000000000')" to="EVENT-ELAPSED-TIME" />
            <field from="string('')" to="EVENT-MQ-IN-SEQUENCE-IND" />
            <field from="string('')" to="EVENT-LAST-RECORD-IND" />
            <field from="string('')" to="EVENT-RECORD-TYPE-IND" />
            <field from="string('')" to="EVENT-LONG-RECORD-SEQUENCE" />
            <field from="string('')" to="EVENT-FILLER2" />
            <field from="rpn" to="EVENT-RPN" />
            <field from="string('885')" to="EVENT-PLAN" />
            <field from="string('BSIND')" to="EVENT-CUSTOMER-AREA" />
            <field from="string('20410')" to="EVENT-CODE" />
            <field from="string('DO002')" to="EVENT-ORIGINATION" />
            <field from="string('MBR')" to="EVENT-ORIGINATOR" />
            <field from="date" to="EVENT-DATE" />
            <field from="time" to="EVENT-TIME" />
            <field from="string('')" to="EVENT-LOAD-PROGRAM" />
            <field from="string('')" to="EVENT-LOAD-TIME-STAMP" />
            <field from="string('')" to="EVENT-STATUS" />
            <field from="string('')" to="EVENT-DELETE-IND" />
            <field from="string('')" to="EVENT-IND" />
            <field from="string('')" to="EVENT-SEQ-NBR" />
            <field from="key01" to="EVENT-KEY-01" />
            <field from="string('0')" to="EVENT-KEY-ELAPSED-TIME" />
            <field from="string('HC005')" to="EVENT-TYPE-OF-01" />
            <field from="data01" to="EVENT-DATA-01" />
            <field from="string('CC805')" to="EVENT-TYPE-OF-02" />
            <field from="data02" to="EVENT-DATA-02" />
            <field from="string('')" to="EVENT-TYPE-OF-03" />
            <field from="string('')" to="EVENT-DATA-03" />
            <field from="string('')" to="EVENT-TYPE-OF-04" />
            <field from="string('')" to="EVENT-DATA-04" />
            <field from="string('')" to="EVENT-TYPE-OF-05" />
            <field from="string('')" to="EVENT-DATA-05" />
            <field from="string('')" to="EVENT-TYPE-OF-06" />
            <field from="string('')" to="EVENT-DATA-06" />
            <field from="string('')" to="EVENT-TYPE-OF-07" />
            <field from="string('')" to="EVENT-DATA-07" />
            <field from="string('')" to="EVENT-TYPE-OF-08" />
            <field from="string('')" to="EVENT-DATA-08A" />
            <field from="string('')" to="EVENT-DATA-08B" />
            <field from="string('')" to="EVENT-DATA-08C" />
            <field from="string('')" to="EVENT-DATA-08D" />
            <field from="string('')" to="EVENT-TYPE-OF-09" />
            <field from="string('')" to="EVENT-DATA-09" />
            <field from="string('CC260')" to="EVENT-TYPE-OF-10" />
            <field from="data10" to="EVENT-DATA-10" />
            <field from="string('CC261')" to="EVENT-TYPE-OF-11" />
            <field from="data11" to="EVENT-DATA-11" />
            <field from="string('CC262')" to="EVENT-TYPE-OF-12" />
            <field from="string('UA')" to="EVENT-DATA-12" />
        </fields>
    </map>

    <!-- Mappings for Summary of Benefits and Coverage Fail event -->
    <map name="SBC.FAIL.MAPPINGS">
        <fields>
            <!-- Begin common section -->
            <field from="string('EVMN')" to="EVENT-SYSTEM-PREFIX" />
            <field from="string('A')" to="EVENT-ACTION-REQUESTED" />
            <field from="string('')" to="EVENT-RETURN-CONDITION-CODE" />
            <field from="string('')" to="EVENT-RETURN-MESSAGE" />
            <field from="string('')" to="EVENT-RETURN-SQL-CODE" />
            <field from="string('')" to="EVENT-RETURN-MOD-NAME" />
            <field from="string('')" to="EVENT-RETURN-TAB-NAME" />
            <field from="string('00000')" to="EVENT-RETURN-SQL-FUNCTION" />
            <field from="string('')" to="EVENT-RETURN-UNIQUE-CODE" />
            <field from="string('')" to="EVENT-ERROR-FLAG" />
            <field from="string('')" to="EVENT-COLLECTION-ID" />
            <field from="string('')" to="EVENT-FILLER1" />
            <field from="string('Y')" to="EVENT-PACK-IND" />
            <field from="sequenceNumber" to="EVENT-UNPACKED-SEQUENCE-NUMBER" />
            <field from="string('0000000000000')" to="EVENT-ELAPSED-TIME" />
            <field from="string('')" to="EVENT-MQ-IN-SEQUENCE-IND" />
            <field from="lastRecordIndicator" to="EVENT-LAST-RECORD-IND" />
            <field from="string('')" to="EVENT-RECORD-TYPE-IND" />
            <field from="string('')" to="EVENT-LONG-RECORD-SEQUENCE" />
            <field from="string('')" to="EVENT-FILLER2" />
            <field from="rpn" to="EVENT-RPN" />
            <field from="string('885')" to="EVENT-PLAN" />
            <field from="string('BSIND')" to="EVENT-CUSTOMER-AREA" />
            <field from="string('20450')" to="EVENT-CODE" />
            <field from="string('DO002')" to="EVENT-ORIGINATION" />
            <field from="string('MBR')" to="EVENT-ORIGINATOR" />
            <field from="date" to="EVENT-DATE" />
            <field from="time" to="EVENT-TIME" />
            <field from="string('')" to="EVENT-LOAD-PROGRAM" />
            <field from="string('')" to="EVENT-LOAD-TIME-STAMP" />
            <field from="string('')" to="EVENT-STATUS" />
            <field from="string('')" to="EVENT-DELETE-IND" />
            <field from="string('')" to="EVENT-IND" />
            <field from="string('')" to="EVENT-SEQ-NBR" />
            <field from="key01" to="EVENT-KEY-01" />
            <field from="string('')" to="EVENT-KEY-ELAPSED-TIME" />
            <field from="string('*L001')" to="EVENT-TYPE-OF-01" />
            <field from="data01" to="EVENT-DATA-01" />
            <field from="string('*L002')" to="EVENT-TYPE-OF-02" />
            <field from="data02" to="EVENT-DATA-02" />
            <field from="string('*L003')" to="EVENT-TYPE-OF-03" />
            <field from="data03" to="EVENT-DATA-03" />
            <field from="typeOf04" to="EVENT-TYPE-OF-04" />
            <field from="data04" to="EVENT-DATA-04" />
            <field from="typeOf05" to="EVENT-TYPE-OF-05" />
            <field from="data05" to="EVENT-DATA-05" />
            <field from="string('')" to="EVENT-TYPE-OF-06" />
            <field from="string('')" to="EVENT-DATA-06" />
            <field from="typeOf07" to="EVENT-TYPE-OF-07" />
            <field from="data07" to="EVENT-DATA-07" />
            <field from="typeOf08" to="EVENT-TYPE-OF-08" />
            <field from="data08a" to="EVENT-DATA-08A" />
            <field from="data08b" to="EVENT-DATA-08B" />
            <field from="data08c" to="EVENT-DATA-08C" />
            <field from="data08d" to="EVENT-DATA-08D" />
            <field from="string('')" to="EVENT-TYPE-OF-09" />
            <field from="string('')" to="EVENT-DATA-09" />
            <field from="string('')" to="EVENT-TYPE-OF-10" />
            <field from="string('')" to="EVENT-DATA-10" />
            <field from="typeOf11" to="EVENT-TYPE-OF-11" />
            <field from="data11" to="EVENT-DATA-11" />
            <field from="typeOf12" to="EVENT-TYPE-OF-12" />
            <field from="data12" to="EVENT-DATA-12" />
        </fields>
    </map>
</maps>