<?xml version="1.0" encoding="UTF-8"?>
<pluginInfo>
  <author name="Satish Mogasati">
    <organization>FannieMae</organization>
    <email>s9ussm@fanniemae.com</email>
    <website>http://fanniemae.com</website>
    <bio/>
  </author>
  <integration type="automation"/>
  <tool-description>Plugin for FannieMae specific DTM operations</tool-description>
  <!-- Do not change the release-version, the build process injects it. -->
  <release-version>1.0</release-version>
  <release-notes>
    <release-note plugin-version="1">
      FannieMae DTM operations
    </release-note>
  </release-notes>
</pluginInfo>