{
    "securityResourceId": "167a8e09-e9a4-eff2-1817-e1cba323241c",
    "path": "componentTemplates\/167a8e09-e9ed-fd6d-b870-142804d82fba",
    "name": "Java (DOE)",
    "description": "Java Template for Release Pipeline Build out",
    "ignoreQualifiers": 0,
    "componentType": "STANDARD",
    "tags": [
        {
            "id": "168a5c58-aed4-2421-798e-c6adc04ae292",
            "name": "Java-DOE",
            "color": "#00B2EF",
            "objectType": "Component"
        },
        {
            "id": "16a790ff-47b7-2985-146b-4e8f85d4cf5e",
            "name": "fortify",
            "color": "#007670",
            "objectType": "Component"
        }
    ],
    "active": true,
    "envPropDefs": [{
        "name": "envName",
        "label": "envName",
        "pattern": "",
        "type": "TEXT",
        "required": false,
        "description": "",
        "placeholder": ""
    }],
    "resPropDefs": [],
    "propDefs": [
        {
            "name": "deployPath",
            "label": "deployPath",
            "pattern": "",
            "type": "TEXT",
            "required": true,
            "description": "",
            "placeholder": ""
        },
        {
            "name": "compType",
            "label": "compType",
            "pattern": "",
            "type": "SELECT",
            "required": true,
            "description": "Field for indicating whether the component is a zip, jar, etc",
            "placeholder": "",
            "allowedValues": [
                {
                    "label": ".jar",
                    "value": ".jar"
                },
                {
                    "label": ".zip",
                    "value": ".zip"
                }
            ]
        },
        {
            "name": "unzipPath",
            "label": "unzipPath",
            "pattern": "",
            "type": "TEXT",
            "value": "unzipped",
            "required": true,
            "description": "specify within a zip what needs to be deployed",
            "placeholder": ""
        },
        {
            "name": "repoURL",
            "label": "repoURL",
            "pattern": "",
            "type": "TEXT",
            "required": true,
            "description": "URL for component repository",
            "placeholder": ""
        },
        {
            "name": "javaVersion",
            "label": "javaVersion",
            "pattern": "",
            "type": "TEXT",
            "value": "1.8",
            "required": true,
            "description": "Java version for HP fortify scan",
            "placeholder": ""
        }
    ],
    "properties": [
        {
            "name": "appsecScanRequired",
            "value": "true",
            "description": "",
            "secure": false
        },
        {
            "name": "nexusScanRequired",
            "value": "true",
            "description": "",
            "secure": false
        }
    ],
    "processes": [
        {
            "name": "RunFortifyScan",
            "description": "",
            "defaultWorkingDir": "${p:resource\/work.dir}\/${p:component.name}",
            "takesVersion": true,
            "status": "",
            "active": true,
            "path": "componentTemplates\/167a8e09-e9ed-fd6d-b870-142804d82fba\/processes\/16a624ec-6b08-6a09-3e88-e35c98c3690f",
            "deleted": false,
            "propDefs": [],
            "rootActivity": {
                "edges": [
                    {
                        "to": "b863183f9a5373ad90196c9249f49a",
                        "from": "Run Fortify Scan",
                        "type": "FAILURE",
                        "value": ""
                    },
                    {
                        "to": "Fortify Version - Check Status",
                        "from": "Check appsecScanRequired",
                        "type": "VALUE",
                        "value": "true"
                    },
                    {
                        "to": "Get Version Properties",
                        "from": "Check fortifyVersionCheckStatusResult",
                        "type": "VALUE",
                        "value": ""
                    },
                    {
                        "to": "Check appsecScanRequired",
                        "type": "ALWAYS",
                        "value": ""
                    },
                    {
                        "to": "46161ec33be78f083d5162b73814e9",
                        "from": "Fortify Version - Set Status",
                        "type": "SUCCESS",
                        "value": ""
                    },
                    {
                        "to": "Check fortifyVersionCheckStatusResult",
                        "from": "Fortify Version - Check Status",
                        "type": "SUCCESS",
                        "value": ""
                    },
                    {
                        "to": "Fortify Version - Set Status",
                        "from": "Run Fortify Scan",
                        "type": "SUCCESS",
                        "value": ""
                    },
                    {
                        "to": "46161ec33be78f083d5162b73814e9",
                        "from": "Check appsecScanRequired",
                        "type": "VALUE",
                        "value": ""
                    },
                    {
                        "to": "46161ec33be78f083d5162b73814e9",
                        "from": "Check fortifyVersionCheckStatusResult",
                        "type": "VALUE",
                        "value": "true"
                    },
                    {
                        "to": "Run Fortify Scan",
                        "from": "Get Component Properties",
                        "type": "SUCCESS",
                        "value": ""
                    },
                    {
                        "to": "46161ec33be78f083d5162b73814e9",
                        "from": "b863183f9a5373ad90196c9249f49a",
                        "type": "SUCCESS",
                        "value": ""
                    },
                    {
                        "to": "Get Component Properties",
                        "from": "Get Version Properties",
                        "type": "SUCCESS",
                        "value": ""
                    }
                ],
                "offsets": [
                    {
                        "name": "Check appsecScanRequired",
                        "x": -350,
                        "y": 160,
                        "h": 120,
                        "w": 860
                    },
                    {
                        "name": "Get Version Properties",
                        "x": -376.7901234567902,
                        "y": 670,
                        "h": 120,
                        "w": 570
                    },
                    {
                        "name": "Get Component Properties",
                        "x": -457.57716049382714,
                        "y": 840,
                        "h": 120,
                        "w": 640
                    },
                    {
                        "name": "Check fortifyVersionCheckStatusResult",
                        "x": -885.1234567901236,
                        "y": 500,
                        "h": 120,
                        "w": 1340
                    },
                    {
                        "name": "Fortify Version - Check Status",
                        "x": -571.7901234567902,
                        "y": 330,
                        "h": 120,
                        "w": 850
                    },
                    {
                        "name": "Run Fortify Scan",
                        "x": -368.3641975308642,
                        "y": 1010,
                        "h": 120,
                        "w": 370
                    },
                    {
                        "name": "b863183f9a5373ad90196c9249f49a",
                        "x": -726.7901234567902,
                        "y": 1200,
                        "h": 80,
                        "w": 390
                    },
                    {
                        "name": "Fortify Version - Set Status",
                        "x": -306.7901234567902,
                        "y": 1180,
                        "h": 120,
                        "w": 850
                    },
                    {
                        "name": "46161ec33be78f083d5162b73814e9",
                        "x": -296.7901234567902,
                        "y": 1350,
                        "h": 110,
                        "w": 180
                    }
                ],
                "layoutMode": "auto",
                "type": "graph",
                "name": "ff31b5ec-7799-4005-a9d1-18e096e6dfdb",
                "children": [
                    {
                        "type": "finish",
                        "name": "46161ec33be78f083d5162b73814e9",
                        "children": []
                    },
                    {
                        "propertyName": "${p?:component\/appsecScanRequired}",
                        "type": "switch",
                        "name": "Check appsecScanRequired",
                        "children": []
                    },
                    {
                        "allowFailure": false,
                        "useImpersonation": false,
                        "showHidden": false,
                        "impersonationUseSudo": false,
                        "pluginVersion": 7,
                        "commandName": "Run Groovy Class With UCD and UCR API Access",
                        "pluginName": "Groovy for UCD Scripting",
                        "authTokenRestriction": "20000001-0001-0001-0001-000000000000",
                        "properties": {
                            "groovyScript": "import com.ibm.css.ucd.application.Application\r\nimport com.ibm.css.ucd.component.Component\r\nimport com.ibm.css.ucd.component.version.ComponentVersion\r\nimport com.ibm.css.ucd.property.Property\r\nimport com.ibm.css.ucd.services.StatusServices\r\nimport com.ibm.css.ucd.services.UcdConnectionServices\r\nimport com.ibm.css.ucd.snapshot.Snapshot\r\nimport com.ibm.css.ucd.status.ComponentVersionStatus\r\nimport com.ibm.issr.core.log.Logger\r\nimport com.ibm.issr.provision.hook.ScriptWithUcdServicesHook\r\nimport com.ibm.css.ucd.status.ComponentVersionStatusInstance\r\nimport com.ibm.css.ucd.status.SnapshotStatus\r\nimport com.ibm.css.ucd.status.SnapshotStatusInstance\r\n\r\nimport java.io.File\r\n\r\n\r\n\/**\r\n * Groovy script class which has access to UCD API Services.\r\n *\r\n *\/\r\nclass FortifyVersionCheckStatus extends ScriptWithUcdServicesHook {\r\n        \/\/**********************************************\r\n        \/\/  UCD Process PARAMETERS (Process properties) \r\n        \/\/**********************************************\r\n\t    \/\/ Note: this will be used in component process.\r\n        String applicationId = \"${p:application.id}\"\r\n        String snapshotName = \"${p:snapshot.name}\"\t\t\r\n\t\tString STATUS_passedStatusName = \"${p:FORTIFY_STATUS_PASSED_STATUS_NAME}\"\t\t\r\n\t\tString versionId = \"${p:version.id}\"\r\n\t\tString componentName = \"${p:component.name}\"\r\n\r\n\t\t\r\n        \/**\r\n         * This is the script function that is executed.\r\n         * @param ucdConnectionServices UCD API Services\r\n         *\/\r\n        public void runScript(UcdConnectionServices ucdConnectionServices, Properties outProps ) {\r\n                Logger.info \"Application ID: \" + applicationId\r\n                Logger.info \"Snapshot name: \" + snapshotName\r\n\t\t\t\tLogger.info \"versionId: \" + versionId\r\n\t\t\t\tLogger.info \"componentName: \" + componentName\r\n\t\t\t\t\r\n                \/\/ Get the application\r\n                Application application = ucdConnectionServices.getApplicationServices().getApplicationById(applicationId)\r\n                Logger.info \"Found application ID \" + application.id\r\n\t\t\t\t\r\n\t\t\t\tString applicationName = application.getName();\t\t\t\t\r\n\r\n                \/\/ Get the snapshot\r\n                Snapshot snapshot = application.getSnapshot(snapshotName)\t\r\n\t\t\t\t\r\n\t\t\t\tStatusServices statusServices = ucdConnectionServices.getStatusServices()\t\t\t\t\r\n\t\t\t\tString messageSnapshot = \"application[\"+applicationName+\"].snapshot[\"+snapshotName+\"]\"\t\t\t\r\n\t\t\t\t\t\t\t\t\t\t\t\t\t\t\t\r\n\t\t\t\tboolean fortifyVersionCheckStatusResult = false\r\n\t\t\t\tComponentVersionStatusInstance versionStatus = getComponentVersionStatusByVersionId(snapshot, versionId, STATUS_passedStatusName)\r\n\t\t\t\tif(versionStatus != null) {\r\n\t\t\t\t\tfortifyVersionCheckStatusResult = true\r\n\t\t\t\t\tLogger.info \"versionStatus = \" + versionStatus.getName()\r\n\t\t\t\t\toutProps.put(\"versionStatus\", versionStatus.getName())\r\n\t\t\t\t} else {\r\n\t\t\t\t\tLogger.info \"versionStatus = \" + null\r\n\t\t\t\t\toutProps.put(\"versionStatus\", \"\");\r\n\t\t\t\t}\r\n\t\t\t\t\r\n\t\t\t\tLogger.info \"fortifyVersionCheckStatusResult = \" + fortifyVersionCheckStatusResult.toString()\r\n\t\t\t\toutProps.put(\"fortifyVersionCheckStatusResult\", fortifyVersionCheckStatusResult.toString())\r\n        }\r\n\t\t\r\n\t\tpublic static SnapshotStatusInstance getSnapshotStatusByName(Snapshot snapshot, String statusName) {\r\n\t\t\tSnapshotStatusInstance toReturn = null;\r\n\t\t\tList statusFlags = snapshot.getSnapshotStatuses();\r\n\t\t\tstatusFlags.each { SnapshotStatusInstance status ->\r\n\t\t\t\tif (status.name == statusName) {\r\n\t\t\t\t\tLogger.info \"getSnapshotStatusByName() -> snapshot status \" + statusName + \" FOUND for snapshot name: \" + snapshot.getName()\r\n\t\t\t\t\ttoReturn = status\r\n\t\t\t\t}\r\n\t\t\t}\r\n\r\n\t\t\treturn toReturn;\r\n\t\t}\r\n\t\t\r\n\t\tpublic static ComponentVersion getComponentVersionByVersionNameAndComponentName(Snapshot snapshot, String versionName, String componentName) {\r\n\t\t\tComponentVersion toReturn = null;\t\t\t\r\n\t\t\tList componentVersions = snapshot.getComponentVersionObjects()\r\n\t\t\tint counter = 0\r\n\t\t\tcomponentVersions.each { ComponentVersion componentVersion ->\r\n\t\t\t\tString componentVersionName = componentVersion.getName()\r\n\t\t\t\tString componentVersionComponentName = componentVersion.getComponent().getName()\r\n\t\t\t\tif (componentVersionName == versionName && componentVersionComponentName == componentName) {\r\n\t\t\t\t\tLogger.info \"getComponentVersionByVersionNameAndComponentName() -> ComponentVersion FOUND for versionName: \" + versionName + \", componentName: \" + componentName\r\n\t\t\t\t\ttoReturn = componentVersion\r\n\t\t\t\t}\r\n\t\t\t}\r\n\r\n\t\t\treturn toReturn;\r\n\t\t}\r\n\t\t\r\n\t\tpublic static ComponentVersion getComponentVersionByVersionId(Snapshot snapshot, String versionId) {\r\n\t\t\tComponentVersion toReturn = null;\r\n\t\t\tList componentVersions = snapshot.getComponentVersionObjects()\r\n\t\t\tint counter = 0\r\n\t\t\tcomponentVersions.each { ComponentVersion componentVersion ->\r\n\t\t\t\tString componentVersionId = componentVersion.getId()\r\n\t\t\t\tif (componentVersionId == versionId) {\r\n\t\t\t\t\tLogger.info \"getComponentVersionByVersionId() -> ComponentVersion FOUND for versionId: \" + versionId\r\n\t\t\t\t\ttoReturn = componentVersion\r\n\t\t\t\t}\r\n\t\t\t}\r\n\r\n\t\t\treturn toReturn;\r\n\t\t}\r\n\t\t\r\n\t\tpublic static ComponentVersionStatusInstance getComponentVersionStatusByVersionId(Snapshot snapshot, String versionId, String statusName) {\r\n\t\t\tComponentVersionStatusInstance toReturn = null;\r\n\t\t\tComponentVersion componentVersion = getComponentVersionByVersionId(snapshot, versionId)\r\n\t\t\tif(componentVersion != null) {\r\n\t\t\t\tList statusFlags = componentVersion.getComponentVersionStatuses()\r\n\t\t\t\tstatusFlags.each { ComponentVersionStatusInstance status ->\r\n\t\t\t\t\tif (status.name == statusName) {\r\n\t\t\t\t\t\tLogger.info \"getComponentVersionStatusByVersionId() -> Version status \" + statusName + \" FOUND for component version name: \" + componentVersion.name + \", component version ID: \" + componentVersion.id + \", from component named: \" + componentVersion.component.name\r\n\t\t\t\t\t\ttoReturn = status\r\n\t\t\t\t\t}\r\n\t\t\t\t}\r\n\t\t\t} else {\r\n\t\t\t\tLogger.info \"getComponentVersionStatusByVersionId() -> componentVersion is null for versionId: \" + versionId + \", snapshot: \" + snapshot.getName()\t\t\t\t\r\n\t\t\t}\r\n\r\n\t\t\treturn toReturn;\r\n\t\t}\r\n\t\t\r\n\t\t\r\n\t\tpublic static ComponentVersionStatusInstance getComponentVersionStatusByName(ComponentVersion componentVersion, String statusName) {\r\n\t\t\tComponentVersionStatusInstance toReturn = null;\r\n\t\t\tList statusFlags = componentVersion.getComponentVersionStatuses()\r\n\t\t\tstatusFlags.each { ComponentVersionStatusInstance status ->\r\n\t\t\t\tif (status.name == statusName) {\r\n\t\t\t\t\tLogger.info \"getComponentVersionStatusByName() -> Version status \" + statusName + \" FOUND for component version name: \" + componentVersion.name + \", component version ID: \" + componentVersion.id + \", from component named: \" + componentVersion.component.name\r\n\t\t\t\t\ttoReturn = status\r\n\t\t\t\t}\r\n\t\t\t}\r\n\t\t\t\t\r\n\t\t\treturn toReturn;\r\n\t\t}\r\n\r\n}\r\n\r\n",
                            "groovyScriptClassname": "GroovyScript",
                            "loggingLevel": "info"
                        },
                        "cachedAuthTokenRestriction": {
                            "name": "System Default",
                            "description": "Used by default for any plugin steps without a specified token restriction",
                            "restrictions": [{
                                "verb": "ALL",
                                "url": "\/*"
                            }]
                        },
                        "type": "plugin",
                        "name": "Fortify Version - Check Status",
                        "children": []
                    },
                    {
                        "propertyName": "${p?:Fortify Version - Check Status\/fortifyVersionCheckStatusResult}",
                        "type": "switch",
                        "name": "Check fortifyVersionCheckStatusResult",
                        "children": []
                    },
                    {
                        "allowFailure": false,
                        "useImpersonation": false,
                        "showHidden": false,
                        "impersonationUseSudo": false,
                        "pluginVersion": 66,
                        "commandName": "Get Version Properties",
                        "pluginName": "UrbanCode Deploy Versions",
                        "authTokenRestriction": "20000001-0001-0001-0001-000000000000",
                        "properties": {
                            "version": "${p:version.name}",
                            "component": "${p:component.name}"
                        },
                        "cachedAuthTokenRestriction": {
                            "name": "System Default",
                            "description": "Used by default for any plugin steps without a specified token restriction",
                            "restrictions": [{
                                "verb": "ALL",
                                "url": "\/*"
                            }]
                        },
                        "type": "plugin",
                        "name": "Get Version Properties",
                        "children": []
                    },
                    {
                        "allowFailure": false,
                        "useImpersonation": false,
                        "showHidden": false,
                        "impersonationUseSudo": false,
                        "pluginVersion": 72,
                        "commandName": "Get Component Properties",
                        "pluginName": "UrbanCode Deploy Components",
                        "authTokenRestriction": "20000001-0001-0001-0001-000000000000",
                        "properties": {"component": "${p:component.name}"},
                        "cachedAuthTokenRestriction": {
                            "name": "System Default",
                            "description": "Used by default for any plugin steps without a specified token restriction",
                            "restrictions": [{
                                "verb": "ALL",
                                "url": "\/*"
                            }]
                        },
                        "type": "plugin",
                        "name": "Get Component Properties",
                        "children": []
                    },
                    {
                        "allowFailure": false,
                        "useImpersonation": false,
                        "showHidden": false,
                        "impersonationUseSudo": false,
                        "pluginVersion": 9,
                        "commandName": "Shell",
                        "pluginName": "Shell",
                        "authTokenRestriction": "20000001-0001-0001-0001-000000000000",
                        "properties": {
                            "directoryOffset": ".",
                            "shellInterpreter": "",
                            "scriptBody": "echo --------------------------------------\r\necho Run Fortify Scan on component = ${p:component.name}\r\necho --------------------------------------\r\necho Retriving properties from previous steps ...\r\nfortifyVersionCheckStatusResult=${p?:Fortify Version - Check Status\/fortifyVersionCheckStatusResult}\r\ncodeCommitHash=${p:Get Version Properties\/codeCommitHash}\r\necho fortifyVersionCheckStatusResult = $fortifyVersionCheckStatusResult\r\necho codeCommitHash = $codeCommitHash\r\necho --------------------------------------\r\napplicationId=${p:application.id}\r\napplicationName=${p:application.name}\r\nsnapshotName=${p:snapshot.name}\r\ncomponentName=${p:component.name}\r\nversionName=${p:version.name}\r\nversionId=${p:version.id}\r\nappCode=${p:application\/appCode}\r\nassetId=${p:application\/assetId}\r\nrepoURL=${p:component\/repoURL}\r\njavaVersion=${p:component\/javaVersion}\r\nSTATUS_passedStatusName=${p:FORTIFY_STATUS_PASSED_STATUS_NAME}\r\nfortifyScanScriptPath=${p:FORTIFY_SCAN_SCRIPT_PATH}\r\nhpFortifySseName=${p:component\/hpFortifySseName}\r\necho -------------------------------------\r\necho applicationId           = $applicationId\r\necho applicationName         = $applicationName\r\necho snapshotName            = $snapshotName}\r\necho componentName           = $componentName\r\necho versionName             = $versionName\r\necho versionId               = $versionId\r\necho appCode                 = $appCode\r\necho assetId                 = $assetId\r\necho repoURL                 = $repoURL\r\necho javaVersion             = $javaVersion\r\necho STATUS_passedStatusName = $STATUS_passedStatusName\r\necho fortifyScanScriptPath   = $fortifyScanScriptPath\r\necho hpFortifySseName   = $hpFortifySseName\r\necho -------------------------------------\r\n\r\necho \"Performing fortify scan ...\" \r\ncommandArgs=\"$appCode $assetId $repoURL $codeCommitHash $javaVersion $hpFortifySseName\"\r\ncommandOutputFile=fortifyScan-${componentName}.log\r\necho commandArgs = $commandArgs\r\necho Running command $fortifyScanScriptPath $commandArgs\r\n$fortifyScanScriptPath $commandArgs 2>&1\r\nretVal=$?\r\necho retVal=$retVal       \r\necho =================================\r\necho Verify command exit status code\r\necho =================================\r\nif [ $retVal -ne 0 ]; then\r\n    echo \"FAILED - $fortifyScanScriptPath command failed.  exit code = $retVal\"\r\n    exit 1\r\nelse\r\n    echo \"PASSED - $fortifyScanScriptPath command passed. exit code = $retVal\";\r\nfi    \r\n\r\n",
                            "runAsDaemon": "false",
                            "outputFile": ""
                        },
                        "cachedAuthTokenRestriction": {
                            "name": "System Default",
                            "description": "Used by default for any plugin steps without a specified token restriction",
                            "restrictions": [{
                                "verb": "ALL",
                                "url": "\/*"
                            }]
                        },
                        "type": "plugin",
                        "name": "Run Fortify Scan",
                        "children": []
                    },
                    {
                        "status": "FAILURE",
                        "type": "setStatus",
                        "name": "b863183f9a5373ad90196c9249f49a",
                        "children": []
                    },
                    {
                        "allowFailure": false,
                        "useImpersonation": false,
                        "showHidden": false,
                        "impersonationUseSudo": false,
                        "pluginVersion": 7,
                        "commandName": "Run Groovy Class With UCD and UCR API Access",
                        "pluginName": "Groovy for UCD Scripting",
                        "authTokenRestriction": "20000001-0001-0001-0001-000000000000",
                        "properties": {
                            "groovyScript": "import com.ibm.css.ucd.application.Application\r\nimport com.ibm.css.ucd.component.Component\r\nimport com.ibm.css.ucd.component.version.ComponentVersion\r\nimport com.ibm.css.ucd.property.Property\r\nimport com.ibm.css.ucd.services.StatusServices\r\nimport com.ibm.css.ucd.services.UcdConnectionServices\r\nimport com.ibm.css.ucd.snapshot.Snapshot\r\nimport com.ibm.css.ucd.status.ComponentVersionStatus\r\nimport com.ibm.issr.core.log.Logger\r\nimport com.ibm.issr.provision.hook.ScriptWithUcdServicesHook\r\nimport com.ibm.css.ucd.status.ComponentVersionStatusInstance\r\nimport com.ibm.css.ucd.status.SnapshotStatus\r\nimport com.ibm.css.ucd.status.SnapshotStatusInstance\r\n\r\nimport java.io.File\r\n\r\n\r\n\/**\r\n * Groovy script class which has access to UCD API Services.\r\n *\r\n *\/\r\nclass FortifyVersionSetStatus extends ScriptWithUcdServicesHook {\r\n        \/\/**********************************************\r\n        \/\/  UCD Process PARAMETERS (Process properties) \r\n        \/\/**********************************************\r\n\t    \/\/ Note: this will be used in component process.\r\n        String applicationId = \"${p:application.id}\"\r\n        String snapshotName = \"${p:snapshot.name}\"\t\t\t\t\t\t\r\n\t\tString STATUS_passedStatusName = \"${p:FORTIFY_STATUS_PASSED_STATUS_NAME}\"\t\t\r\n\t\tString versionId = \"${p:version.id}\"\r\n\t\tString componentName = \"${p:component.name}\"\r\n\r\n\t\t\r\n        \/**\r\n         * This is the script function that is executed.\r\n         * @param ucdConnectionServices UCD API Services\r\n         *\/\r\n        public void runScript(UcdConnectionServices ucdConnectionServices, Properties outProps ) {\r\n                Logger.info \"Application ID: \" + applicationId\r\n                Logger.info \"Snapshot name: \" + snapshotName\r\n\t\t\t\tLogger.info \"versionId: \" + versionId\r\n\t\t\t\tLogger.info \"componentName: \" + componentName\r\n\t\t\t\t\r\n                \/\/ Get the application\r\n                Application application = ucdConnectionServices.getApplicationServices().getApplicationById(applicationId)\r\n                Logger.info \"Found application ID \" + application.id\r\n\t\t\t\t\r\n\t\t\t\tString applicationName = application.getName();\t\t\t\t\r\n\r\n                \/\/ Get the snapshot\r\n                Snapshot snapshot = application.getSnapshot(snapshotName)\t\r\n\t\t\t\t\r\n\t\t\t\tStatusServices statusServices = ucdConnectionServices.getStatusServices()\t\t\t\t\r\n\t\t\t\tString messageSnapshot = \"application[\"+applicationName+\"].snapshot[\"+snapshotName+\"]\"\t\t\t\r\n\t\t\t\t\t\t\t\t\t\t\t\t\t\t\r\n\t\t\t\tComponentVersionStatus componentVersionStatusPASSED = statusServices.getComponentVersionStatus(STATUS_passedStatusName);\r\n\t\t\t\t\r\n\t\t\t\tif(componentVersionStatusPASSED == null) {\r\n\t\t\t\t\tLogger.info \"VersionSetStatus failed - componentVersionStatusPASSED is null\"\r\n\t\t\t\t\tthrow new Exception (\"VersionSetStatus failed - componentVersionStatusPASSED is null.\")\r\n\t\t\t\t}\r\n\t\t\t\t\r\n\t\t\t\tboolean fortifyVersionSetStatusResult = setComponentVersionStatusByVersionId(snapshot, versionId, componentVersionStatusPASSED)\r\n\t\t\t\t\t\t\t\t\r\n\t\t\t\tLogger.info \"fortifyVersionSetStatusResult = \" + fortifyVersionSetStatusResult.toString()\r\n\t\t\t\toutProps.put(\"fortifyVersionSetStatusResult\", fortifyVersionSetStatusResult.toString())\r\n        }\r\n\t\t\r\n\t\tpublic static SnapshotStatusInstance getSnapshotStatusByName(Snapshot snapshot, String statusName) {\r\n\t\t\tSnapshotStatusInstance toReturn = null;\r\n\t\t\tList statusFlags = snapshot.getSnapshotStatuses();\r\n\t\t\tstatusFlags.each { SnapshotStatusInstance status ->\r\n\t\t\t\tif (status.name == statusName) {\r\n\t\t\t\t\tLogger.info \"getSnapshotStatusByName() -> snapshot status \" + statusName + \" FOUND for snapshot name: \" + snapshot.getName()\r\n\t\t\t\t\ttoReturn = status\r\n\t\t\t\t}\r\n\t\t\t}\r\n\r\n\t\t\treturn toReturn;\r\n\t\t}\r\n\t\t\r\n\t\tpublic static ComponentVersion getComponentVersionByVersionNameAndComponentName(Snapshot snapshot, String versionName, String componentName) {\r\n\t\t\tComponentVersion toReturn = null;\t\t\t\r\n\t\t\tList componentVersions = snapshot.getComponentVersionObjects()\r\n\t\t\tint counter = 0\r\n\t\t\tcomponentVersions.each { ComponentVersion componentVersion ->\r\n\t\t\t\tString componentVersionName = componentVersion.getName()\r\n\t\t\t\tString componentVersionComponentName = componentVersion.getComponent().getName()\r\n\t\t\t\tif (componentVersionName == versionName && componentVersionComponentName == componentName) {\r\n\t\t\t\t\tLogger.info \"getComponentVersionByVersionNameAndComponentName() -> ComponentVersion FOUND for versionName: \" + versionName + \", componentName: \" + componentName\r\n\t\t\t\t\ttoReturn = componentVersion\r\n\t\t\t\t}\r\n\t\t\t}\r\n\r\n\t\t\treturn toReturn;\r\n\t\t}\r\n\t\t\r\n\t\tpublic static ComponentVersion getComponentVersionByVersionId(Snapshot snapshot, String versionId) {\r\n\t\t\tComponentVersion toReturn = null;\r\n\t\t\tList componentVersions = snapshot.getComponentVersionObjects()\r\n\t\t\tint counter = 0\r\n\t\t\tcomponentVersions.each { ComponentVersion componentVersion ->\r\n\t\t\t\tString componentVersionId = componentVersion.getId()\r\n\t\t\t\tif (componentVersionId == versionId) {\r\n\t\t\t\t\tLogger.info \"getComponentVersionByVersionId() -> ComponentVersion FOUND for versionId: \" + versionId\r\n\t\t\t\t\ttoReturn = componentVersion\r\n\t\t\t\t}\r\n\t\t\t}\r\n\r\n\t\t\treturn toReturn;\r\n\t\t}\r\n\t\t\r\n\t\tpublic static ComponentVersionStatusInstance getComponentVersionStatusByVersionId(Snapshot snapshot, String versionId, String statusName) {\r\n\t\t\tComponentVersionStatusInstance toReturn = null;\r\n\t\t\tComponentVersion componentVersion = getComponentVersionByVersionId(snapshot, versionId)\r\n\t\t\tif(componentVersion != null) {\r\n\t\t\t\tList statusFlags = componentVersion.getComponentVersionStatuses()\r\n\t\t\t\tstatusFlags.each { ComponentVersionStatusInstance status ->\r\n\t\t\t\t\tif (status.name == statusName) {\r\n\t\t\t\t\t\tLogger.info \"getComponentVersionStatusByVersionId() -> Version status \" + statusName + \" FOUND for component version name: \" + componentVersion.name + \", component version ID: \" + componentVersion.id + \", from component named: \" + componentVersion.component.name\r\n\t\t\t\t\t\ttoReturn = status\r\n\t\t\t\t\t}\r\n\t\t\t\t}\r\n\t\t\t} else {\r\n\t\t\t\tLogger.info \"getComponentVersionStatusByVersionId() -> componentVersion is null for versionId: \" + versionId + \", snapshot: \" + snapshot.getName()\t\t\t\t\r\n\t\t\t}\r\n\r\n\t\t\treturn toReturn;\r\n\t\t}\r\n\t\t\r\n\t\t\r\n\t\tpublic static ComponentVersionStatusInstance getComponentVersionStatusByName(ComponentVersion componentVersion, String statusName) {\r\n\t\t\tComponentVersionStatusInstance toReturn = null;\r\n\t\t\tList statusFlags = componentVersion.getComponentVersionStatuses()\r\n\t\t\tstatusFlags.each { ComponentVersionStatusInstance status ->\r\n\t\t\t\tif (status.name == statusName) {\r\n\t\t\t\t\tLogger.info \"getComponentVersionStatusByName() -> Version status \" + statusName + \" FOUND for component version name: \" + componentVersion.name + \", component version ID: \" + componentVersion.id + \", from component named: \" + componentVersion.component.name\r\n\t\t\t\t\ttoReturn = status\r\n\t\t\t\t}\r\n\t\t\t}\r\n\t\t\t\t\r\n\t\t\treturn toReturn;\r\n\t\t}\r\n\t\t\r\n\t\tpublic static boolean setComponentVersionStatusByVersionId(Snapshot snapshot, String versionId, ComponentVersionStatus status) {\r\n\t\t\tboolean toReturn = false;\r\n\t\t\t\r\n\t\t\tComponentVersion componentVersion = getComponentVersionByVersionId(snapshot, versionId)\r\n\t\t\tif(componentVersion != null) {\r\n\t\t\t\tcomponentVersion.addComponentVersionStatus(status);\r\n\t\t\t\ttoReturn = true\r\n\t\t\t\tLogger.info \"setComponentVersionStatusByVersionId() -> add status[\" + status.getName() + \"] for versionId: \" + versionId + \", snapshot: \" + snapshot.getName()\r\n\t\t\t} else {\r\n\t\t\t\tLogger.info \"setComponentVersionStatusByVersionId() -> componentVersion is null for versionId: \" + versionId + \", snapshot: \" + snapshot.getName()\r\n\t\t\t}\r\n\r\n\t\t\treturn toReturn;\r\n\t\t}\r\n\r\n}\r\n\r\n",
                            "groovyScriptClassname": "GroovyScript",
                            "loggingLevel": "info"
                        },
                        "cachedAuthTokenRestriction": {
                            "name": "System Default",
                            "description": "Used by default for any plugin steps without a specified token restriction",
                            "restrictions": [{
                                "verb": "ALL",
                                "url": "\/*"
                            }]
                        },
                        "type": "plugin",
                        "name": "Fortify Version - Set Status",
                        "children": []
                    }
                ]
            }
        },
        {
            "name": "deploy",
            "description": "",
            "defaultWorkingDir": "${p:resource\/work.dir}\/${p:component.name}",
            "takesVersion": true,
            "inventoryActionType": "ADD",
            "status": "Active",
            "configActionType": "ADD",
            "active": true,
            "path": "componentTemplates\/167a8e09-e9ed-fd6d-b870-142804d82fba\/processes\/167a92d3-1cbe-4bad-8de4-3ddf1af0f53d",
            "deleted": false,
            "propDefs": [],
            "rootActivity": {
                "edges": [
                    {
                        "to": "Determine deployment process",
                        "from": "Download Artifacts",
                        "type": "SUCCESS",
                        "value": ""
                    },
                    {
                        "to": "Unzip Artifacts",
                        "from": "Determine deployment process",
                        "type": "VALUE",
                        "value": ".zip"
                    },
                    {
                        "to": "Stage Contents of Zip",
                        "from": "Unzip Artifacts",
                        "type": "SUCCESS",
                        "value": ""
                    },
                    {
                        "to": "Stage jar file",
                        "from": "Determine deployment process",
                        "type": "VALUE",
                        "value": ".jar"
                    },
                    {
                        "to": "Download Artifacts",
                        "type": "ALWAYS",
                        "value": ""
                    },
                    {
                        "to": "d8edb1b81983f4cdf13fc90d0e5d6e",
                        "from": "Component Post-Op Updates - GenProc",
                        "type": "SUCCESS",
                        "value": ""
                    },
                    {
                        "to": "Component Post-Op Updates - GenProc",
                        "from": "Restart Application",
                        "type": "SUCCESS",
                        "value": ""
                    },
                    {
                        "to": "Restart Application",
                        "from": "Stage jar file",
                        "type": "SUCCESS",
                        "value": ""
                    },
                    {
                        "to": "Restart Application",
                        "from": "Stage Contents of Zip",
                        "type": "SUCCESS",
                        "value": ""
                    }
                ],
                "offsets": [
                    {
                        "name": "Determine deployment process",
                        "x": -133.75,
                        "y": 280,
                        "h": 80,
                        "w": 350
                    },
                    {
                        "name": "Stage Contents of Zip",
                        "x": -220,
                        "y": 560,
                        "h": 80,
                        "w": 270
                    },
                    {
                        "name": "Download Artifacts",
                        "x": -110,
                        "y": 140,
                        "h": 80,
                        "w": 300
                    },
                    {
                        "name": "Component Post-Op Updates - GenProc",
                        "x": -190,
                        "y": 850,
                        "h": 80,
                        "w": 520
                    },
                    {
                        "name": "Unzip Artifacts",
                        "x": -250,
                        "y": 420,
                        "h": 80,
                        "w": 210
                    },
                    {
                        "name": "d8edb1b81983f4cdf13fc90d0e5d6e",
                        "x": 50,
                        "y": 990,
                        "h": 90,
                        "w": 130
                    },
                    {
                        "name": "Restart Application",
                        "x": -58.333333333333314,
                        "y": 700,
                        "h": 80,
                        "w": 250
                    },
                    {
                        "name": "Stage jar file",
                        "x": 120,
                        "y": 560,
                        "h": 80,
                        "w": 200
                    }
                ],
                "layoutMode": "manual",
                "type": "graph",
                "name": "c3ffe3c1-dd7e-48ac-90df-06e7a578bb96",
                "children": [
                    {
                        "type": "finish",
                        "name": "d8edb1b81983f4cdf13fc90d0e5d6e",
                        "children": []
                    },
                    {
                        "allowFailure": false,
                        "useImpersonation": false,
                        "showHidden": false,
                        "impersonationUseSudo": false,
                        "pluginVersion": 30,
                        "commandName": "Download Artifacts",
                        "pluginName": "UrbanCode Deploy Versioned File Storage",
                        "authTokenRestriction": "20000001-0001-0001-0001-000000000000",
                        "properties": {
                            "directoryOffset": ".",
                            "artifactSetBaseDir": "",
                            "fileIncludePatterns": "**\/*",
                            "fileExcludePatterns": "",
                            "syncMode": "true",
                            "fullVerification": "true",
                            "setFileExecuteBits": "false",
                            "verifyFileIntegrity": "false",
                            "versionId": "${p:version.id}",
                            "serverUrl": "${p:server.url}",
                            "compId": "${p:component.id}",
                            "resId": "${p:resource.id}",
                            "charset": "",
                            "label": ""
                        },
                        "cachedAuthTokenRestriction": {
                            "name": "System Default",
                            "description": "Used by default for any plugin steps without a specified token restriction",
                            "restrictions": [{
                                "verb": "ALL",
                                "url": "\/*"
                            }]
                        },
                        "type": "plugin",
                        "name": "Download Artifacts",
                        "children": []
                    },
                    {
                        "propertyName": "compType",
                        "type": "switch",
                        "name": "Determine deployment process",
                        "children": []
                    },
                    {
                        "allowFailure": false,
                        "useImpersonation": false,
                        "showHidden": false,
                        "impersonationUseSudo": false,
                        "pluginVersion": 9,
                        "commandName": "Shell",
                        "pluginName": "Shell",
                        "authTokenRestriction": "20000001-0001-0001-0001-000000000000",
                        "properties": {
                            "directoryOffset": ".",
                            "shellInterpreter": "",
                            "scriptBody": "#!\/usr\/bin\/sh\necho \"staging Jar\"\ncp *.jar ${p:deployPath}",
                            "runAsDaemon": "false",
                            "outputFile": ""
                        },
                        "cachedAuthTokenRestriction": {
                            "name": "System Default",
                            "description": "Used by default for any plugin steps without a specified token restriction",
                            "restrictions": [{
                                "verb": "ALL",
                                "url": "\/*"
                            }]
                        },
                        "type": "plugin",
                        "name": "Stage jar file",
                        "children": []
                    },
                    {
                        "allowFailure": false,
                        "useImpersonation": false,
                        "showHidden": false,
                        "impersonationUseSudo": false,
                        "pluginVersion": 64,
                        "commandName": "Unzip",
                        "pluginName": "File Utils",
                        "authTokenRestriction": "20000001-0001-0001-0001-000000000000",
                        "properties": {
                            "dir": "unzipped",
                            "zip": "*.zip",
                            "includes": "**\/*",
                            "excludes": "",
                            "overwrite": "false",
                            "customEncoding": ""
                        },
                        "cachedAuthTokenRestriction": {
                            "name": "System Default",
                            "description": "Used by default for any plugin steps without a specified token restriction",
                            "restrictions": [{
                                "verb": "ALL",
                                "url": "\/*"
                            }]
                        },
                        "type": "plugin",
                        "name": "Unzip Artifacts",
                        "children": []
                    },
                    {
                        "allowFailure": false,
                        "useImpersonation": false,
                        "showHidden": false,
                        "impersonationUseSudo": false,
                        "pluginVersion": 9,
                        "commandName": "Shell",
                        "pluginName": "Shell",
                        "authTokenRestriction": "20000001-0001-0001-0001-000000000000",
                        "properties": {
                            "directoryOffset": ".",
                            "shellInterpreter": "",
                            "scriptBody": "#!\/usr\/bin\/sh\necho \" staging zip contents\"\n\ncp -R ${p:unzipPath}\/${p:envName}release-pipeline-start.sh ${p:deployPath}",
                            "runAsDaemon": "false",
                            "outputFile": ""
                        },
                        "cachedAuthTokenRestriction": {
                            "name": "System Default",
                            "description": "Used by default for any plugin steps without a specified token restriction",
                            "restrictions": [{
                                "verb": "ALL",
                                "url": "\/*"
                            }]
                        },
                        "type": "plugin",
                        "name": "Stage Contents of Zip",
                        "children": []
                    },
                    {
                        "allowFailure": false,
                        "useImpersonation": false,
                        "showHidden": false,
                        "impersonationUseSudo": false,
                        "pluginVersion": 9,
                        "commandName": "Shell",
                        "pluginName": "Shell",
                        "authTokenRestriction": "20000001-0001-0001-0001-000000000000",
                        "properties": {
                            "directoryOffset": ".",
                            "shellInterpreter": "",
                            "scriptBody": "#!\/bin\/sh\r\ncd ${p:deployPath}\r\nchmod 755 ${p:envName}release-pipeline-start.sh\r\n.\/${p:envName}release-pipeline-start.sh",
                            "runAsDaemon": "false",
                            "outputFile": ""
                        },
                        "cachedAuthTokenRestriction": {
                            "name": "System Default",
                            "description": "Used by default for any plugin steps without a specified token restriction",
                            "restrictions": [{
                                "verb": "ALL",
                                "url": "\/*"
                            }]
                        },
                        "type": "plugin",
                        "name": "Restart Application",
                        "children": []
                    },
                    {
                        "processName": "componentPost-OpUpdates-GenProc",
                        "resourcePath": "",
                        "properties": {
                            "component.name": "${p:component.name}",
                            "processId": "165d3ca0-4d70-8033-f914-ef7a0d407d11",
                            "envType": "${p:environment\/envType}",
                            "resourcePath": "",
                            "version.name": "${p:version.name}"
                        },
                        "type": "runProcess",
                        "name": "Component Post-Op Updates - GenProc",
                        "children": []
                    }
                ]
            }
        }
    ],
    "genericProcesses": [{
        "name": "componentPost-OpUpdates-GenProc",
        "description": "all post deploy processing tasks for each component",
        "rootActivity": {
            "edges": [
                {
                    "to": "Add status to make version eligible for production deployment",
                    "from": "make version eligible for production",
                    "type": "VALUE",
                    "value": "TEST\nACPT"
                },
                {
                    "to": "5e664473b89a37db54ef7aa75e93ba",
                    "from": "make version eligible for production",
                    "type": "VALUE",
                    "value": ""
                },
                {
                    "to": "5e664473b89a37db54ef7aa75e93ba",
                    "from": "Add status to make version eligible for production deployment",
                    "type": "SUCCESS",
                    "value": ""
                },
                {
                    "to": "Add Secure Status to Version",
                    "type": "ALWAYS",
                    "value": ""
                },
                {
                    "to": "make version eligible for production",
                    "from": "Add Secure Status to Version",
                    "type": "SUCCESS",
                    "value": ""
                }
            ],
            "offsets": [
                {
                    "name": "make version eligible for production",
                    "x": -211.4957069552406,
                    "y": 310,
                    "h": 110,
                    "w": 570
                },
                {
                    "name": "5e664473b89a37db54ef7aa75e93ba",
                    "x": -7.991413910481185,
                    "y": 630,
                    "h": 100,
                    "w": 160
                },
                {
                    "name": "Add Secure Status to Version",
                    "x": -210,
                    "y": 150,
                    "h": 110,
                    "w": 570
                },
                {
                    "name": "Add status to make version eligible for production deployment",
                    "x": -142.99141391048119,
                    "y": 470,
                    "h": 110,
                    "w": 920
                }
            ],
            "layoutMode": "auto",
            "type": "graph",
            "name": "d4efb4cc-0a76-4e8d-a2e4-970e9aefead2",
            "children": [
                {
                    "type": "finish",
                    "name": "5e664473b89a37db54ef7aa75e93ba",
                    "children": []
                },
                {
                    "propertyName": "${envType}",
                    "type": "switch",
                    "name": "make version eligible for production",
                    "children": []
                },
                {
                    "allowFailure": false,
                    "useImpersonation": false,
                    "showHidden": false,
                    "impersonationUseSudo": false,
                    "pluginVersion": 2,
                    "commandName": "Add Secure Status to Version",
                    "pluginName": "FannieMae UCD Common Utilities",
                    "authTokenRestriction": "20000001-0001-0001-0001-000000000000",
                    "properties": {
                        "status": "DEPLOYED_TO_${envType}",
                        "versionName": "${p:version.name}",
                        "componentName": "${p:component.name}",
                        "statusOwner": "${p:system\/STATUS_OWNER_NAME}",
                        "statusPass": "${p:system\/STATUS_OWNER_PASS}"
                    },
                    "cachedAuthTokenRestriction": {
                        "name": "System Default",
                        "description": "Used by default for any plugin steps without a specified token restriction",
                        "restrictions": [{
                            "verb": "ALL",
                            "url": "\/*"
                        }]
                    },
                    "type": "plugin",
                    "name": "Add Secure Status to Version",
                    "children": []
                },
                {
                    "allowFailure": false,
                    "useImpersonation": false,
                    "showHidden": false,
                    "impersonationUseSudo": false,
                    "pluginVersion": 2,
                    "commandName": "Add Secure Status to Version",
                    "pluginName": "FannieMae UCD Common Utilities",
                    "authTokenRestriction": "20000001-0001-0001-0001-000000000000",
                    "properties": {
                        "status": "DEPLOYED_TO_PRE-PROD",
                        "versionName": "${p:version.name}",
                        "componentName": "${p:component.name}",
                        "statusOwner": "${p:system\/STATUS_OWNER_NAME}",
                        "statusPass": "${p:system\/STATUS_OWNER_PASS}"
                    },
                    "cachedAuthTokenRestriction": {
                        "name": "System Default",
                        "description": "Used by default for any plugin steps without a specified token restriction",
                        "restrictions": [{
                            "verb": "ALL",
                            "url": "\/*"
                        }]
                    },
                    "type": "plugin",
                    "name": "Add status to make version eligible for production deployment",
                    "children": []
                }
            ]
        },
        "properties": [
            {
                "name": "contextType",
                "value": "Resource",
                "description": "",
                "secure": false
            },
            {
                "name": "defaultResourceId",
                "value": "169b67c1-dbad-e83f-c4b5-96c69c601d7c",
                "description": "",
                "secure": false
            },
            {
                "name": "workingDir",
                "value": "${p:resource\/work.dir}\/${p:process.name}",
                "description": "",
                "secure": false
            }
        ],
        "propDefs": [
            {
                "name": "component.name",
                "label": "component.name",
                "pattern": "",
                "type": "TEXT",
                "value": "${p:component.name}",
                "required": false,
                "description": "",
                "placeholder": ""
            },
            {
                "name": "version.name",
                "label": "version.name",
                "pattern": "",
                "type": "TEXT",
                "value": "${p:version.name}",
                "required": false,
                "description": "",
                "placeholder": ""
            },
            {
                "name": "envType",
                "label": "envType",
                "pattern": "",
                "type": "TEXT",
                "value": "${p:environment\/envType}",
                "required": true,
                "description": "",
                "placeholder": ""
            }
        ],
        "teamMappings": [{
            "teamId": "165d8ae1-937f-b4ed-b877-3d88eb0c24b2",
            "teamLabel": "EDI RED Team",
            "resourceTypeId": "20000000000000000000000000000109",
            "resourceTypeName": "Process"
        }],
        "linkedProcesses": []
    }],
    "teamMappings": [
        {
            "teamId": "165e87e8-56d6-31da-0bb9-494fc0a30751",
            "teamLabel": "DEVOPS OPS TEAM",
            "resourceTypeId": "20000000000000000000000000000102",
            "resourceTypeName": "Component Template"
        },
        {
            "teamId": "1689ac34-de9a-bdef-7bab-8f37442a320f",
            "teamLabel": "DEVOPS ENGG TEAM",
            "resourceTypeId": "20000000000000000000000000000102",
            "resourceTypeName": "Component Template"
        }
    ]
}