{
    "securityResourceId": "16b52d29-8484-c7d7-c561-18913a30cd26",
    "path": "componentTemplates\/16b52d29-84ab-b7cd-ce6a-ce2efdb36830",
    "name": "PROVISIONING-TEMPLATE",
    "description": "PrivateCloud-Provisioning POC",
    "ignoreQualifiers": 0,
    "componentType": "STANDARD",
    "tags": [{
        "id": "16b74e55-75c0-657f-c13a-cbc1f0013970",
        "name": "provisioning",
        "color": "#F051A1",
        "description": "Cloud Provisioning Utilities",
        "objectType": "Component"
    }],
    "active": true,
    "envPropDefs": [{
        "name": "awsRegion",
        "label": "awsRegion",
        "pattern": "",
        "type": "SELECT",
        "value": "us-east-1",
        "required": true,
        "description": "aws region",
        "placeholder": "",
        "allowedValues": [
            {
                "label": "us-east-1",
                "value": "us-east-1"
            },
            {
                "label": "us-east-2",
                "value": "us-east-2"
            },
            {
                "label": "us-west-1",
                "value": "us-west-1"
            },
            {
                "label": "us-west-2",
                "value": "us-west-2"
            },
            {
                "label": "us-gov-east-1",
                "value": "us-gov-east-1"
            },
            {
                "label": "us-gov-west-1",
                "value": "us-gov-west-1"
            }
        ]
    }],
    "resPropDefs": [],
    "propDefs": [],
    "properties": [
        {
            "name": "awsProductIds",
            "value": "[\n{\"object\":\"RDS\",\n\"prodId\":\"prod-b2z72fyekkj3o\"\n},\n{\"object\":\"ECS\",\n\"prodId\":\"prod-npd4hvnntogme\"\n},\n{\"object\":\"EB\",\n\"prodId\":\"prod-6ruu2gdnu6imc\"\n} \n]",
            "description": "JSON list of product ids (for use by catalog)",
            "secure": false
        },
        {
            "name": "awsProfile",
            "value": "#!\/bin\/ksh\nexport HOME=${p:resource\/work.dir}${p:component.name}\/${p:requestedEnvType}\nexport PATH=\/export\/apps\/citools\/python\/Python-3.5.3\/usr\/local\/bin:\/usr\/bin:\\$PATH\nexport http_proxy=http:\/\/zsproxy.fanniemae.com:9480\nexport https_proxy=http:\/\/zsproxy.fanniemae.com:9480\nexport no_proxy=sts.fanniemae.com\nexport MALLOC_CHECK_=1\n",
            "description": "",
            "secure": false
        },
        {
            "name": "awsRegion",
            "value": "us-east-1",
            "description": "AWS Region ",
            "secure": false
        }
    ],
    "processes": [
        {
            "name": "awsDeprovision",
            "description": "De-provisions a  UCD Environment (or set if blue-green paired) and associated AWS Provisioned Resources.",
            "defaultWorkingDir": "${p:resource\/work.dir}\/${p:component.name}\/deprovision",
            "takesVersion": false,
            "status": "",
            "active": true,
            "path": "componentTemplates\/16b52d29-84ab-b7cd-ce6a-ce2efdb36830\/processes\/16efba92-f073-bd93-343f-79eb4716932d",
            "deleted": false,
            "propDefs": [
                {
                    "name": "iam.awsRole",
                    "label": "iam.awsRole",
                    "pattern": "",
                    "type": "TEXT",
                    "value": "${p?:iam.awsRole}",
                    "required": true,
                    "description": "",
                    "placeholder": ""
                },
                {
                    "name": "iam.awsAccountId",
                    "label": "iam.awsAccountId",
                    "pattern": "",
                    "type": "TEXT",
                    "value": "${p?:iam.awsAccountId}",
                    "required": true,
                    "description": "",
                    "placeholder": ""
                },
                {
                    "name": "changeTicket",
                    "label": "changeTicket",
                    "pattern": "",
                    "type": "TEXT",
                    "value": "${p?:changeTicket}",
                    "required": false,
                    "description": "Change Ticket for provisioning production environments.",
                    "placeholder": ""
                },
                {
                    "name": "awsPassword",
                    "label": "awsPassword",
                    "pattern": "",
                    "type": "SECURE",
                    "value": "crypt_v1{AES\/CBC\/PKCS5Padding|aes128keycwyc|jcJZfrHio5gqSvHa3s+k6Q==|szJctQWjytYaaY6fxYEio1VAevPL73lAXYJ00+uhZX8=}",
                    "required": false,
                    "description": "",
                    "placeholder": ""
                },
                {
                    "name": "deprovisionEnvironmentName",
                    "label": "deprovisionEnvironmentName",
                    "pattern": "",
                    "type": "TEXT",
                    "value": "${p?:deprovisionEnvironmentName}",
                    "required": true,
                    "description": "UCD Environment to de-provision. If this is part of a provisioned blue-green pair of UCD Environments, both of the paired environments are de-provisioned.",
                    "placeholder": ""
                }
            ],
            "rootActivity": {
                "edges": [
                    {
                        "to": "992c245603a29d77d5aeaa237bdb82",
                        "from": "Verify that Environment(s) should be Deprovisioned",
                        "type": "SUCCESS",
                        "value": ""
                    },
                    {
                        "to": "Deprovision AWS",
                        "from": "992c245603a29d77d5aeaa237bdb82",
                        "type": "SUCCESS",
                        "value": ""
                    },
                    {
                        "to": "d68e0cd3047d253a4d11ae7154f500",
                        "from": "Deprovision AWS",
                        "type": "SUCCESS",
                        "value": ""
                    },
                    {
                        "to": "Run: \"checkChangeTicketForProvisionAndDeprovision\"",
                        "type": "ALWAYS",
                        "value": ""
                    },
                    {
                        "to": "992c245603a29d77d5aeaa237bdb82",
                        "from": "Run: \"checkChangeTicketForProvisionAndDeprovision\"",
                        "type": "SUCCESS",
                        "value": ""
                    }
                ],
                "offsets": [
                    {
                        "name": "992c245603a29d77d5aeaa237bdb82",
                        "x": 168.33333333333331,
                        "y": 250,
                        "h": 70,
                        "w": 230
                    },
                    {
                        "name": "d68e0cd3047d253a4d11ae7154f500",
                        "x": 221.66666666666663,
                        "y": 490,
                        "h": 80,
                        "w": 120
                    },
                    {
                        "name": "Verify that Environment(s) should be Deprovisioned",
                        "x": 305,
                        "y": 130,
                        "h": 70,
                        "w": 420
                    },
                    {
                        "name": "Deprovision AWS",
                        "x": 156.66666666666663,
                        "y": 370,
                        "h": 70,
                        "w": 250
                    },
                    {
                        "name": "Run: \"checkChangeTicketForProvisionAndDeprovision\"",
                        "x": -165,
                        "y": 140,
                        "h": 50,
                        "w": 440
                    }
                ],
                "layoutMode": "auto",
                "type": "graph",
                "name": "690a6212-7947-4ee3-85cc-739475d587e6",
                "children": [
                    {
                        "type": "finish",
                        "name": "d68e0cd3047d253a4d11ae7154f500",
                        "children": []
                    },
                    {
                        "lockName": "${p:agent.id}-${p:component.name}-deprovision",
                        "type": "acquireLock",
                        "name": "992c245603a29d77d5aeaa237bdb82",
                        "children": []
                    },
                    {
                        "allowFailure": false,
                        "useImpersonation": false,
                        "showHidden": true,
                        "impersonationUseSudo": false,
                        "pluginVersion": 10,
                        "commandName": "Deprovision AWS",
                        "pluginName": "FannieMae AWS Provisioning",
                        "authTokenRestriction": "20000001-0001-0001-0001-000000000000",
                        "properties": {
                            "applicationName": "${p:application.name}",
                            "environmentName": "${p:deprovisionEnvironmentName}",
                            "awsRegion": "${p:component\/awsRegion}",
                            "awsProfileScript": "${p:component\/awsProfile}",
                            "awsRole": "${p:iam.awsRole}",
                            "awsPassword": "crypt_v1{AES\/CBC\/PKCS5Padding|aes128keycwyc|NrnvFtOOF1u1aiQmffg\/uw==|LwE9Q8ZJ06bfwZOXL6qfsWViynC5PQH0\/9qFbQhFVQ4=}",
                            "ucdAuthToken": "crypt_v1{AES\/CBC\/PKCS5Padding|aes128keycwyc|Bp51ASlZH3RUm2O9OrkMhw==|n2RNgM5a8IRQJvohrRzG9g==}",
                            "loggingLevel": "debug"
                        },
                        "cachedAuthTokenRestriction": {
                            "name": "System Default",
                            "description": "Used by default for any plugin steps without a specified token restriction",
                            "restrictions": [{
                                "verb": "ALL",
                                "url": "\/*"
                            }]
                        },
                        "type": "plugin",
                        "name": "Deprovision AWS",
                        "children": []
                    },
                    {
                        "componentProcessName": "checkChangeTicketForProvisionAndDeprovision",
                        "componentTemplateName": "PROVISIONING-TEMPLATE",
                        "allowFailure": false,
                        "properties": {
                            "envType": "${p?:envType}",
                            "changeTicket": "${p?:changeTicket}"
                        },
                        "draftProperties": {},
                        "type": "componentProcess",
                        "name": "Run: \"checkChangeTicketForProvisionAndDeprovision\"",
                        "children": []
                    },
                    {
                        "templateName": "TaskCreated",
                        "roleRestrictionData": {},
                        "propDefs": [],
                        "type": "componentManualTask",
                        "name": "Verify that Environment(s) should be Deprovisioned",
                        "children": []
                    }
                ]
            }
        },
        {
            "name": "awsProvision",
            "description": "Provision applications in AWS and establish associated UCD environment",
            "defaultWorkingDir": "${p:resource\/work.dir}\/${p:component.name}\/provision\/${p:requestedEnvName}",
            "takesVersion": true,
            "status": "",
            "active": true,
            "path": "componentTemplates\/16b52d29-84ab-b7cd-ce6a-ce2efdb36830\/processes\/16e2725a-dfa7-fe51-1650-e35f41e7b59b",
            "deleted": false,
            "propDefs": [
                {
                    "name": "requestedEnvType",
                    "label": "requestedEnvType",
                    "pattern": "",
                    "type": "TEXT",
                    "value": "${p:requestedEnvType}",
                    "required": true,
                    "description": "Requested Environment Type, such as DEVL",
                    "placeholder": ""
                },
                {
                    "name": "requestedEnvName",
                    "label": "requestedEnvName",
                    "pattern": "",
                    "type": "TEXT",
                    "value": "${p:requestedEnvName}",
                    "required": true,
                    "description": "UCD Name of Environment to Provision.  If this is a Blue-Green provision, then it is the base name.",
                    "placeholder": ""
                },
                {
                    "name": "blueGreen",
                    "label": "blueGreen",
                    "pattern": "",
                    "type": "TEXT",
                    "value": "${p:blueGreen}",
                    "required": false,
                    "description": "If true, then provision a Blue-Green configuration.  Otherwise, provision a basic configuration.",
                    "placeholder": ""
                },
                {
                    "name": "iam.awsRole",
                    "label": "iam.awsRole",
                    "pattern": "",
                    "type": "TEXT",
                    "value": "${p?:iam.awsRole}",
                    "required": true,
                    "description": "",
                    "placeholder": ""
                },
                {
                    "name": "iam.awsAccountId",
                    "label": "iam.awsAccountId",
                    "pattern": "",
                    "type": "TEXT",
                    "value": "${p?:iam.awsAccountId}",
                    "required": true,
                    "description": "",
                    "placeholder": ""
                },
                {
                    "name": "changeTicket",
                    "label": "changeTicket",
                    "pattern": "",
                    "type": "TEXT",
                    "value": "${p?:changeTicket}",
                    "required": false,
                    "description": "Change Ticket for provisioning production environments.",
                    "placeholder": ""
                },
                {
                    "name": "existingAwsProductInstances",
                    "label": "existingAwsProductInstances",
                    "pattern": "",
                    "type": "TEXTAREA",
                    "required": false,
                    "description": "List (property file syntax) of existing AWS Products to use.  Syntax: LogicalName[.blue\/green]=AwsProductId - where LogicalName is the name in awsManifest.json",
                    "placeholder": ""
                },
                {
                    "name": "awsPassword",
                    "label": "awsPassword",
                    "pattern": "",
                    "type": "SECURE",
                    "value": "crypt_v1{AES\/CBC\/PKCS5Padding|aes128keycwyc|7oHve0cxRzY4yPcl+muOcA==|t5THx1gVgzbN5JlHRuTnmuU4xWbQr8XxBb0VFpHtp0Q=}",
                    "required": false,
                    "description": "",
                    "placeholder": ""
                },
                {
                    "name": "ucdAgentOrPool",
                    "label": "ucdAgentOrPool",
                    "pattern": "",
                    "type": "TEXT",
                    "required": true,
                    "description": "The UCD Agent or Agent Pool to use in the new environment.  This Agent\/Pool must be configured to run AWS deployments.",
                    "placeholder": ""
                },
                {
                    "name": "tokens",
                    "label": "tokens",
                    "pattern": "",
                    "type": "TEXTAREA",
                    "value": "${p?:tokens}",
                    "required": false,
                    "description": "Additional tokens that can be used when provisioning.  Uses property file syntax.  This can contain UCD property references.  To refer to a token, use the syntax %(token.[tokenName])%",
                    "placeholder": ""
                }
            ],
            "rootActivity": {
                "edges": [
                    {
                        "to": "Download Versioned AWS Manifest",
                        "from": "992c245603a29d77d5aeaa237bdb82",
                        "type": "SUCCESS",
                        "value": ""
                    },
                    {
                        "to": "Provision AWS",
                        "from": "Load AWS Manifest from file",
                        "type": "SUCCESS",
                        "value": ""
                    },
                    {
                        "to": "Run: \"checkChangeTicketForProvisionAndDeprovision\"",
                        "type": "ALWAYS",
                        "value": ""
                    },
                    {
                        "to": "d68e0cd3047d253a4d11ae7154f500",
                        "from": "Provision AWS",
                        "type": "SUCCESS",
                        "value": ""
                    },
                    {
                        "to": "992c245603a29d77d5aeaa237bdb82",
                        "from": "Run: \"checkChangeTicketForProvisionAndDeprovision\"",
                        "type": "SUCCESS",
                        "value": ""
                    },
                    {
                        "to": "Load AWS Manifest from file",
                        "from": "Download Versioned AWS Manifest",
                        "type": "SUCCESS",
                        "value": ""
                    }
                ],
                "offsets": [
                    {
                        "name": "992c245603a29d77d5aeaa237bdb82",
                        "x": -125,
                        "y": 270,
                        "h": 110,
                        "w": 400
                    },
                    {
                        "name": "Provision AWS",
                        "x": -130,
                        "y": 750,
                        "h": 110,
                        "w": 410
                    },
                    {
                        "name": "d68e0cd3047d253a4d11ae7154f500",
                        "x": -10,
                        "y": 910,
                        "h": 100,
                        "w": 170
                    },
                    {
                        "name": "Load AWS Manifest from file",
                        "x": -175,
                        "y": 590,
                        "h": 110,
                        "w": 500
                    },
                    {
                        "name": "Download Versioned AWS Manifest",
                        "x": -225,
                        "y": 430,
                        "h": 110,
                        "w": 600
                    },
                    {
                        "name": "Run: \"checkChangeTicketForProvisionAndDeprovision\"",
                        "x": -365,
                        "y": 150,
                        "h": 70,
                        "w": 880
                    }
                ],
                "layoutMode": "auto",
                "type": "graph",
                "name": "66fd420b-74c2-4d6e-9513-5477f3f1a484",
                "children": [
                    {
                        "type": "finish",
                        "name": "d68e0cd3047d253a4d11ae7154f500",
                        "children": []
                    },
                    {
                        "allowFailure": false,
                        "useImpersonation": false,
                        "showHidden": false,
                        "impersonationUseSudo": false,
                        "pluginVersion": 31,
                        "commandName": "Download Artifacts",
                        "pluginName": "UrbanCode Deploy Versioned File Storage",
                        "authTokenRestriction": "20000001-0001-0001-0001-000000000000",
                        "properties": {
                            "directoryOffset": ".",
                            "artifactSetBaseDir": "",
                            "fileIncludePatterns": "**\/*",
                            "fileExcludePatterns": "",
                            "syncMode": "FULL",
                            "fullVerification": "true",
                            "setFileExecuteBits": "false",
                            "verifyFileIntegrity": "false",
                            "versionId": "${p:version.id}",
                            "serverUrl": "${p:server.url}",
                            "compId": "${p:component.id}",
                            "resId": "${p:resource.id}",
                            "charset": "",
                            "label": ""
                        },
                        "cachedAuthTokenRestriction": {
                            "name": "System Default",
                            "description": "Used by default for any plugin steps without a specified token restriction",
                            "restrictions": [{
                                "verb": "ALL",
                                "url": "\/*"
                            }]
                        },
                        "type": "plugin",
                        "name": "Download Versioned AWS Manifest",
                        "children": []
                    },
                    {
                        "lockName": "${p:agent.id}-${p:component.name}-provision-${p:requestedEnvName}",
                        "type": "acquireLock",
                        "name": "992c245603a29d77d5aeaa237bdb82",
                        "children": []
                    },
                    {
                        "allowFailure": false,
                        "useImpersonation": false,
                        "showHidden": false,
                        "impersonationUseSudo": false,
                        "pluginVersion": 10,
                        "commandName": "Run Groovy Script",
                        "pluginName": "Groovy",
                        "authTokenRestriction": "20000001-0001-0001-0001-000000000000",
                        "properties": {
                            "groovyHome": "${GROOVY_HOME}",
                            "scriptBody": "outProps.put( 'manifest', new File(\"awsManifest.json\").text )\n"
                        },
                        "cachedAuthTokenRestriction": {
                            "name": "System Default",
                            "description": "Used by default for any plugin steps without a specified token restriction",
                            "restrictions": [{
                                "verb": "ALL",
                                "url": "\/*"
                            }]
                        },
                        "type": "plugin",
                        "name": "Load AWS Manifest from file",
                        "children": []
                    },
                    {
                        "allowFailure": false,
                        "useImpersonation": false,
                        "showHidden": true,
                        "impersonationUseSudo": false,
                        "pluginVersion": 10,
                        "commandName": "Provision AWS",
                        "pluginName": "FannieMae AWS Provisioning",
                        "authTokenRestriction": "20000001-0001-0001-0001-000000000000",
                        "properties": {
                            "awsSpecification": "${p:Load AWS Manifest from file\/manifest}",
                            "ucdComponentsDefFilename": "ucdComponentsDef.json",
                            "existingAwsProductInstances": "${p:existingAwsProductInstances}",
                            "tokens": "${p?:tokens}",
                            "blueGreen": "${p:blueGreen}",
                            "applicationName": "${p:application.name}",
                            "requestedEnvType": "${p:requestedEnvType}",
                            "requestedEnvName": "${p:requestedEnvName}",
                            "awsRegion": "${p:component\/awsRegion}",
                            "awsProfileScript": "${p:component\/awsProfile}",
                            "awsProductIds": "${p:component\/awsProductIds}",
                            "awsPool": "${p:ucdAgentOrPool}",
                            "awsRole": "${p:iam.awsRole}",
                            "awsPassword": "crypt_v1{AES\/CBC\/PKCS5Padding|aes128keycwyc|j\/hOVnQ2kLlIb8hmNwJK+A==|DVulPTEPJnEgUKXlD8urlB1m0TBEWXvP+xcesHLL2SU=}",
                            "cleanupAwsResourcesOnFailure": "true",
                            "ucdAuthToken": "crypt_v1{AES\/CBC\/PKCS5Padding|aes128keycwyc|K425rLEBtcGvyrvkQ6UrAw==|QZ25tnOTLOqrn\/3sTMitzQ==}",
                            "loggingLevel": "info"
                        },
                        "cachedAuthTokenRestriction": {
                            "name": "System Default",
                            "description": "Used by default for any plugin steps without a specified token restriction",
                            "restrictions": [{
                                "verb": "ALL",
                                "url": "\/*"
                            }]
                        },
                        "type": "plugin",
                        "name": "Provision AWS",
                        "children": []
                    },
                    {
                        "componentProcessName": "checkChangeTicketForProvisionAndDeprovision",
                        "componentTemplateName": "PROVISIONING-TEMPLATE",
                        "allowFailure": false,
                        "properties": {
                            "envType": "${p?:requestedEnvType}",
                            "changeTicket": "${p?:changeTicket}"
                        },
                        "draftProperties": {},
                        "type": "componentProcess",
                        "name": "Run: \"checkChangeTicketForProvisionAndDeprovision\"",
                        "children": []
                    }
                ]
            }
        },
        {
            "name": "checkChangeTicketForProvisionAndDeprovision",
            "description": "Validates Change Ticket for Production Provisioning and Deprovisioning",
            "defaultWorkingDir": "${p:resource\/work.dir}\/${p:component.name}",
            "takesVersion": false,
            "status": "",
            "active": true,
            "path": "componentTemplates\/16b52d29-84ab-b7cd-ce6a-ce2efdb36830\/processes\/16ed1d30-852b-e22f-e73f-798d90a514bf",
            "deleted": false,
            "propDefs": [
                {
                    "name": "changeTicket",
                    "label": "changeTicket",
                    "pattern": "",
                    "type": "TEXT",
                    "value": "${p?:changeTicket}",
                    "required": false,
                    "description": "MyServices Change Ticket",
                    "placeholder": ""
                },
                {
                    "name": "envType",
                    "label": "envType",
                    "pattern": "",
                    "type": "TEXT",
                    "value": "${p?:envType}",
                    "required": false,
                    "description": "Type of environment",
                    "placeholder": ""
                }
            ],
            "rootActivity": {
                "edges": [
                    {
                        "to": "418572d0526ba3c0ad9af4c6b1a5d3",
                        "from": "Run Generic: \"G14-myServicesVerifyChangeTicketValidation\"",
                        "type": "SUCCESS",
                        "value": ""
                    },
                    {
                        "to": "System Level Exception Property",
                        "from": "Check environment",
                        "type": "VALUE",
                        "value": "PROD"
                    },
                    {
                        "to": "Manual preDeployValidation",
                        "from": "System Level Exception Property",
                        "type": "VALUE",
                        "value": "TRUE\ntrue\nTrue"
                    },
                    {
                        "to": "418572d0526ba3c0ad9af4c6b1a5d3",
                        "from": "Manual preDeployValidation",
                        "type": "SUCCESS",
                        "value": ""
                    },
                    {
                        "to": "Check CHG# Environment",
                        "from": "Get Change Record",
                        "type": "SUCCESS",
                        "value": ""
                    },
                    {
                        "to": "Check Change Ticket Impacted Application",
                        "from": "Change Ticket Exists?",
                        "type": "VALUE",
                        "value": ""
                    },
                    {
                        "to": "Run Generic: \"G14-myServicesVerifyChangeTicketValidation\"",
                        "from": "Check CHG# Environment",
                        "type": "VALUE",
                        "value": "Production"
                    },
                    {
                        "to": "Change Ticket Exists?",
                        "from": "System Level Exception Property",
                        "type": "VALUE",
                        "value": ""
                    },
                    {
                        "to": "Check environment",
                        "type": "ALWAYS",
                        "value": ""
                    },
                    {
                        "to": "Get Change Record",
                        "from": "Check Change Ticket Impacted Application",
                        "type": "SUCCESS",
                        "value": ""
                    },
                    {
                        "to": "Fail - CHG# is missing",
                        "from": "Change Ticket Exists?",
                        "type": "VALUE",
                        "value": "^$"
                    },
                    {
                        "to": "418572d0526ba3c0ad9af4c6b1a5d3",
                        "from": "Check environment",
                        "type": "VALUE",
                        "value": ""
                    },
                    {
                        "to": "Fail - Change ticket is NOT production or contingency environment",
                        "from": "Check CHG# Environment",
                        "type": "VALUE",
                        "value": ""
                    }
                ],
                "offsets": [
                    {
                        "name": "418572d0526ba3c0ad9af4c6b1a5d3",
                        "x": -736.5637860082304,
                        "y": 1270,
                        "h": 100,
                        "w": 160
                    },
                    {
                        "name": "Check environment",
                        "x": -120,
                        "y": 150,
                        "h": 110,
                        "w": 390
                    },
                    {
                        "name": "Fail - CHG# is missing",
                        "x": -756.5637860082304,
                        "y": 630,
                        "h": 110,
                        "w": 440
                    },
                    {
                        "name": "Manual preDeployValidation",
                        "x": -856.5637860082304,
                        "y": 470,
                        "h": 110,
                        "w": 760
                    },
                    {
                        "name": "System Level Exception Property",
                        "x": -621.5637860082304,
                        "y": 310,
                        "h": 110,
                        "w": 910
                    },
                    {
                        "name": "Run Generic: \"G14-myServicesVerifyChangeTicketValidation\"",
                        "x": -1116.5637860082304,
                        "y": 1130,
                        "h": 70,
                        "w": 920
                    },
                    {
                        "name": "Get Change Record",
                        "x": -371.5637860082304,
                        "y": 790,
                        "h": 110,
                        "w": 440
                    },
                    {
                        "name": "Change Ticket Exists?",
                        "x": -66.56378600823041,
                        "y": 470,
                        "h": 110,
                        "w": 470
                    },
                    {
                        "name": "Check CHG# Environment",
                        "x": -521.5637860082304,
                        "y": 950,
                        "h": 110,
                        "w": 720
                    },
                    {
                        "name": "Check Change Ticket Impacted Application",
                        "x": -286.5637860082304,
                        "y": 630,
                        "h": 110,
                        "w": 740
                    },
                    {
                        "name": "Fail - Change ticket is NOT production or contingency environment",
                        "x": -166.5637860082304,
                        "y": 1110,
                        "h": 110,
                        "w": 980
                    }
                ],
                "layoutMode": "auto",
                "type": "graph",
                "name": "5bf81679-17db-40a6-a7de-391967f806a0",
                "children": [
                    {
                        "type": "finish",
                        "name": "418572d0526ba3c0ad9af4c6b1a5d3",
                        "children": []
                    },
                    {
                        "propertyName": "${p:envType}",
                        "type": "switch",
                        "name": "Check environment",
                        "children": []
                    },
                    {
                        "propertyName": "${p:system\/ENABLE_MANUAL_VALIDATION_SYS}",
                        "type": "switch",
                        "name": "System Level Exception Property",
                        "children": []
                    },
                    {
                        "propertyName": "${p?:changeTicket}",
                        "type": "switch",
                        "name": "Change Ticket Exists?",
                        "children": []
                    },
                    {
                        "allowFailure": false,
                        "useImpersonation": false,
                        "showHidden": false,
                        "impersonationUseSudo": false,
                        "pluginVersion": 3,
                        "commandName": "Check Change Ticket Impacted Application",
                        "pluginName": "FannieMae UCD ServiceNow",
                        "authTokenRestriction": "20000001-0001-0001-0001-000000000000",
                        "properties": {
                            "changeRequestId": "${p:changeTicket}",
                            "appAssetId": "${p:assetId}",
                            "serverUrl": "${p:SERVICENOW_URL}",
                            "username": "${p:SERVICENOW_USER}",
                            "password": "crypt_v1{AES\/CBC\/PKCS5Padding|aes128keycwyc|Vpcqj80ROGpbQsTvtOBJMA==|6eYa8r\/bUpFPD87UlLLSYQ==}",
                            "proxyHost": "${p:SERVICENOW_PROXYHOST}",
                            "proxyPort": "${p:SERVICENOW_PROXYPORT}",
                            "proxyUser": "${p:SERVICENOW_USER}",
                            "proxyPass": "crypt_v1{AES\/CBC\/PKCS5Padding|aes128keycwyc|Z9HI+RChBoi2YrM9NRhaQw==|9nAa6KBu6ecXKPRQ+A71wA==}"
                        },
                        "cachedAuthTokenRestriction": {
                            "name": "System Default",
                            "description": "Used by default for any plugin steps without a specified token restriction",
                            "restrictions": [{
                                "verb": "ALL",
                                "url": "\/*"
                            }]
                        },
                        "type": "plugin",
                        "name": "Check Change Ticket Impacted Application",
                        "children": []
                    },
                    {
                        "allowFailure": false,
                        "useImpersonation": false,
                        "showHidden": false,
                        "impersonationUseSudo": false,
                        "postProcessingScript": {
                            "id": "165ca15c-23c6-e9b5-3513-89b0f9f28193",
                            "name": "Force Failure",
                            "description": "Final state to fail ",
                            "body": "properties.put('Status', 'Failure');\n"
                        },
                        "pluginVersion": 10,
                        "commandName": "Run Groovy Script",
                        "pluginName": "Groovy",
                        "authTokenRestriction": "20000001-0001-0001-0001-000000000000",
                        "properties": {
                            "groovyHome": "${GROOVY_HOME}",
                            "scriptBody": "println \"ERROR: My Services Change ticket is mandatory for Production or Contingency environment deployments\""
                        },
                        "cachedAuthTokenRestriction": {
                            "name": "System Default",
                            "description": "Used by default for any plugin steps without a specified token restriction",
                            "restrictions": [{
                                "verb": "ALL",
                                "url": "\/*"
                            }]
                        },
                        "type": "plugin",
                        "name": "Fail - CHG# is missing",
                        "children": []
                    },
                    {
                        "allowFailure": false,
                        "useImpersonation": false,
                        "showHidden": true,
                        "impersonationUseSudo": false,
                        "pluginVersion": 3,
                        "commandName": "Get Change Record",
                        "pluginName": "FannieMae UCD ServiceNow",
                        "authTokenRestriction": "20000001-0001-0001-0001-000000000000",
                        "properties": {
                            "changeRequestId": "${p:changeTicket}",
                            "serverUrl": "${p:SERVICENOW_URL}",
                            "username": "${p:SERVICENOW_USER}",
                            "password": "crypt_v1{AES\/CBC\/PKCS5Padding|aes128keycwyc|wOihFIQK9X7OGP5rrmXRKg==|\/uWg1\/IDpzqMytSA15heZw==}",
                            "proxyHost": "${p:SERVICENOW_PROXYHOST}",
                            "proxyPort": "${p:SERVICENOW_PROXYPORT}",
                            "proxyUser": "${p:SERVICENOW_USER}",
                            "proxyPass": "crypt_v1{AES\/CBC\/PKCS5Padding|aes128keycwyc|YMXEiog2Ok4HVPzBo1BKSg==|2FYYbl0FaqE\/cSbYG9ZNdQ==}"
                        },
                        "cachedAuthTokenRestriction": {
                            "name": "System Default",
                            "description": "Used by default for any plugin steps without a specified token restriction",
                            "restrictions": [{
                                "verb": "ALL",
                                "url": "\/*"
                            }]
                        },
                        "type": "plugin",
                        "name": "Get Change Record",
                        "children": []
                    },
                    {
                        "propertyName": "${p:Get Change Record\/Environment}",
                        "type": "switch",
                        "name": "Check CHG# Environment",
                        "children": []
                    },
                    {
                        "allowFailure": false,
                        "useImpersonation": false,
                        "showHidden": false,
                        "impersonationUseSudo": false,
                        "postProcessingScript": {
                            "id": "165ca15c-23c6-e9b5-3513-89b0f9f28193",
                            "name": "Force Failure",
                            "description": "Final state to fail ",
                            "body": "properties.put('Status', 'Failure');\n"
                        },
                        "pluginVersion": 10,
                        "commandName": "Run Groovy Script",
                        "pluginName": "Groovy",
                        "authTokenRestriction": "20000001-0001-0001-0001-000000000000",
                        "properties": {
                            "groovyHome": "${GROOVY_HOME}",
                            "scriptBody": "println \"ERROR: My Services Change ticket is mandatory for Production or Contingency environment deployment\""
                        },
                        "cachedAuthTokenRestriction": {
                            "name": "System Default",
                            "description": "Used by default for any plugin steps without a specified token restriction",
                            "restrictions": [{
                                "verb": "ALL",
                                "url": "\/*"
                            }]
                        },
                        "type": "plugin",
                        "name": "Fail - Change ticket is NOT production or contingency environment",
                        "children": []
                    },
                    {
                        "processName": "G14-myServicesVerifyChangeTicketValidation",
                        "resourcePath": "${p:resource.path}",
                        "properties": {
                            "processId": "16d6474c-6d50-b090-cb02-db0e39ad8513",
                            "resourcePath": "${p:resource.path}",
                            "changeTicket": "${p?:changeTicket}"
                        },
                        "type": "runProcess",
                        "name": "Run Generic: \"G14-myServicesVerifyChangeTicketValidation\"",
                        "children": []
                    },
                    {
                        "processName": "G05-manualDeploymentValidation",
                        "resourcePath": "${p:resource.path}",
                        "properties": {
                            "processId": "16d646d3-1d77-c039-b176-96593935c345",
                            "resourcePath": "${p:resource.path}"
                        },
                        "type": "runProcess",
                        "name": "Manual preDeployValidation",
                        "children": []
                    }
                ]
            }
        },
        {
            "name": "runAWSCmd",
            "description": "run ${p:awsCmd} on AWS Int server as ftxdply",
            "defaultWorkingDir": "${p:resource\/work.dir}\/${p:component.name}",
            "takesVersion": false,
            "status": "",
            "active": true,
            "path": "componentTemplates\/16b52d29-84ab-b7cd-ce6a-ce2efdb36830\/processes\/16cf792a-b8a5-d394-c059-356d34547547",
            "deleted": false,
            "requiredRoleName": "Administrator",
            "propDefs": [],
            "rootActivity": {
                "edges": [
                    {
                        "to": "Run AWS Executable",
                        "from": "Initiate AWS Working Session",
                        "type": "SUCCESS",
                        "value": ""
                    },
                    {
                        "to": "Define AWS Context",
                        "from": "Where am I",
                        "type": "SUCCESS",
                        "value": ""
                    },
                    {
                        "to": "65d26d3d68f804531d0c56abb3ddab",
                        "from": "Run AWS Executable",
                        "type": "SUCCESS",
                        "value": ""
                    },
                    {
                        "to": "Define AWS Executable",
                        "from": "Where am I",
                        "type": "SUCCESS",
                        "value": ""
                    },
                    {
                        "to": "Initiate AWS Working Session",
                        "from": "3d2f43c69d0ae4e64ff11d5fc99583",
                        "type": "SUCCESS",
                        "value": ""
                    },
                    {
                        "to": "3d2f43c69d0ae4e64ff11d5fc99583",
                        "from": "Define AWS Context",
                        "type": "SUCCESS",
                        "value": ""
                    },
                    {
                        "to": "Where am I",
                        "type": "ALWAYS",
                        "value": ""
                    },
                    {
                        "to": "3d2f43c69d0ae4e64ff11d5fc99583",
                        "from": "Define AWS Executable",
                        "type": "SUCCESS",
                        "value": ""
                    }
                ],
                "offsets": [
                    {
                        "name": "3d2f43c69d0ae4e64ff11d5fc99583",
                        "x": -2.1170910493826796,
                        "y": 500,
                        "h": 80,
                        "w": 160
                    },
                    {
                        "name": "65d26d3d68f804531d0c56abb3ddab",
                        "x": -16.871051552854908,
                        "y": 970,
                        "h": 110,
                        "w": 180
                    },
                    {
                        "name": "Initiate AWS Working Session",
                        "x": -210.28639805169752,
                        "y": 630,
                        "h": 120,
                        "w": 570
                    },
                    {
                        "name": "Where am I",
                        "x": -55,
                        "y": 160,
                        "h": 120,
                        "w": 270
                    },
                    {
                        "name": "Define AWS Context",
                        "x": 120.92592592592592,
                        "y": 330,
                        "h": 120,
                        "w": 380
                    },
                    {
                        "name": "Define AWS Executable",
                        "x": -389.0740740740741,
                        "y": 330,
                        "h": 120,
                        "w": 480
                    },
                    {
                        "name": "Run AWS Executable",
                        "x": -146.8710515528549,
                        "y": 800,
                        "h": 120,
                        "w": 440
                    }
                ],
                "layoutMode": "auto",
                "type": "graph",
                "name": "801158a3-8598-40f8-b17f-29f6131dccad",
                "children": [
                    {
                        "type": "finish",
                        "name": "65d26d3d68f804531d0c56abb3ddab",
                        "children": []
                    },
                    {
                        "allowFailure": false,
                        "useImpersonation": false,
                        "showHidden": false,
                        "impersonationUseSudo": false,
                        "pluginVersion": 9,
                        "commandName": "Shell",
                        "pluginName": "Shell",
                        "authTokenRestriction": "20000001-0001-0001-0001-000000000000",
                        "properties": {
                            "directoryOffset": ".",
                            "shellInterpreter": "",
                            "scriptBody": "#!\/bin\/ksh \nhostname\npwd",
                            "runAsDaemon": "false",
                            "outputFile": ""
                        },
                        "cachedAuthTokenRestriction": {
                            "name": "System Default",
                            "description": "Used by default for any plugin steps without a specified token restriction",
                            "restrictions": [{
                                "verb": "ALL",
                                "url": "\/*"
                            }]
                        },
                        "type": "plugin",
                        "name": "Where am I",
                        "children": []
                    },
                    {
                        "allowFailure": false,
                        "useImpersonation": false,
                        "showHidden": false,
                        "impersonationUseSudo": false,
                        "pluginVersion": 9,
                        "commandName": "Shell",
                        "pluginName": "Shell",
                        "authTokenRestriction": "20000001-0001-0001-0001-000000000000",
                        "properties": {
                            "directoryOffset": ".",
                            "shellInterpreter": "",
                            "scriptBody": "#!\/bin\/ksh\npwd\ndir\nchmod +x awsInit.ksh\necho \"=============================\"\ncat awsInit.ksh\necho \"=============================\"\n.\/awsInit.ksh",
                            "runAsDaemon": "false",
                            "outputFile": ""
                        },
                        "cachedAuthTokenRestriction": {
                            "name": "System Default",
                            "description": "Used by default for any plugin steps without a specified token restriction",
                            "restrictions": [{
                                "verb": "ALL",
                                "url": "\/*"
                            }]
                        },
                        "type": "plugin",
                        "name": "Initiate AWS Working Session",
                        "children": []
                    },
                    {
                        "allowFailure": false,
                        "useImpersonation": false,
                        "showHidden": false,
                        "impersonationUseSudo": false,
                        "pluginVersion": 73,
                        "commandName": "Create File",
                        "pluginName": "File Utils",
                        "authTokenRestriction": "20000001-0001-0001-0001-000000000000",
                        "properties": {
                            "file": "awsInit.ksh",
                            "contents": "${p:awsProfile}\n# runas role \npwd \npython3 \/export\/apps\/citools\/python\/Python-3.5.3\/usr\/local\/bin\/federate-UCD.py ftxdply SDBX-SF-FVQ-SUPPORT ${p:system\/AWS_PASSWORD}\n \naws sts get-caller-identity",
                            "overwrite": "true",
                            "customEncoding": ""
                        },
                        "cachedAuthTokenRestriction": {
                            "name": "System Default",
                            "description": "Used by default for any plugin steps without a specified token restriction",
                            "restrictions": [{
                                "verb": "ALL",
                                "url": "\/*"
                            }]
                        },
                        "type": "plugin",
                        "name": "Define AWS Context",
                        "children": []
                    },
                    {
                        "allowFailure": false,
                        "useImpersonation": false,
                        "showHidden": false,
                        "impersonationUseSudo": false,
                        "pluginVersion": 73,
                        "commandName": "Create File",
                        "pluginName": "File Utils",
                        "authTokenRestriction": "20000001-0001-0001-0001-000000000000",
                        "properties": {
                            "file": "awsRun.ksh",
                            "contents": "${p:awsProfile}\n# add runtime executable \n${p:awsCmd}\n\n",
                            "overwrite": "true",
                            "customEncoding": ""
                        },
                        "cachedAuthTokenRestriction": {
                            "name": "System Default",
                            "description": "Used by default for any plugin steps without a specified token restriction",
                            "restrictions": [{
                                "verb": "ALL",
                                "url": "\/*"
                            }]
                        },
                        "type": "plugin",
                        "name": "Define AWS Executable",
                        "children": []
                    },
                    {
                        "allowFailure": false,
                        "useImpersonation": false,
                        "showHidden": false,
                        "impersonationUseSudo": false,
                        "pluginVersion": 9,
                        "commandName": "Shell",
                        "pluginName": "Shell",
                        "authTokenRestriction": "20000001-0001-0001-0001-000000000000",
                        "properties": {
                            "directoryOffset": ".",
                            "shellInterpreter": "",
                            "scriptBody": "chmod +x awsRun.ksh \necho \"=============================\"\necho \"awsRun.ksh:\"\ncat awsRun.ksh\necho \"=============================\"\n.\/awsRun.ksh",
                            "runAsDaemon": "false",
                            "outputFile": ""
                        },
                        "cachedAuthTokenRestriction": {
                            "name": "System Default",
                            "description": "Used by default for any plugin steps without a specified token restriction",
                            "restrictions": [{
                                "verb": "ALL",
                                "url": "\/*"
                            }]
                        },
                        "type": "plugin",
                        "name": "Run AWS Executable",
                        "children": []
                    },
                    {
                        "type": "join",
                        "name": "3d2f43c69d0ae4e64ff11d5fc99583",
                        "children": []
                    }
                ]
            }
        }
    ],
    "genericProcesses": [
        {
            "name": "G05-manualDeploymentValidation",
            "description": "",
            "rootActivity": {
                "edges": [
                    {
                        "to": "Verify Pre-Prod Deployment",
                        "from": "Send Exception Flow Initiated Notification",
                        "type": "SUCCESS",
                        "value": ""
                    },
                    {
                        "to": "Manual Pre-Deploy Validation Verification",
                        "from": "Verify Pre-Prod Deployment",
                        "type": "SUCCESS",
                        "value": ""
                    },
                    {
                        "to": "Operational Change - Send Manual Approval Approved Notification",
                        "from": "Check CHG Ticket Category Name",
                        "type": "VALUE",
                        "value": "Operational"
                    },
                    {
                        "to": "Send Manual Approval Rejected Notification",
                        "from": "Manual Pre-Deploy Validation Verification",
                        "type": "FAILURE",
                        "value": ""
                    },
                    {
                        "to": "Software Change - Send Manual Approval Approved Notification",
                        "from": "Check CHG Ticket Category Name",
                        "type": "VALUE",
                        "value": "Software"
                    },
                    {
                        "to": "4d80b556377fc67852aded90ff38fc",
                        "from": "Operational Change - Send Manual Approval Approved Notification",
                        "type": "SUCCESS",
                        "value": ""
                    },
                    {
                        "to": "Send Exception Flow Initiated Notification",
                        "type": "ALWAYS",
                        "value": ""
                    },
                    {
                        "to": "4d80b556377fc67852aded90ff38fc",
                        "from": "Software Change - Send Manual Approval Approved Notification",
                        "type": "SUCCESS",
                        "value": ""
                    },
                    {
                        "to": "Check CHG Ticket Category Name",
                        "from": "Manual Pre-Deploy Validation Verification",
                        "type": "SUCCESS",
                        "value": ""
                    }
                ],
                "offsets": [
                    {
                        "name": "Send Manual Approval Rejected Notification",
                        "x": 211.9502898246783,
                        "y": 630,
                        "h": 110,
                        "w": 680
                    },
                    {
                        "name": "Manual Pre-Deploy Validation Verification",
                        "x": -245.3105798275335,
                        "y": 470,
                        "h": 110,
                        "w": 650
                    },
                    {
                        "name": "Send Exception Flow Initiated Notification",
                        "x": -250,
                        "y": 150,
                        "h": 110,
                        "w": 650
                    },
                    {
                        "name": "4d80b556377fc67852aded90ff38fc",
                        "x": -123.0497101753217,
                        "y": 950,
                        "h": 100,
                        "w": 160
                    },
                    {
                        "name": "Verify Pre-Prod Deployment",
                        "x": -158.4368599425111,
                        "y": 310,
                        "h": 110,
                        "w": 470
                    },
                    {
                        "name": "Software Change - Send Manual Approval Approved Notification",
                        "x": -1018.0497101753217,
                        "y": 790,
                        "h": 110,
                        "w": 950
                    },
                    {
                        "name": "Operational Change - Send Manual Approval Approved Notification",
                        "x": -38.04971017532171,
                        "y": 790,
                        "h": 110,
                        "w": 990
                    },
                    {
                        "name": "Check CHG Ticket Category Name",
                        "x": -958.0497101753217,
                        "y": 630,
                        "h": 110,
                        "w": 1140
                    }
                ],
                "layoutMode": "auto",
                "type": "graph",
                "name": "9f37ea8a-cf08-4137-a6b5-472e5cb3da77",
                "children": [
                    {
                        "type": "finish",
                        "name": "4d80b556377fc67852aded90ff38fc",
                        "children": []
                    },
                    {
                        "allowFailure": false,
                        "useImpersonation": false,
                        "showHidden": false,
                        "impersonationUseSudo": false,
                        "pluginVersion": 9,
                        "commandName": "Shell",
                        "pluginName": "Shell",
                        "authTokenRestriction": "20000001-0001-0001-0001-000000000000",
                        "properties": {
                            "directoryOffset": ".",
                            "shellInterpreter": "",
                            "scriptBody": "#!\/bin\/bash\n# Configure UCD Client\nexport DS_WEB_URL=${p:DS_WEB_URL}\nexport JAVA_HOME=${p:JAVA_HOME}\nexport DS_AUTH_TOKEN=${p:system\/DS_AUTH_TOKEN}\nexport UDCLIENT=${p:AGENT_HOME}\/opt\/udclient\/udclient \nmandatedEnvStatus=\"DEPLOYED_TO_PRE-PROD\"\n\necho $UDCLIENT getStatusList -application ${p:applicationName} -snapshot \"${p:snapshotName}\" \nstatusOutput=`$UDCLIENT getStatusList -application ${p:applicationName} -snapshot \"${p:snapshotName}\"` \nrc=$?\nif [[ $rc -ne 0 ]] ; then\n  echo \"ERROR: Not able to get Snapshot status information\"\n  echo $@\n exit 1\nfi\n\n# verify if \nif [[ \"$statusOutput\" =~ $mandatedEnvStatus ]] ; then\n  echo \"Snapshot is already deployed to a non-dev environment\"\nelse \n  echo \"Snapshot needs to be deployed to atleast one non-dev environment.. deployment can't proceed\"\n  exit 1\nfi",
                            "runAsDaemon": "false",
                            "outputFile": ""
                        },
                        "cachedAuthTokenRestriction": {
                            "name": "System Default",
                            "description": "Used by default for any plugin steps without a specified token restriction",
                            "restrictions": [{
                                "verb": "ALL",
                                "url": "\/*"
                            }]
                        },
                        "type": "plugin",
                        "name": "Verify Pre-Prod Deployment",
                        "children": []
                    },
                    {
                        "allowFailure": false,
                        "useImpersonation": false,
                        "showHidden": false,
                        "impersonationUseSudo": false,
                        "pluginVersion": 2,
                        "commandName": "Send SMTP Email",
                        "pluginName": "Send Email",
                        "authTokenRestriction": "20000001-0001-0001-0001-000000000000",
                        "properties": {
                            "toList": "devops_engineering@fanniemae.com, ${p:requestUserName}@fanniemae.com",
                            "subject": "Exception Flow Initiated for Asset ${p:assetId}",
                            "message": "Application Name: ${p:applicationName}\r\nSnapshot Name: ${p:snapshotName}\r\nEnvironment: ${p:envType}\r\nRequestor: ${p:requestUserDisplayName}\r\n\r\nView the Request: ${p:server.url}\/#applicationProcessRequest\/${p?:appRequestId}\r\n\r\n",
                            "isHtml": "false",
                            "attachments": "",
                            "host": "${p:system\/email.server}",
                            "port": "25",
                            "secure": "[object Object]",
                            "fromAddress": "",
                            "username": "r0upbk",
                            "password": "crypt_v1{AES\/CBC\/PKCS5Padding|aes128keycwyc|qLLrER\/5jgDJ8ndkDd8zFw==|1DwdKvmV6A0bWyy6ERMYLQ==}"
                        },
                        "cachedAuthTokenRestriction": {
                            "name": "System Default",
                            "description": "Used by default for any plugin steps without a specified token restriction",
                            "restrictions": [{
                                "verb": "ALL",
                                "url": "\/*"
                            }]
                        },
                        "type": "plugin",
                        "name": "Send Exception Flow Initiated Notification",
                        "children": []
                    },
                    {
                        "commentRequired": false,
                        "commentPrompt": "Please enter the required information before bypassing the approval. Include detailed reason for manual approval or rejection.",
                        "userNames": "",
                        "groupNames": "EXCEPTION-SUPPORT-GROUP",
                        "propDefs": [
                            {
                                "name": "approvalReason",
                                "label": "approvalReason",
                                "pattern": "",
                                "type": "TEXT",
                                "required": true,
                                "description": "Reason for manual approval or rejection",
                                "inherited": false
                            },
                            {
                                "name": "approverName",
                                "label": "approverName",
                                "pattern": "",
                                "type": "TEXT",
                                "required": true,
                                "description": "Name of the approver or rejector in the last name, first name format",
                                "inherited": false
                            },
                            {
                                "name": "approverEmail",
                                "label": "approverEmail",
                                "pattern": "",
                                "type": "TEXT",
                                "required": true,
                                "description": "Email of the approver",
                                "inherited": false
                            },
                            {
                                "name": "changeCategoryName",
                                "label": "changeCategoryName",
                                "pattern": "",
                                "type": "SELECT",
                                "required": true,
                                "description": "CHG ticket category - Operational\/Software",
                                "allowedValues": [
                                    {
                                        "label": "Software",
                                        "value": "Software"
                                    },
                                    {
                                        "label": "Operational",
                                        "value": "Operational"
                                    }
                                ],
                                "inherited": false
                            },
                            {
                                "name": "changeTicketNumber",
                                "label": "changeTicketNumber",
                                "pattern": "",
                                "type": "TEXT",
                                "required": false,
                                "description": "",
                                "inherited": false
                            }
                        ],
                        "templateName": "TaskCreated",
                        "deployingUserOnly": false,
                        "type": "manualTask",
                        "name": "Manual Pre-Deploy Validation Verification",
                        "children": []
                    },
                    {
                        "propertyName": "${p:Manual Pre-Deploy Validation Verification\/changeCategoryName}",
                        "type": "switch",
                        "name": "Check CHG Ticket Category Name",
                        "children": []
                    },
                    {
                        "allowFailure": false,
                        "useImpersonation": false,
                        "showHidden": false,
                        "impersonationUseSudo": false,
                        "pluginVersion": 2,
                        "commandName": "Send SMTP Email",
                        "pluginName": "Send Email",
                        "authTokenRestriction": "20000001-0001-0001-0001-000000000000",
                        "properties": {
                            "toList": "devops_engineering@fanniemae.com, ${p:requestUserName}@fanniemae.com",
                            "subject": "Rejected: Manual Approval for Asset ${p:assetId}",
                            "message": "<!DOCTYPE html>\r\n<html> \r\n\r\n<h3><i>Manual validation for deployment was rejected.<\/i><\/h3>\r\n\r\n<p><h3><u>Process Request Info<\/u><\/h3><\/p>\r\n<p><b>Application Name:<\/b> ${p:applicationName}<\/p>\r\n<p><b>Snapshot Name:<\/b> ${p:snapshotName}<\/p>\r\n<p><b>Environment Type:<\/b> ${p:envType}<\/p>\r\n<p><b>Requestor:<\/b> ${p:requestUserDisplayName}<\/p>\r\n\r\n<p><b>View the Request:<\/b> ${p:server.url}\/#applicationProcessRequest\/${p?:appRequestId}<\/p>\r\n\r\n\r\n<p><h3><u>Request for Manual Approval Info<\/u><\/h3><\/p>\r\n<p><b>Change Ticket (if created):<\/b> ${p:Manual Pre-Deploy Validation Verification\/changeTicketNumber}<\/p>\r\n<p><b>Change Category:<\/b> ${p:Manual Pre-Deploy Validation Verification\/changeCategoryName}\r\n<p><b>Rejection Reason:<\/b> ${p:Manual Pre-Deploy Validation Verification\/approvalReason}\r\n<p><b>Approver Contact Info:<\/b> ${p:Manual Pre-Deploy Validation Verification\/approverName}, ${p:Manual Pre-Deploy Validation Verification\/approverEmail}<\/p>\r\n\r\n<\/html>\r\n",
                            "isHtml": "true",
                            "attachments": "",
                            "host": "${p:system\/email.server}",
                            "port": "25",
                            "secure": "[object Object]",
                            "fromAddress": "${p:system\/UCD_ADDRESS}",
                            "username": "r0upbk",
                            "password": "crypt_v1{AES\/CBC\/PKCS5Padding|aes128keycwyc|f3LF35OJKIRtsROZa0SUWw==|1iAkW\/tZeYmIC9aB9RlVMQ==}"
                        },
                        "cachedAuthTokenRestriction": {
                            "name": "System Default",
                            "description": "Used by default for any plugin steps without a specified token restriction",
                            "restrictions": [{
                                "verb": "ALL",
                                "url": "\/*"
                            }]
                        },
                        "type": "plugin",
                        "name": "Send Manual Approval Rejected Notification",
                        "children": []
                    },
                    {
                        "allowFailure": false,
                        "useImpersonation": false,
                        "showHidden": false,
                        "impersonationUseSudo": false,
                        "pluginVersion": 2,
                        "commandName": "Send SMTP Email",
                        "pluginName": "Send Email",
                        "authTokenRestriction": "20000001-0001-0001-0001-000000000000",
                        "properties": {
                            "toList": "devops_engineering@fanniemae.com, ${p:requestUserName}@fanniemae.com",
                            "subject": "Approved: Manual Approval for Asset ${p:assetId}",
                            "message": "<!DOCTYPE html>\r\n<html> \r\n\r\n<h3><i>Manual validation for deployment was approved.<\/i><\/h3>\r\n\r\n<p><h3><u>Process Request Info<\/u><\/h3><\/p>\r\n<p><b>Application Name:<\/b> ${p:applicationName}<\/p>\r\n<p><b>Snapshot Name:<\/b> ${p:snapshotName}<\/p>\r\n<p><b>Environment Type:<\/b> ${p:envType}<\/p>\r\n<p><b>Requestor:<\/b> ${p:requestUserDisplayName}<\/p>\r\n\r\n<p><b>View the Request:<\/b> ${p:server.url}\/#applicationProcessRequest\/${p?:appRequestId}<\/p>\r\n\r\n\r\n<p><h3><u>Request for Manual Approval Info<\/u><\/h3><\/p>\r\n<p><b>Change Ticket (if created):<\/b> ${p:Manual Pre-Deploy Validation Verification\/changeTicketNumber}<\/p>\r\n<p><b>Change Category:<\/b> ${p:Manual Pre-Deploy Validation Verification\/changeCategoryName}\r\n<p><b>Approval Reason:<\/b> ${p:Manual Pre-Deploy Validation Verification\/approvalReason}\r\n<p><b>Approver Contact Info:<\/b> ${p:Manual Pre-Deploy Validation Verification\/approverName}, ${p:Manual Pre-Deploy Validation Verification\/approverEmail}<\/p>\r\n\r\n<\/html>\r\n",
                            "isHtml": "true",
                            "attachments": "",
                            "host": "${p:system\/email.server}",
                            "port": "25",
                            "secure": "[object Object]",
                            "fromAddress": "${p:system\/UCD_ADDRESS}",
                            "username": "r0upbk",
                            "password": "crypt_v1{AES\/CBC\/PKCS5Padding|aes128keycwyc|PLYpiTlX\/ekZLWuApagqgQ==|E0pVropO0rawbTCgc4ipsg==}"
                        },
                        "cachedAuthTokenRestriction": {
                            "name": "System Default",
                            "description": "Used by default for any plugin steps without a specified token restriction",
                            "restrictions": [{
                                "verb": "ALL",
                                "url": "\/*"
                            }]
                        },
                        "type": "plugin",
                        "name": "Software Change - Send Manual Approval Approved Notification",
                        "children": []
                    },
                    {
                        "allowFailure": false,
                        "useImpersonation": false,
                        "showHidden": false,
                        "impersonationUseSudo": false,
                        "pluginVersion": 2,
                        "commandName": "Send SMTP Email",
                        "pluginName": "Send Email",
                        "authTokenRestriction": "20000001-0001-0001-0001-000000000000",
                        "properties": {
                            "toList": "devops_engineering@fanniemae.com, ${p:requestUserName}@fanniemae.com",
                            "subject": "Approved: Manual Approval for Asset ${p:assetId}",
                            "message": "<!DOCTYPE html>\r\n<html> \r\n\r\n<h3><i>Manual validation for deployment was approved.<\/i><\/h3>\r\n\r\n<p><h3><u>Process Request Info<\/u><\/h3><\/p>\r\n<p><b>Application Name:<\/b> ${p:applicationName}<\/p>\r\n<p><b>Snapshot Name:<\/b> ${p:snapshotName}<\/p>\r\n<p><b>Environment Type:<\/b> ${p:envType}<\/p>\r\n<p><b>Requestor:<\/b> ${p:requestUserDisplayName}<\/p>\r\n\r\n<p><b>View the Request:<\/b> ${p:server.url}\/#applicationProcessRequest\/${p?:appRequestId}<\/p>\r\n\r\n<p><h3><u>Request for Manual Approval Info<\/u><\/h3><\/p>\r\n<p><b>Change Ticket (if created):<\/b> ${p:Manual Pre-Deploy Validation Verification\/changeTicketNumber}<\/p>\r\n<p><b>Change Category:<\/b> ${p:Manual Pre-Deploy Validation Verification\/changeCategoryName}\r\n<p><b>Approval Reason:<\/b> ${p:Manual Pre-Deploy Validation Verification\/approvalReason}\r\n<p><b>Approver Contact Info:<\/b> ${p:Manual Pre-Deploy Validation Verification\/approverName}, ${p:Manual Pre-Deploy Validation Verification\/approverEmail}<\/p>\r\n\r\n<\/html>\r\n",
                            "isHtml": "true",
                            "attachments": "",
                            "host": "${p:system\/email.server}",
                            "port": "25",
                            "secure": "[object Object]",
                            "fromAddress": "${p:system\/UCD_ADDRESS}",
                            "username": "r0upbk",
                            "password": "crypt_v1{AES\/CBC\/PKCS5Padding|aes128keycwyc|i9a8KAMwRK4O3J9TxhOCMA==|DDui6vcijHoz10XhwHchQA==}"
                        },
                        "cachedAuthTokenRestriction": {
                            "name": "System Default",
                            "description": "Used by default for any plugin steps without a specified token restriction",
                            "restrictions": [{
                                "verb": "ALL",
                                "url": "\/*"
                            }]
                        },
                        "type": "plugin",
                        "name": "Operational Change - Send Manual Approval Approved Notification",
                        "children": []
                    }
                ]
            },
            "properties": [
                {
                    "name": "contextType",
                    "value": "Resource",
                    "description": "",
                    "secure": false
                },
                {
                    "name": "defaultResourceId",
                    "value": "16c0adb4-1610-16d8-fcde-cf7b389bd746",
                    "description": "",
                    "secure": false
                },
                {
                    "name": "workingDir",
                    "value": "${p:resource\/work.dir}\/${p:process.name}",
                    "description": "",
                    "secure": false
                }
            ],
            "propDefs": [
                {
                    "name": "snapshotName",
                    "label": "snapshotName",
                    "pattern": "",
                    "type": "TEXT",
                    "value": "${p?:snapshot.name}",
                    "required": true,
                    "description": "",
                    "placeholder": ""
                },
                {
                    "name": "applicationName",
                    "label": "applicationName",
                    "pattern": "",
                    "type": "TEXT",
                    "value": "${p:application.name}",
                    "required": true,
                    "description": "Application Name",
                    "placeholder": ""
                },
                {
                    "name": "snapshotId",
                    "label": "snapshotId",
                    "pattern": "",
                    "type": "TEXT",
                    "value": "${p?:snapshot.id}",
                    "required": true,
                    "description": "Snapshot ID",
                    "placeholder": ""
                },
                {
                    "name": "assetId",
                    "label": "assetId",
                    "pattern": "",
                    "type": "TEXT",
                    "value": "${p:assetId}",
                    "required": true,
                    "description": "Asset ID",
                    "placeholder": ""
                },
                {
                    "name": "appCode",
                    "label": "appCode",
                    "pattern": "",
                    "type": "TEXT",
                    "value": "${p:appCode}",
                    "required": false,
                    "description": "application Code ",
                    "placeholder": ""
                },
                {
                    "name": "envType",
                    "label": "envType",
                    "pattern": "",
                    "type": "TEXT",
                    "value": "${p?:envType}",
                    "required": true,
                    "description": "",
                    "placeholder": ""
                },
                {
                    "name": "applicationId",
                    "label": "applicationId",
                    "pattern": "",
                    "type": "TEXT",
                    "value": "${p:application.id}",
                    "required": true,
                    "description": "",
                    "placeholder": ""
                },
                {
                    "name": "requestId",
                    "label": "requestId",
                    "pattern": "",
                    "type": "TEXT",
                    "value": "${p?:request.id}",
                    "required": true,
                    "description": "",
                    "placeholder": ""
                },
                {
                    "name": "requestUserDisplayName",
                    "label": "requestUserDisplayName",
                    "pattern": "",
                    "type": "TEXT",
                    "value": "${p?:request.user.displayName}",
                    "required": true,
                    "description": "",
                    "placeholder": ""
                },
                {
                    "name": "requestUserName",
                    "label": "requestUserName",
                    "pattern": "",
                    "type": "TEXT",
                    "value": "${p:request.user.name}",
                    "required": true,
                    "description": "",
                    "placeholder": ""
                },
                {
                    "name": "appRequestId",
                    "label": "appRequestId",
                    "pattern": "",
                    "type": "TEXT",
                    "value": "${p?:applicationRequestId}",
                    "required": false,
                    "description": "",
                    "placeholder": ""
                }
            ],
            "teamMappings": [
                {
                    "teamId": "16e18c34-90fa-e779-83d4-fff9d73ce4f6",
                    "teamLabel": "FN3 RAZOR",
                    "resourceTypeId": "20000000000000000000000000000109",
                    "resourceTypeName": "Process"
                },
                {
                    "teamId": "16bae78c-1e7f-91cb-75ff-b570e5e763a7",
                    "teamLabel": "EDI RED Team",
                    "resourceTypeId": "20000000000000000000000000000109",
                    "resourceTypeName": "Process"
                },
                {
                    "teamId": "169652ce-a2f8-47ae-1803-5d89f4630b94",
                    "teamLabel": "FZM Team",
                    "resourceTypeId": "20000000000000000000000000000109",
                    "resourceTypeName": "Process"
                },
                {
                    "teamId": "16d63f4c-29b2-e622-d36c-f929aed190fa",
                    "teamLabel": "DEVOPS ENGG TEAM",
                    "resourceTypeId": "20000000000000000000000000000109",
                    "resourceTypeName": "Process"
                },
                {
                    "teamId": "16bae7e4-4098-8a50-3610-91c2e9999bcc",
                    "teamLabel": "ACQNG",
                    "resourceTypeId": "20000000000000000000000000000109",
                    "resourceTypeName": "Process"
                }
            ],
            "linkedProcesses": []
        },
        {
            "name": "G14-myServicesVerifyChangeTicketValidation",
            "description": "Validates the change ticket window, state is in Work In Progress and approval is Approved",
            "rootActivity": {
                "edges": [
                    {
                        "to": "16221d54eee8a9f3f04ec1b2ae8027",
                        "from": "Check Deployment Window",
                        "type": "SUCCESS",
                        "value": ""
                    },
                    {
                        "to": "Check Change Request Approval",
                        "type": "ALWAYS",
                        "value": ""
                    },
                    {
                        "to": "Check Deployment Window",
                        "from": "Check Change Request State",
                        "type": "SUCCESS",
                        "value": ""
                    },
                    {
                        "to": "Check Change Request State",
                        "from": "Check Change Request Approval",
                        "type": "SUCCESS",
                        "value": ""
                    }
                ],
                "offsets": [
                    {
                        "name": "Check Deployment Window",
                        "x": -155,
                        "y": 495,
                        "h": 90,
                        "w": 440
                    },
                    {
                        "name": "Check Change Request State",
                        "x": -165,
                        "y": 330,
                        "h": 90,
                        "w": 460
                    },
                    {
                        "name": "Check Change Request Approval",
                        "x": -180,
                        "y": 165,
                        "h": 90,
                        "w": 490
                    },
                    {
                        "name": "16221d54eee8a9f3f04ec1b2ae8027",
                        "x": -5,
                        "y": 660,
                        "h": 90,
                        "w": 140
                    }
                ],
                "layoutMode": "auto",
                "type": "graph",
                "name": "ddadadac-90ae-475d-a892-64f3a766ec72",
                "children": [
                    {
                        "type": "finish",
                        "name": "16221d54eee8a9f3f04ec1b2ae8027",
                        "children": []
                    },
                    {
                        "allowFailure": false,
                        "useImpersonation": false,
                        "showHidden": false,
                        "impersonationUseSudo": false,
                        "pluginVersion": 27,
                        "commandName": "Check Change Request Approval",
                        "pluginName": "ServiceNow",
                        "authTokenRestriction": "20000001-0001-0001-0001-000000000000",
                        "properties": {
                            "serverUrl": "${p:system\/SERVICENOW_URL}",
                            "changeRequestId": "${p:changeTicket}",
                            "status": "approved",
                            "username": "${p:system\/SERVICENOW_USER}",
                            "password": "crypt_v1{AES\/CBC\/PKCS5Padding|aes128keycwyc|OF\/QhxbVkzaR70mGe3+WGA==|GMoZ73wXtxSDlakktJ2I9DpMF0Bldb+0JrfHWhxmdeI=}",
                            "proxyHost": "${p:system\/SERVICENOW_PROXYHOST}",
                            "proxyPort": "${p:system\/SERVICENOW_PROXYPORT}",
                            "proxyUser": "${p:system\/SERVICENOW_USER}",
                            "proxyPass": "crypt_v1{AES\/CBC\/PKCS5Padding|aes128keycwyc|haMx7PzwO8I\/+WFWIn3YFA==|zURDQTLBmA7rNBgkxsybuCYyheToX4l5CFQZsOeepvM=}"
                        },
                        "cachedAuthTokenRestriction": {
                            "name": "System Default",
                            "description": "Used by default for any plugin steps without a specified token restriction",
                            "restrictions": [{
                                "verb": "ALL",
                                "url": "\/*"
                            }]
                        },
                        "type": "plugin",
                        "name": "Check Change Request Approval",
                        "children": []
                    },
                    {
                        "allowFailure": false,
                        "useImpersonation": false,
                        "showHidden": false,
                        "impersonationUseSudo": false,
                        "pluginVersion": 27,
                        "commandName": "Check Change Request State",
                        "pluginName": "ServiceNow",
                        "authTokenRestriction": "20000001-0001-0001-0001-000000000000",
                        "properties": {
                            "serverUrl": "${p:system\/SERVICENOW_URL}",
                            "changeRequestId": "${p:changeTicket}",
                            "status": "2",
                            "username": "${p:system\/SERVICENOW_USER}",
                            "password": "crypt_v1{AES\/CBC\/PKCS5Padding|aes128keycwyc|bdYWqXxZKOU0yIugrXT2xg==|hYygxuBnPQ\/p2SWMC0sCV8Pvddrlk3ZOlv5jHkNBWNY=}",
                            "proxyHost": "${p:system\/SERVICENOW_PROXYHOST}",
                            "proxyPort": "${p:system\/SERVICENOW_PROXYPORT}",
                            "proxyUser": "${p:system\/SERVICENOW_USER}",
                            "proxyPass": "crypt_v1{AES\/CBC\/PKCS5Padding|aes128keycwyc|P3Nm\/SiiO009iDT\/E4SGAg==|4mgKMLAZHSp6jGHjfrRtARnNj99dqQGlbGtDagn3oUo=}"
                        },
                        "cachedAuthTokenRestriction": {
                            "name": "System Default",
                            "description": "Used by default for any plugin steps without a specified token restriction",
                            "restrictions": [{
                                "verb": "ALL",
                                "url": "\/*"
                            }]
                        },
                        "type": "plugin",
                        "name": "Check Change Request State",
                        "children": []
                    },
                    {
                        "allowFailure": false,
                        "useImpersonation": false,
                        "showHidden": false,
                        "impersonationUseSudo": false,
                        "pluginVersion": 27,
                        "commandName": "Check Deployment Window",
                        "pluginName": "ServiceNow",
                        "authTokenRestriction": "20000001-0001-0001-0001-000000000000",
                        "properties": {
                            "serverUrl": "${p:system\/SERVICENOW_URL}",
                            "changeRequestId": "${p:changeTicket}",
                            "startDateField": "start_date",
                            "endDateField": "end_date",
                            "username": "${p:system\/SERVICENOW_USER}",
                            "password": "crypt_v1{AES\/CBC\/PKCS5Padding|aes128keycwyc|dKF6i+kJ3+uozCC57fnBwg==|RtIa4lmwURsM1GtKSW5k3Kf5oB5TQRkzksXmc3Ge0AI=}",
                            "proxyHost": "${p:system\/SERVICENOW_PROXYHOST}",
                            "proxyPort": "${p:system\/SERVICENOW_PROXYPORT}",
                            "proxyUser": "${p:system\/SERVICENOW_USER}",
                            "proxyPass": "crypt_v1{AES\/CBC\/PKCS5Padding|aes128keycwyc|NiKE1fTScUFk9+N+P2+25w==|dDE\/NOLmHlUZByaL9D9ZJau2LpDaBhzMeWw46QAdU7I=}"
                        },
                        "cachedAuthTokenRestriction": {
                            "name": "System Default",
                            "description": "Used by default for any plugin steps without a specified token restriction",
                            "restrictions": [{
                                "verb": "ALL",
                                "url": "\/*"
                            }]
                        },
                        "type": "plugin",
                        "name": "Check Deployment Window",
                        "children": []
                    }
                ]
            },
            "properties": [
                {
                    "name": "contextType",
                    "value": "Resource",
                    "description": "",
                    "secure": false
                },
                {
                    "name": "defaultResourceId",
                    "value": "169b67c8-eb1f-a963-7f3d-e2c19bd0adcb",
                    "description": "",
                    "secure": false
                },
                {
                    "name": "workingDir",
                    "value": "${p:resource\/work.dir}\/${p:process.name}",
                    "description": "",
                    "secure": false
                }
            ],
            "propDefs": [{
                "name": "changeTicket",
                "label": "Change Ticket",
                "pattern": "",
                "type": "TEXT",
                "value": "${p?:changeTicket}",
                "required": false,
                "description": "Change ticket number",
                "placeholder": ""
            }],
            "teamMappings": [
                {
                    "teamId": "16e18c34-90fa-e779-83d4-fff9d73ce4f6",
                    "teamLabel": "FN3 RAZOR",
                    "resourceTypeId": "20000000000000000000000000000109",
                    "resourceTypeName": "Process"
                },
                {
                    "teamId": "16bae78c-1e7f-91cb-75ff-b570e5e763a7",
                    "teamLabel": "EDI RED Team",
                    "resourceTypeId": "20000000000000000000000000000109",
                    "resourceTypeName": "Process"
                },
                {
                    "teamId": "169652ce-a2f8-47ae-1803-5d89f4630b94",
                    "teamLabel": "FZM Team",
                    "resourceTypeId": "20000000000000000000000000000109",
                    "resourceTypeName": "Process"
                },
                {
                    "teamId": "16bae7e4-4098-8a50-3610-91c2e9999bcc",
                    "teamLabel": "ACQNG",
                    "resourceTypeId": "20000000000000000000000000000109",
                    "resourceTypeName": "Process"
                }
            ],
            "linkedProcesses": []
        }
    ],
    "teamMappings": [
        {
            "teamId": "16e18c34-90fa-e779-83d4-fff9d73ce4f6",
            "teamLabel": "FN3 RAZOR",
            "resourceTypeId": "20000000000000000000000000000102",
            "resourceTypeName": "Component Template"
        },
        {
            "teamId": "16e6a846-c587-59e8-6135-963744cd1c9f",
            "teamLabel": "F8S-RPA",
            "resourceTypeId": "20000000000000000000000000000102",
            "resourceTypeName": "Component Template"
        },
        {
            "teamId": "16bae7e4-4098-8a50-3610-91c2e9999bcc",
            "teamLabel": "ACQNG",
            "resourceTypeId": "20000000000000000000000000000102",
            "resourceTypeName": "Component Template"
        },
        {
            "teamId": "16bae7f3-f8a8-eabe-97c2-f6a5b0dae241",
            "teamLabel": "OT EDI",
            "resourceTypeId": "20000000000000000000000000000102",
            "resourceTypeName": "Component Template"
        }
    ]
}