<?xml version="1.0" encoding="UTF-8" standalone="yes"?>
<ReportDefinition type="standard">
	<TemplateName>FannieMae SonarQube Report Template</TemplateName>
	<TemplatePath></TemplatePath>
	<LogoPath>/fortify.jpg</LogoPath>
	<Footnote>Fannie Mae Report template</Footnote>
	<ReportSection enabled="true" optionalSubsections="true">
		<Title>Project Summary</Title>
		<SubSection enabled="true">
			<Title>Code Base Summary</Title>
			<Description>Summary of the Codebase that was analyzed</Description>
			<Text>Code location: $SOURCE_BASE_PATH$
Number of Files: $NUMBER_OF_FILES$
Lines of Code: $LOC$
Build Label: $PROJECT_BUILD_LABEL$</Text>
		</SubSection>
	</ReportSection>
</ReportDefinition>

