<?xml version="1.0" encoding="UTF-8"?>
<web-bnd xmlns:xsi="http://www.w3.org/2001/XMLSchema-instance" xmlns="http://websphere.ibm.com/xml/ns/javaee"
    xsi:schemaLocation="http://websphere.ibm.com/xml/ns/javaee http://websphere.ibm.com/xml/ns/javaee/ibm-web-bnd_1_0.xsd" version="1.0">
  <virtual-host name="default_host"/>
  <resource-ref name="jdbc/db" binding-name="jdbc/mbc/db2v"></resource-ref>
  <resource-ref name="jms/connectionFactory" binding-name="jms/mbc/connectionFactory"></resource-ref>
  <message-destination-ref name="jms/inform" binding-name="jms/mbc/infoQueue"></message-destination-ref>
  <message-destination-ref name="jms/gcom" binding-name="jms/mbc/gcomQueue"></message-destination-ref>
</web-bnd>

