<!DOCTYPE struts-config PUBLIC
          "-//Apache Software Foundation//DTD Struts Configuration 1.1//EN"
          "http://jakarta.apache.org/struts/dtds/struts-config_1_1.dtd" >
<struts-config>
    <!-- Form Bean Definitions -->
    <form-beans>
        <form-bean name="authenticationForm" type="org.apache.struts.validator.DynaValidatorForm">
            <form-property name="samAccountName" type="java.lang.String" />
            <form-property name="unicodePwd" type="java.lang.String" />
            <form-property name="logonAttempts" type="java.lang.Integer" initial="0" />                        
        </form-bean>
        <form-bean name="superUserAuthenticationForm" type="org.apache.struts.validator.DynaValidatorForm">
            <form-property name="samAccountName" type="java.lang.String" />
            <form-property name="unicodePwd" type="java.lang.String" />
            <form-property name="logonAttempts" type="java.lang.Integer" initial="0" />                        
	    <form-property name="superUserType" type="java.lang.String"/>
	    <form-property name="userClass" type="java.lang.String"/>
        </form-bean>
        <form-bean name="validationForm" type="org.apache.struts.validator.DynaValidatorForm">
            <form-property name="accessCode" type="java.lang.String" />
            <form-property name="last6SSN" type="java.lang.String" />
            <form-property name="dobMonth" type="java.lang.String" />
            <form-property name="dobDay" type="java.lang.String" />
            <form-property name="dobYear" type="java.lang.String" />
            <form-property name="dateOfBirth" type="java.lang.String" />
        </form-bean>        
        <form-bean name="reauthenticationFormBean" type="org.apache.struts.validator.DynaValidatorForm">
            <form-property name="last6SSN" type="java.lang.String" />
	    <form-property name="dobMonth" type="java.lang.String" />
	    <form-property name="dobDay" type="java.lang.String" />
	    <form-property name="dobYear" type="java.lang.String" />
	    <form-property name="dateOfBirth" type="java.lang.String" />
	    <form-property name="challenge" type="java.lang.String" />
	    <form-property name="challengeResponse" type="java.lang.String" />
	    <form-property name="challengeAttempts" type="java.lang.Integer" initial="0" />
	    <form-property name="samAccountName" type="java.lang.String" />
	    <form-property name="validateUserName" type="java.lang.String" />
	    <form-property name="accessCode" type="java.lang.String" />
	    <form-property name="groupNumber" type="java.lang.String" />
 	</form-bean>        
        <form-bean name="resetPasswordForm" type="com.bcbssc.groupadmin.shared.forms.ResetPasswordForm">
            <form-property name="last6SSN" type="java.lang.String" />
            <form-property name="dobMonth" type="java.lang.String" />
            <form-property name="dobDay" type="java.lang.String" />
            <form-property name="dobYear" type="java.lang.String" />
            <form-property name="dateOfBirth" type="java.lang.String" />
            <form-property name="challenge" type="java.lang.String" />
            <form-property name="challengeResponse" type="java.lang.String" />
            <form-property name="unicodePwd" type="java.lang.String" />
            <form-property name="confUnicodePwd" type="java.lang.String" />
            <form-property name="samAccountName" type="java.lang.String" />            
        </form-bean>        
        <form-bean name="createProfileForm" type="com.bcbssc.groupadmin.shared.forms.ProfileActionForm"/>
        <form-bean name="codeRequestForm" type="com.bcbssc.groupadmin.shared.forms.CodeRequestForm"/>
        <form-bean name="technicalHelpForm" type="com.bcbssc.groupadmin.shared.forms.TechnicalHelpForm"/>
        <form-bean name="superUserForm" type="com.bcbssc.groupadmin.shared.forms.SuperUserForm"/>        
    </form-beans>

    <!-- Global Exception Definitions -->
    <global-exceptions >
        <exception key="error.exception"
         path="/shared/registration/error/systemErrorPage.jsp"
         type="java.lang.Exception"/>
    </global-exceptions >

    <!-- Global Forward Definitions -->
    <global-forwards > 
    	<forward name="welcome" path="/do/welcome" redirect="true"/>
    	<forward name="superUserCSRValidated" path="/do/superUserValidated?userClass=SUGA" redirect="true"/>
    	<forward name="superUserSUHDValidated" path="/do/superUserValidated?userClass=SUHD" redirect="true"/>
    </global-forwards>  
    
    <!--  Action Mapping Definitions  -->
    <action-mappings>
    
		<action path="/welcome"
			type="com.bcbssc.groupadmin.shared.actions.WelcomeAction"
			scope="request"
			validate="false">
			<!-- This is a cross-context forward. The Action class handles this through the creation of its own actionforward -->
			<forward name="welcome_action" 	path="/cga_secure/do/startSession" redirect="true"/>
		</action>
			
        <action path="/authenticateUser" 
            type="com.bcbssc.groupadmin.shared.actions.GroupAdminAuthenticateAction"
            input="/shared/registration/authenticate/logon.jsp"
            name="authenticationForm"
            scope="request"
            validate="false">
            <forward name="access_revoked" path="/shared/groupadmin/authenticate/accessRevokedForm.jsp"/>
       	    <forward name="invalid_credentials" path="/shared/registration/authenticate/signOn.jsp"/>
        </action>
	
		<action path="/authenticateCSRSuperUser" 
			type="com.bcbssc.groupadmin.shared.actions.GroupAdminSuperUserAuthenticateAction"
			input="/superuser/GroupAdmin.CSR.Logon.jsp"
			name="superUserAuthenticationForm"
			scope="request"
			validate="false">
			<forward name="access_revoked" path="/superuser/GroupAdmin.CSR.Logon.jsp"/>
			<forward name="invalid_credentials" path="/superuser/GroupAdmin.CSR.Logon.jsp"/>
		</action>

		<action path="/authenticateHDSuperUser" 
			type="com.bcbssc.groupadmin.shared.actions.GroupAdminSuperUserAuthenticateAction"
			input="/superuser/GroupAdmin.HD.Logon.jsp"
			name="superUserAuthenticationForm"
			scope="request"
			validate="false">
			<forward name="access_revoked" path="/superuser/GroupAdmin.HD.Logon.jsp"/>
			<forward name="invalid_credentials" path="/superuser/GroupAdmin.HD.Logon.jsp"/>
		</action>

        <action path="/signOnAuthenticate" 
            type="com.bcbssc.groupadmin.shared.actions.GroupAdminAuthenticateAction"
            input="/shared/registration/authenticate/signOn.jsp"
            name="authenticationForm"
            scope="request"
            validate="true">
            <forward name="access_revoked" path="/shared/groupadmin/authenticate/accessRevokedForm.jsp"/>
      	    <forward name="invalid_credentials" path="/shared/registration/authenticate/signOn.jsp"/>
        </action>

        <action path="/checkUsername" 
            input="/shared/groupadmin/add/createProfileForm.jsp"
            type="com.bcbssc.groupadmin.shared.actions.GroupAdminCreateProfileAction"
            parameter="checkusername"
            name="createProfileForm"
            scope="request"
            validate="true">
            <forward name="success" path="/shared/groupadmin/add/confirmRegistration.jsp"/>
        </action>

        <action path="/displayCodeRequestForm" 
            type="org.apache.struts.actions.ForwardAction"
            name="codeRequestForm"
            scope="request"
            validate="false"
            parameter="/coderequest/codeRequestForm.jsp">
        </action>        

        <action 
            path="/confirmCodeRequest" 
            input="/coderequest/codeRequestForm.jsp"
            type="com.bcbssc.groupadmin.shared.actions.GroupAdminCodeRequestAction"
            parameter="verifyCode"
            name="codeRequestForm"
            scope="request"
            validate="true">
            <forward name="success" path="/coderequest/confirmCodeRequestForm.jsp"/>
        </action>

        <action 
            path="/requestCode" 
            type="com.bcbssc.groupadmin.shared.actions.GroupAdminCodeRequestAction"
            parameter="submitRequest"
            name="codeRequestForm"
            scope="request"
            validate="true">
            <forward name="success" path="/coderequest/codeRequestReceivedForm.jsp"/>
            <forward name="failure" path="/shared/registration/error/systemError.jsp"/>
            <forward name="webpack_error" path="/coderequest/codeRequestForm.jsp"/>
        </action>
                                
        <action 
            path="/createProfile" 
            input="/shared/groupadmin/add/confirmRegistration.jsp"
            type="com.bcbssc.groupadmin.shared.actions.GroupAdminCreateProfileAction"
            parameter="add"
            name="createProfileForm"
            scope="request"
            validate="false">
            <forward name="user_exists" path="/shared/groupadmin/add/createProfileForm.jsp"/>
        </action>

        <action path="/displayCreateProfile" 
            input="/shared/groupadmin/add/confirmRegistration.jsp"
            type="org.apache.struts.actions.ForwardAction"
            name="createProfileForm"
            scope="request"
            validate="false"
            parameter="/shared/groupadmin/add/createProfileForm.jsp">
        </action>
        
        <action path="/displayWelcomePage" 
	    input="/shared/groupadmin/reauthenticate/passwordConfirmation.jsp"
	    type="com.bcbssc.groupadmin.shared.actions.GroupAdminLogonAction"
 	    name="resetPasswordForm"
	    scope="request"
	    validate="false">
        </action>      

        <action path="/displayValidationForm" forward="/shared/groupadmin/add/validationForm.jsp"/>
        
        <action path="/passwordHelp" forward="/reauthenticate/forgotPasswordForm.jsp"/>

        <action path="/reauthenticateChallenge" 
            input="/reauthenticate/challengeForm.jsp"
            type="com.bcbssc.groupadmin.shared.actions.GroupAdminReauthenticateUserAction"
            parameter="challenge"
            name="reauthenticationFormBean"
            scope="request"
            validate="true">
            <forward name="success" path="/reauthenticate/resetPasswordForm.jsp"/>
            <forward name="invalid_answer" path="/reauthenticate/answerFailure.jsp"/>
        </action>				
        
                
        <action path="/showAnswerFailure" 
	    input="/reauthenticate/answerFailure.jsp"
	    type="com.bcbssc.groupadmin.shared.actions.GroupAdminTechnicalAction"
	    name="reauthenticationFormBean"
	    scope="request"
	    validate="false">
	    <forward name="success" path="/technicalhelp/passwordHelpForm.jsp"/>
        </action>
       
        <action path="/reauthenticateUser" 
            input="/reauthenticate/forgotPasswordForm.jsp"
            type="com.bcbssc.groupadmin.shared.actions.GroupAdminReauthenticateUserAction"
            parameter="user"
            name="reauthenticationFormBean"
            scope="request"
            validate="true"> 
            <forward name="success" path="/reauthenticate/challengeForm.jsp"/>
            <forward name="notfound" path="/reauthenticate/profileNotFoundForm.jsp"/>
            <forward name="multiple_match" path="/reauthenticate/securityInfoForm.jsp"/>
        </action>
       
        <action path="/profileNotFound" 
            input="/reauthenticate/profileNotFoundForm.jsp"
            type="com.bcbssc.groupadmin.shared.actions.GroupAdminReauthenticateUserAction"
            parameter="user"
            name="reauthenticationFormBean"
            scope="request"
            validate="true"> 
            <forward name="success" path="/reauthenticate/challengeForm.jsp"/>
            <forward name="notfound" path="/reauthenticate/profileNotFoundForm.jsp"/>
            <forward name="multiple_match" path="/reauthenticate/securityInfoForm.jsp"/>
        </action>        
        
                
        <action path="/reauthenticateSecurityInfo" 
            input="/reauthenticate/securityInfoForm.jsp"
            type="com.bcbssc.groupadmin.shared.actions.GroupAdminReauthenticateUserAction"
            parameter="user"
            name="reauthenticationFormBean"
            scope="request"
            validate="true"> 
            <forward name="success" path="/reauthenticate/challengeForm.jsp"/>
            <forward name="notfound" path="/reauthenticate/profileNotFoundForm.jsp"/>
        </action>                
                
        <action path="/resetPassword" 
            input="/shared/groupadmin/reauthenticate/resetPasswordForm.jsp"
            type="com.bcbssc.groupadmin.shared.actions.GroupAdminResetPasswordAction"
            name="resetPasswordForm"
            scope="request"
            validate="true">
            <forward name="security_error" path="/shared/registration/error/securityError.jsp"/>
            <forward name="failure" path="/shared/registration/error/systemError.jsp"/>
            <forward name="access_revoked" path="/shared/groupadmin/authenticate/accessRevokedForm.jsp"/>
            <forward name="success" path="/shared/groupadmin/reauthenticate/passwordConfirmation.jsp"/>
        </action>        

        <action path="/retryAuthenticate" 
            input="/shared/groupadmin/authenticate/invalidCredentialsForm.jsp"
            type="org.apache.struts.actions.ForwardAction"
            name="authenticationForm"
            scope="request"
            validate="false"
            parameter="/shared/registration/authenticate/logon.jsp">
        </action>        
        
        <action path="/startAdd" forward="/shared/registration/add/legal.jsp"/>
        
        <action path="/startRegistration" forward="/shared/registration/authenticate/logon.jsp"/>
		<action path="/startHDLogonHome" forward="/superuser/GroupAdmin.HD.Logon.Home.jsp"/>
		<action path="/startCSRLogonHome" forward="/superuser/GroupAdmin.CSR.Logon.Home.jsp"/>
		
		<action path="/startCSRLogin" forward="/superuser/GroupAdmin.CSR.Logon.jsp"/>
		<action path="/startHDLogin" forward="/superuser/GroupAdmin.HD.Logon.jsp"/>
		
        <action path="/submitPasswordHelp"
            input="/technicalhelp/passwordHelpForm.jsp"
            type="com.bcbssc.groupadmin.shared.actions.GroupAdminTechnicalHelpAction"
            name="technicalHelpForm"
            scope="request"
            validate="true">
            <forward name="success" path="/shared/groupadmin/technicalhelp/passwordHelpConfirmation.jsp"/>
        </action>

        <action path="/validateUser" 
            input="/shared/groupadmin/add/validationForm.jsp"
            type="com.bcbssc.groupadmin.shared.actions.GroupAdminValidateAction"
            name="validationForm"
            scope="request"
            validate="true">
            <forward name="success" path="/shared/groupadmin/add/createProfileForm.jsp"/>
            <forward name="user_exists" path="/shared/groupadmin/add/profileAlreadyExists.jsp"/>            
        </action>

        <action path="/superUserValidated" 
            input="/superuser/tf.html"
            type="com.bcbssc.groupadmin.shared.actions.SuperUserAction"
            parameter="displayUserSelection"
            name="superUserForm"
            scope="request"
            validate="false">
            <forward name="success" path="/superuser/userSelectionDetails.jsp"/>
        </action>
                 
        <action path="/userDetailsEntered" 
            input="/superuser/userSelectionDetails.jsp"
            type="com.bcbssc.groupadmin.shared.actions.SuperUserAction"
            parameter="findUser"
            name="superUserForm"
            scope="request"
            validate="true">
            <forward name="list" path="/superuser/userSelectionList.jsp"/>
            <forward name="success" path="/superuser/signOnSuccess.jsp"/>
        </action>                 

        <action path="/listUserSelected" 
            input="/superuser/userSelectionList.jsp"
            type="com.bcbssc.groupadmin.shared.actions.SuperUserAction"
            parameter="selectUser"
            name="superUserForm"
            scope="request"
            validate="false">
            <forward name="success" path="/do/superUserContinue"/>
        </action>   

        <action path="/superUserContinue" 
            input="/superuser/signOnSuccess.jsp"
            type="com.bcbssc.groupadmin.shared.actions.SuperUserAction"
            parameter="forwardWelcome"
            name="superUserForm"
            scope="request"
            validate="false">
        </action>  

        <action path="/cancelSuperUser" 
            input="/superuser/userSelectionDetails.jsp"
            type="com.bcbssc.groupadmin.shared.actions.SuperUserAction"
            parameter="cancel"
            name="superUserForm"
            scope="request"
            validate="false">
            <forward name="SUGA" path="/superuser/GroupAdmin.CSR.Logon.html"/>
            <forward name="SUHD" path="/superuser/GroupAdmin.HD.Logon.html"/>
        </action>        
                               
    </action-mappings>
    <!-- message resources -->
    <message-resources parameter="ApplicationResources" null="false" />

    <!-- ========== Plug Ins Configuration ================================== -->
    <plug-in className="org.apache.struts.validator.ValidatorPlugIn">
        <set-property property="pathnames"
            value="/WEB-INF/validator-rules.xml, /WEB-INF/validation.xml"/>
    </plug-in>
    <plug-in className="com.bcbssc.groupadmin.shared.plugins.SetIniPlugIn">
        <set-property property="iniFile" value="CGA.ini"/>
        <set-property property="gcomIniFile" value="GCOM.ini"/>
        <set-property property="tdsIniFile" value="TDS.ini"/>
        <set-property property="tdsSuperUserIniFile" value="TDS-SU.ini"/>
    </plug-in>
</struts-config>