<?xml version="1.0" encoding="UTF-8" ?>

<MenuConfig>

  <Displayers>
    <Displayer name="CoolMenu4"
               type="net.sf.navigator.displayer.CoolMenuDisplayer4"/>
  </Displayers> 

  <Menus>
    <Menu name="InsuredEmployee" title="menu.insured" roles="MBC-GA-U,MBC-GA-RO">
        <Item name="ViewInsuredEmployee" title="menu.insured.view" location="displayViewSearch" roles="MBC-GA-RO" width="175"/>
        <Item name="AddInsuredEmployee" title="menu.insured.add" location="displayAddInsured" roles="MBC-GA-U" width="175"/>
        <Item name="MaintainInsuredEmployee" title="menu.insured.change" location="displayModifySearch" roles="MBC-GA-U" width="175"/>
        <Item name="TerminateInsuredEmployee" title="menu.insured.terminate" location="displayTerminateSearch" roles="MBC-GA-U" width="175"/>
    </Menu>

    <Menu name="Bills" title="menu.bills" roles="MBC-GA-U,MBC-GA-RO,MBC-GA-P" width="60">
        <Item name="ViewBillHistory" title="menu.bills.history" location="displayBillSearch" roles="MBC-GA-U,MBC-GA-RO" width="200"/>
        <Item name="RequestBill" title="menu.bills.request" location="requestBill" roles="MBC-GA-U" width="200"/>
        <Item name="PayBill" title="menu.bills.paybill" location="displayPaybillDetails" roles="MBC-GA-P" width="200"/>
        <Item name="BankInformationUpdate" title="menu.bills.bankInfoUpdate" location="displayBankInformation" roles="MBC-GA-P" width="200"/>      
    </Menu>

    <Menu name="RequestIDCardOrCertificate" title="menu.request" location="displayIDCardSearch" roles="MBC-GA-U" width="200"/>

    <Menu name="ModifyProfile" title="menu.modifyprofile" location="displayModifyProfile" roles="MBC-GA-U,MBC-GA-RO,MBC-GA-P,MBC-GA-G,!SUGA" width="100"/>
    
    <Menu name="AddNewGroup" title="menu.addnewgroup" location="addNewGroup" roles="MBC-GA-G" width="110"/>     
    
    <Menu name="ChangeRequest" title="menu.changerequest" location="displayChangeRequestSearch" roles="MBC-GA-U,SUGA" width="165"/>
    
  </Menus>

</MenuConfig>
