<!DOCTYPE struts-config PUBLIC
          "-//Apache Software Foundation//DTD Struts Configuration 1.1//EN"
          "http://jakarta.apache.org/struts/dtds/struts-config_1_1.dtd" >
<struts-config>

    <!-- Form Bean Definitions -->
    <form-beans>
        <form-bean name="sessionForm" type="org.apache.struts.action.DynaActionForm"/>
        <form-bean name="forwardForm" type="org.apache.struts.action.DynaActionForm"/>
        <form-bean name="modifyProfileForm" type="com.bcbssc.groupadmin.shared.forms.ProfileActionForm"/>
        <form-bean name="changePasswordForm" type="com.bcbssc.groupadmin.shared.forms.ResetPasswordForm">
            <form-property name="unicodePwd" type="java.lang.String" />
            <form-property name="confUnicodePwd" type="java.lang.String" />
            <form-property name="samAccountName" type="java.lang.String" />
            <form-property name="roles" type="java.lang.String" />
            <form-property name="button" type="java.lang.String" />
        </form-bean>        
        <form-bean name="addInsuredDetailsForm" type="com.bcbssc.groupadmin.shared.forms.AddInsuredDetailsForm"/>
        <form-bean name="modifyInsuredDetailsForm" type="com.bcbssc.groupadmin.shared.forms.ModifyInsuredDetailsForm"/>
        <form-bean name="addCoverageForm" type="com.bcbssc.groupadmin.shared.forms.AddCoverageForm"/>
        <form-bean name="modifyCoverageForm" type="com.bcbssc.groupadmin.shared.forms.ModifyCoverageForm"/>
        <form-bean name="dependentForm" type="com.bcbssc.groupadmin.shared.forms.DependentForm"/>
        <form-bean name="modifyDependentForm" type="com.bcbssc.groupadmin.shared.forms.ModifyDependentForm"/>
        <form-bean name="insuredForm" type="com.bcbssc.groupadmin.shared.forms.DependentForm"/>
        <form-bean name="addRequestChangeForm" type="com.bcbssc.groupadmin.shared.forms.AddRequestChangeForm"/>
        <form-bean name="searchForm" type="com.bcbssc.groupadmin.shared.forms.InsuredSearchForm"/>
        <form-bean name="terminateForm" type="com.bcbssc.groupadmin.shared.forms.TerminateForm"/>
        <form-bean name="idCardForm" type="com.bcbssc.groupadmin.shared.forms.SpecialRequestForm"/>
        <form-bean name="requestBillForm" type="com.bcbssc.groupadmin.shared.forms.RequestBillForm"/>           
        <form-bean name="bankInformationForm" type="com.bcbssc.groupadmin.shared.forms.BankInformationForm"/>       
        <form-bean name="billHistoryForm" type="com.bcbssc.groupadmin.shared.forms.BillHistoryForm"/>
        <form-bean name="documentHistoryForm" type="com.bcbssc.groupadmin.shared.forms.DocumentHistoryForm"/>
        <form-bean name="viewBillForm" type="com.bcbssc.groupadmin.shared.forms.ViewBillForm"/>
        <form-bean name="viewDocumentForm" type="com.bcbssc.groupadmin.shared.forms.ViewDocumentForm"/>
        <form-bean name="changeSelectionForm" type="com.bcbssc.groupadmin.shared.forms.ChangeSelectionForm"/>
        <form-bean name="requestaChangeSelectionForm" type="com.bcbssc.groupadmin.shared.forms.RequestChangeSelectionForm"/>
        <form-bean name="modifySalaryForm" type="com.bcbssc.groupadmin.shared.forms.ModifySalaryForm"/>
    </form-beans>

    <!-- Global Exception Definitions --> 
    <global-exceptions >
        <exception key="error.exception"
         path="/shared/registration/error/systemErrorPage.jsp"
         type="java.lang.Exception"/>
    </global-exceptions >
    
    <!-- Global Forward Definitions -->
    <global-forwards >
        <forward name="security_error" path="/cga_open/do/securityerror" redirect="true"/>
    </global-forwards>

    <!--  Action Mapping Definitions  -->
    <action-mappings>
    
		<action path="/securityerror"
			type="com.bcbssc.groupadmin.shared.actions.SecurityErrorAction"
			scope="request"
			validate="false">
			<!-- This is a cross-context forward. The Action class handles this through the creation of its own actionforward -->
			<forward name="security_error_action" path="/cga_open/do/startRegistration" redirect="true" />
		</action>
		
        <action path="/startSession" 
            input="/shared/registration/authenticate/logon.jsp"
            type="com.bcbssc.groupadmin.shared.actions.SessionAction"
            parameter="startSession"
            name="sessionForm"
            scope="request"
            validate="false">
            <forward name="success" path="/welcome.jsp"/>
        </action>

        <action path="/logoff" 
            input="/shared/registration/authenticate/logon.jsp"
            type="com.bcbssc.groupadmin.shared.actions.SessionAction"
            parameter="logoff"
            name="sessionForm"
            scope="request"
            validate="false">
            <forward name="success" path="security_error"/>
        </action>
        
        <action path="/displayModifyProfile"
            type="com.bcbssc.groupadmin.shared.actions.GroupAdminModifyProfileAction"
            parameter="populate"
            name="modifyProfileForm"
            scope="request"
            validate="false">
            <forward name="success" path="/modify/modifyProfileForm.jsp"/>
        </action>

        <action path="/confirmModify" 
            input="/modify/modifyProfileForm.jsp"
            type="com.bcbssc.groupadmin.shared.actions.GroupAdminModifyProfileAction"
            parameter="confirm"
            name="modifyProfileForm"
            scope="request"
            validate="true">
            <forward name="success" path="/modify/confirmModify.jsp"/>
            <forward name="cancel" path="/welcome.jsp"/>
        </action>

        <action path="/modifyProfile" 
            input="/modify/confirmModify.jsp"
            type="com.bcbssc.groupadmin.shared.actions.GroupAdminModifyProfileAction"
            parameter="modify"
            name="modifyProfileForm"
            scope="request"
            validate="false">  
            <forward name="success" path="/shared/groupadmin/modify/modifySuccess.jsp"/>
            <forward name="back" path="/modify/modifyProfileForm.jsp"/>
            <forward name="cancel" path="/welcome.jsp"/>
        </action>

        <action path="/displayChangePassword"
            type="com.bcbssc.groupadmin.shared.actions.GroupAdminChangePasswordAction"
            parameter="populate"
            name="changePasswordForm"
            scope="request"
            validate="false">
            <forward name="success" path="/shared/groupadmin/modify/changePasswordForm.jsp"/>
        </action>        
        

        <action path="/changePassword" 
            input="/shared/groupadmin/modify/changePasswordForm.jsp"
            type="com.bcbssc.groupadmin.shared.actions.GroupAdminChangePasswordAction"
            parameter="change"
            name="changePasswordForm"
            scope="request"
            validate="true">
            <forward name="success" path="/shared/groupadmin/modify/modifySuccess.jsp"/>
            <forward name="cancel" path="/welcome.jsp"/>
        </action>        

        <action path="/displayHome" forward="/welcome.jsp"/>

        <action path="/cancelFunction" 
            type="com.bcbssc.groupadmin.shared.actions.GroupAdminSetPermissionsAction">
            <forward name="success" path="/welcome.jsp"/>
        </action>

        <action path="/addNewGroup"
            input="/welcome.jsp"
            type="com.bcbssc.groupadmin.shared.actions.AddInsuredAction"
            name="forwardForm"
            parameter="displayAddGroupForm"
            scope="request"
            validate="false">
            <forward name="success" path="/insured_add/addInsuredForm.jsp"/>
        </action>

        <action path="/displayAddInsured"
            input="/welcome.jsp"
            type="com.bcbssc.groupadmin.shared.actions.AddInsuredAction"
            name="forwardForm"
            parameter="displayForm"
            scope="request"
            validate="false">
            <forward name="success" path="/insured_add/addInsuredForm.jsp"/>
        </action>

        <action path="/clearAddInsuredForm" 
            input="/insured_add/addInsuredForm.jsp"
            type="com.bcbssc.groupadmin.shared.actions.ClearFormAction"
            name="addInsuredDetailsForm"
            scope="request"
            validate="false">
            <forward name="success" path="/insured_add/addInsuredForm.jsp"/>
        </action>

        <action path="/addInsuredDetails"
            input="/insured_add/addInsuredForm.jsp"
            type="com.bcbssc.groupadmin.shared.actions.AddInsuredAction"
            parameter="addInsured"
            name="addInsuredDetailsForm"
            scope="request"
            validate="true">
            <forward name="success" path="/insured_add/addCoverageForm.jsp"/>
        </action>

        <action path="/displaySelectedCoverage" 
            input="/insured_add/addCoverageForm.jsp"
            type="com.bcbssc.groupadmin.shared.actions.CoverageDetailsAction"
            name="addCoverageForm"
            scope="request"
            validate="false">
            <forward name="success" path="/insured_add/addCoverageForm.jsp"/>
        </action>

        <action path="/addCoverage" 
            input="/insured_add/addCoverageForm.jsp"
            type="com.bcbssc.groupadmin.shared.actions.AddCoverageAction"
            parameter="addCoverage"
            name="addCoverageForm"
            scope="request"
            validate="true">
            <forward name="add_dependents" path="/insured_add/addDependentForm.jsp"/>
            <forward name="confirm" path="/insured_add/confirmAddForm.jsp"/>
            <forward name="requestachange" path="/insured_add/confirmAddRequestaChangeForm.jsp"/>
        </action>

        <action path="/addCoverageFormBack" 
            input="/insured_add/addCoverageForm.jsp"
            type="com.bcbssc.groupadmin.shared.actions.AddCoverageAction"
            parameter="goBack"
            name="addCoverageForm"
            scope="request"
            validate="false">
            <forward name="back" path="/insured_add/addInsuredForm.jsp"/>
        </action>

        <action path="/clearAddCoverageForm" 
            input="/insured_add/addCoverageForm.jsp"
            type="com.bcbssc.groupadmin.shared.actions.ClearFormAction"
            name="addCoverageForm"
            scope="request"
            validate="false">
            <forward name="success" path="/insured_add/addCoverageForm.jsp"/>
        </action>

        <action path="/dependentFormBack" 
            input="/insured_add/addDependentForm.jsp"
            type="com.bcbssc.groupadmin.shared.actions.AddDependentsAction"
            parameter="goBack"
            name="dependentForm"
            scope="request"
            validate="false">
            <forward name="back" path="/insured_add/addCoverageForm.jsp"/>
        </action>

        <action path="/addAddDependent" 
            input="/insured_add/addDependentForm.jsp"
            type="com.bcbssc.groupadmin.shared.actions.AddDependentsAction"
            parameter="addNextDependent"
            name="dependentForm"
            scope="request"
            validate="false">
            <forward name="success" path="/insured_add/addDependentForm.jsp"/>
        </action>

        <action path="/addDependents"
            input="/insured_add/addDependentForm.jsp"
            type="com.bcbssc.groupadmin.shared.actions.AddDependentsAction"
            parameter="addDependents"
            name="dependentForm"
            scope="request"
            validate="true">
            <forward name="success" path="/insured_add/confirmAddForm.jsp"/>
            <forward name="requestachange" path="/insured_add/confirmAddRequestaChangeForm.jsp"/>
        </action>
        
        <action path="/clearAddDependentForm" 
            input="/insured_add/addDependentForm.jsp"
            type="com.bcbssc.groupadmin.shared.actions.ClearFormAction"
            name="dependentForm"
            scope="request"
            validate="false">
            <forward name="success" path="/insured_add/addDependentForm.jsp"/>
        </action>
                             
        <action path="/insuredConfirmBack" 
            input="/insured_add/confirmAddForm.jsp"
            type="com.bcbssc.groupadmin.shared.actions.ConfirmInsuredAction"
            parameter="goBack"
            name="insuredForm"
            scope="request"
            validate="false">
            <forward name="dependent" path="/insured_add/addDependentForm.jsp"/>
            <forward name="coverage" path="/insured_add/addCoverageForm.jsp"/>
        </action>     
        
        <action path="/confirmInsured" 
            input="/insured_add/confirmAddForm.jsp"
            type="com.bcbssc.groupadmin.shared.actions.ConfirmInsuredAction"
            parameter="confirmInsured"
            name="insuredForm"
            scope="request"
            validate="false">
            <forward name="success" path="/insured_add/addReceivedForm.jsp"/>
        </action>   
        
        <action path="/confirmInsuredRequestaChange" 
                    input="/insured_add/confirmAddRequestaChangeForm.jsp"
                    type="com.bcbssc.groupadmin.shared.actions.ConfirmInsuredAction"
                    parameter="confirmInsuredRequestaChange"
                    name="addRequestChangeForm"
                    scope="request"
                    validate="true">
                    <forward name="success" path="/insured_add/addRequestChangeReceivedForm.jsp"/>
        </action>  

        <action path="/breadcrumbAddInsured"
            input="/insured_add/confirmAddForm.jsp"
            type="com.bcbssc.groupadmin.shared.actions.AddInsuredAction"
            parameter="breadcrumbForward"
            name="insuredForm"
            scope="request"
            validate="false">
            <forward name="success" path="/insured_add/addInsuredForm.jsp"/>
        </action>

        <action path="/breadcrumbAddCoverage"
            input="/insured_add/confirmAddForm.jsp"
            type="com.bcbssc.groupadmin.shared.actions.AddCoverageAction"
            parameter="breadcrumbForward"
            name="insuredForm"
            scope="request"
            validate="false">
            <forward name="success" path="/insured_add/addCoverageForm.jsp"/>
        </action>

        <action path="/breadcrumbAddDependent"
            input="/insured_add/confirmAddForm.jsp"
            type="com.bcbssc.groupadmin.shared.actions.AddDependentsAction"
            parameter="breadcrumbForward"
            name="insuredForm"
            scope="request"
            validate="false">
            <forward name="success" path="/insured_add/addDependentForm.jsp"/>
        </action>

        <action path="/displayViewSearch"
            type="com.bcbssc.groupadmin.shared.actions.InsuredSearchAction"
            parameter="displayViewForm"
            validate="false">
            <forward name="success" path="/insured_search/searchCriteriaForm.jsp"/>
        </action>

        <action path="/displayModifySearch"
            type="com.bcbssc.groupadmin.shared.actions.InsuredSearchAction"
            parameter="displayModifyForm"
            validate="false">
            <forward name="success" path="/insured_search/searchCriteriaForm.jsp"/>
        </action>
        
        <action path="/displayChangeRequestSearch"
                type="com.bcbssc.groupadmin.shared.actions.InsuredSearchAction"
                parameter="displayChangeRequestForm"
                validate="false">
                <forward name="success" path="/insured_search/changerequestSearchCriteriaForm.jsp"/>
        </action>
        
        
        <action path="/insuredSearch"
            input="/insured_search/searchCriteriaForm.jsp"
            type="com.bcbssc.groupadmin.shared.actions.InsuredSearchAction"
            parameter="insuredSearch"
            name="searchForm"
            scope="request"
            validate="true">
            <forward name="list" path="/insured_search/insuredEmployeeListForm.jsp"/>
            <forward name="view" path="/insured_search/employeeViewForm.jsp"/>
            <forward name="terminate" path="/insured_terminate/terminateDetailsForm.jsp"/>
            <forward name="idcard" path="/insured_idcard/idCardDetailsForm.jsp"/>
        </action>
        
        
        <action path="/insuredRequestaChangeSearch"
	            input="/insured_search/changerequestSearchCriteriaForm.jsp"
	            type="com.bcbssc.groupadmin.shared.actions.InsuredSearchAction"
	            parameter="insuredRequestaChangeSearch"
	            name="searchForm"
	            scope="request"
	            validate="true">
	            <forward name="list" path="/insured_search/insuredEmployeeListForm.jsp"/>
	            <forward name="view" path="/insured_search/employeeViewForm.jsp"/>
	            <forward name="terminate" path="/insured_terminate/terminateDetailsForm.jsp"/>
	            <forward name="idcard" path="/insured_idcard/idCardDetailsForm.jsp"/>
        </action>
        
        
        
        

        <action path="/insuredSearchSortByNumber"
            input="/insured_search/searchCriteriaForm.jsp"
            type="com.bcbssc.groupadmin.shared.actions.InsuredSearchAction"
            parameter="insuredSearchSortByNumber"
            name="searchForm"
            scope="request"
            validate="false">
            <forward name="list" path="/insured_search/insuredEmployeeListForm.jsp"/>
        </action>

        <action path="/insuredSearchSortByName"
            input="/insured_search/searchCriteriaForm.jsp"
            type="com.bcbssc.groupadmin.shared.actions.InsuredSearchAction"
            parameter="insuredSearchSortByName"
            name="searchForm"
            scope="request"
            validate="false">
            <forward name="list" path="/insured_search/insuredEmployeeListForm.jsp"/>
        </action>
        
        <action path="/calculatePayrollDeduction"
            input="/insured_search/searchCriteriaForm.jsp"
            type="com.bcbssc.groupadmin.shared.actions.InsuredSearchAction"
            parameter="calculatePayrollDeduction"
            name="searchForm"
            scope="request"
            validate="false">
            <forward name="list" path="/insured_search/insuredEmployeeListForm.jsp"/>
        </action>        
                      
        <action path="/searchListBack"
            type="com.bcbssc.groupadmin.shared.actions.InsuredSearchAction"
            parameter="searchListBack"
            name="searchForm"
            scope="request"
            validate="false">
            <forward name="back" path="/insured_search/searchCriteriaForm.jsp"/>
        </action>                      
                     
        <action path="/employeeSelected"
            type="com.bcbssc.groupadmin.shared.actions.InsuredSearchAction"
            parameter="selectEmployee"
            name="searchForm"
            scope="request"
            validate="false">
            <forward name="view" path="/insured_search/employeeViewForm.jsp"/>
            <forward name="terminate" path="/insured_terminate/terminateDetailsForm.jsp"/>
            <forward name="idcard" path="/insured_idcard/idCardDetailsForm.jsp"/>
        </action>

        <action path="/refreshModify"
            type="com.bcbssc.groupadmin.shared.actions.InsuredSearchAction"
            parameter="refreshModify"
            name="searchForm"
            scope="request"
            validate="false">
            <forward name="select_path" path="/insured_modify/pathSelectionForm.jsp"/>
        </action>

        <action path="/cancelModify"
            type="com.bcbssc.groupadmin.shared.actions.InsuredSearchAction"
            parameter="selectEmployee"
            name="searchForm"
            scope="request"
            validate="false">
            <forward name="view" path="/insured_search/employeeViewForm.jsp"/>
            <forward name="terminate" path="/insured_terminate/terminateDetailsForm.jsp"/>
            <forward name="idcard" path="/insured_idcard/idCardDetailsForm.jsp"/>
        </action>

        <action path="/employeeViewBack"
            type="com.bcbssc.groupadmin.shared.actions.InsuredSearchAction"
            parameter="searchViewBack"
            name="searchForm"
            scope="request"
            validate="false">
            <forward name="criteria" path="/insured_search/searchCriteriaForm.jsp"/>
            <forward name="list" path="/insured_search/insuredEmployeeListForm.jsp"/>
        </action>                      

        <action path="/newSearch"
            type="com.bcbssc.groupadmin.shared.actions.InsuredSearchAction"
            parameter="newSearch"
            name="searchForm"
            scope="request"
            validate="false">
            <forward name="success" path="/insured_search/searchCriteriaForm.jsp"/>
        </action>                      

        <action path="/initiateModify"
            type="com.bcbssc.groupadmin.shared.actions.InsuredModifyAction"
            parameter="displayPathSelection"
            name="searchForm"
            scope="request"
            validate="false">
            <forward name="success" path="/insured_modify/pathSelectionForm.jsp"/>
        </action>    
        <action path="/initiateRequestaChange"
                type="com.bcbssc.groupadmin.shared.actions.InsuredModifyAction"
                parameter="displayRequestaChangeSelection"
                name="requestaChangeSelectionForm"
                scope="request"
                validate="false">
               <forward name="success" path="/insured_modify/requestaChangeSelectionForm.jsp"/>
    </action> 
        <action path="/confirmRequestaChange"
                    type="com.bcbssc.groupadmin.shared.actions.InsuredModifyAction"
                    input="/insured_modify/requestaChangeSelectionForm.jsp"
                    parameter="confirmRequestaChangeSelection"
                    name="requestaChangeSelectionForm"
                    scope="request"
                    validate="true">
                   <forward name="success" path="/insured_modify/requestaChangeConfirm.jsp"/>
    </action> 
        
        <action path="/pathSelectionBack"
            type="com.bcbssc.groupadmin.shared.actions.InsuredModifyAction"
            parameter="pathSelectionBack"
            name="searchForm"
            scope="request"
            validate="false">
            <forward name="back" path="/insured_search/employeeViewForm.jsp"/>
        </action>          
        
        <action path="/modifyContinue"
            type="com.bcbssc.groupadmin.shared.actions.InsuredModifyAction"
            parameter="modifyContinue"
            name="searchForm"
            scope="request"
            validate="false">
            <forward name="modify_insured" path="/insured_modify/modifyInsuredForm.jsp"/>
            <forward name="modify_coverage" path="/insured_modify/modifyCoverageForm.jsp"/>            
            <forward name="modify_dependents" path="/insured_modify/modifyDependentForm.jsp"/>
            <forward name="modify_salary" path="/insured_modify/modifySalaryForm.jsp"/>
            <forward name="confirm_modify" path="/insured_modify/modifyConfirmForm.jsp"/>
        </action>       
        
        <action path="/modifySelectionEntered"
            input="/insured_modify/pathSelectionForm.jsp"
            type="com.bcbssc.groupadmin.shared.actions.InsuredModifyAction"
            parameter="modifyContinue"
            name="changeSelectionForm"
            scope="request"
            validate="true">
            <forward name="modify_insured" path="/insured_modify/modifyInsuredForm.jsp"/>
            <forward name="modify_coverage" path="/insured_modify/modifyCoverageForm.jsp"/>
            <forward name="modify_dependents" path="/insured_modify/modifyDependentForm.jsp"/>
            <forward name="modify_salary" path="/insured_modify/modifySalaryForm.jsp"/>
            <forward name="confirm_modify" path="/insured_modify/modifyConfirmForm.jsp"/>
        </action>

        <action path="/modifyInsuredEntered"
            input="/insured_modify/modifyInsuredForm.jsp"
            type="com.bcbssc.groupadmin.shared.actions.InsuredModifyAction"
            parameter="modifyContinue"
            name="modifyInsuredDetailsForm"
            scope="request"
            validate="true">
            <forward name="modify_coverage" path="/insured_modify/modifyCoverageForm.jsp"/>
            <forward name="modify_dependents" path="/insured_modify/modifyDependentForm.jsp"/>
            <forward name="modify_salary" path="/insured_modify/modifySalaryForm.jsp"/>
            <forward name="confirm_modify" path="/insured_modify/modifyConfirmForm.jsp"/>
        </action>

        <action path="/modifyInsuredBack"
            input="/insured_modify/modifyInsuredForm.jsp"
            type="com.bcbssc.groupadmin.shared.actions.InsuredModifyAction"
            parameter="modifyBack"
            name="modifyInsuredDetailsForm"
            scope="request"
            validate="false">
            <forward name="select_path" path="/do/refreshModify"/>
            <forward name="modify_insured" path="/insured_modify/modifyInsuredForm.jsp"/>
        </action>          
        
        <action path="/modifyCoverageEntered"
            input="/insured_modify/modifyCoverageForm.jsp"
            type="com.bcbssc.groupadmin.shared.actions.InsuredModifyAction"
            parameter="modifyContinue"
            name="modifyCoverageForm"
            scope="request"
            validate="true">
            <forward name="modify_dependents" path="/insured_modify/modifyDependentForm.jsp"/>
            <forward name="modify_salary" path="/insured_modify/modifySalaryForm.jsp"/>
            <forward name="confirm_modify" path="/insured_modify/modifyConfirmForm.jsp"/>
        </action>        
        
        <action path="/modifyDependentEntered"
            input="/insured_modify/modifyDependentForm.jsp"
            type="com.bcbssc.groupadmin.shared.actions.InsuredModifyAction"
            parameter="modifyContinue"
            name="modifyDependentForm"
            scope="request"
            validate="true">
            <forward name="modify_salary" path="/insured_modify/modifySalaryForm.jsp"/>
            <forward name="confirm_modify" path="/insured_modify/modifyConfirmForm.jsp"/>
        </action>         

        <action path="/modifySalaryEntered"
            input="/insured_modify/modifySalaryForm.jsp"
            type="com.bcbssc.groupadmin.shared.actions.InsuredModifyAction"
            parameter="modifyContinue"
            name="modifySalaryForm"
            scope="request"
            validate="true">
            <forward name="confirm_modify" path="/insured_modify/modifyConfirmForm.jsp"/>
        </action>         

        <action path="/modifyAddDependent" 
            input="/insured_modify/modifyDependentForm.jsp"
            type="com.bcbssc.groupadmin.shared.actions.InsuredModifyAction"
            parameter="addNextDependent"
            name="modifyDependentForm"
            scope="request"
            validate="false">
            <forward name="modify_dependents" path="/insured_modify/modifyDependentForm.jsp"/>
        </action>
        
        <action path="/modifyBack"
            input="/insured_modify/modifyInsuredForm.jsp"
            type="com.bcbssc.groupadmin.shared.actions.InsuredModifyAction"
            parameter="modifyBack"
            name="searchForm"
            scope="request"
            validate="false">
            <forward name="select_path" path="/do/refreshModify"/>
            <forward name="modify_insured" path="/insured_modify/modifyInsuredForm.jsp"/>
            <forward name="modify_coverage" path="/insured_modify/modifyCoverageForm.jsp"/>
            <forward name="modify_dependents" path="/insured_modify/modifyDependentForm.jsp"/>
            <forward name="modify_salary" path="/insured_modify/modifySalaryForm.jsp"/>
        </action>          

        <action path="/modifyDependentsBack"
            input="/insured_modify/modifyInsuredForm.jsp"
            type="com.bcbssc.groupadmin.shared.actions.InsuredModifyAction"
            parameter="modifyDependentsBack"
            name="searchForm"
            scope="request"
            validate="false">
            <forward name="select_path" path="/do/refreshModify"/>
            <forward name="modify_insured" path="/insured_modify/modifyInsuredForm.jsp"/>
            <forward name="modify_coverage" path="/insured_modify/modifyCoverageForm.jsp"/>
            <forward name="modify_dependents" path="/insured_modify/modifyDependentForm.jsp"/>
        <forward name="modify_salary" path="/insured_modify/modifySalaryForm.jsp"/>            
        </action>          

        <action path="/confirmModifyInsured"
            type="com.bcbssc.groupadmin.shared.actions.InsuredModifyAction"
            parameter="confirmModify"
            name="searchForm"
            scope="request"
            validate="true">
            <forward name="success" path="/insured_modify/modifyReceivedForm.jsp"/>
        </action>

        <action path="/displayBillSearch" 
            input="/welcome.jsp"
            type="com.bcbssc.groupadmin.shared.actions.BillHistoryAction"
            parameter="displayBillSearch"
            name="billHistoryForm"
            scope="request"
            validate="false">
            <forward name="success" path="/insured_bill/billHistorySearch.jsp"/>
            <forward name="onegroup" path="/insured_bill/billHistoryForm.jsp"/>            
        </action>

        <action path="/billHistory"
            input="/insured_bill/billHistorySearch.jsp"         
            type="com.bcbssc.groupadmin.shared.actions.BillHistoryAction"
            parameter="billHistory"
            name="billHistoryForm"
            scope="request"
            validate="true">
            <forward name="success" path="/insured_bill/billHistoryForm.jsp"/>
        </action>

        <action path="/billSummary" 
            type="com.bcbssc.groupadmin.shared.actions.BillHistoryAction"
            parameter="billSummary"
            name="billHistoryForm"
            scope="request"
            validate="true">
            <forward name="success" path="/insured_bill/billSummaryForm.jsp"/>
        </action>

        <action path="/viewBillFrame" 
            input="/insured_bill/billSummaryForm.jsp"        
            type="com.bcbssc.groupadmin.shared.actions.ViewBillAction"
            parameter="viewBillFrame"
            name="billHistoryForm" 
            scope="request"
            validate="true">
            <forward name="success" path="/insured_bill/viewBillFrameset.jsp"/>
        </action>
        
        <action path="/viewDocumentFrame" 
                    input="/insured_search/insuredEmployeeListForm.jsp"        
                    type="com.bcbssc.groupadmin.shared.actions.ViewDocumentAction"
                    parameter="viewDocumentFrame"
                    name="viewDocumentForm" 
                    scope="request"
                    validate="true">
                    <forward name="success" path="/insured_search/viewDocumentFrameset.jsp"/>
        </action>
        
        
         <action path="/viewPolicyFrame" 
            input="/insured_bill/billSummaryForm.jsp"        
            type="com.bcbssc.groupadmin.shared.actions.ViewPolicyAction"
            parameter="viewPolicyFrame"
            name="policyHistoryForm" 
            scope="request"
            validate="true">
            <forward name="success" path="/insured_search/viewPolicyFrameset.jsp"/>
        </action>

        <action path="/viewBill" 
            type="com.bcbssc.groupadmin.shared.actions.ViewBillAction"
            parameter="viewBill"
            name="viewBillForm" 
            scope="request"
            validate="true">
            <forward name="success" path="/insured_bill/viewBillImage.jsp"/>
        </action>
        
        
          <action path="/viewDocument" 
                    type="com.bcbssc.groupadmin.shared.actions.ViewDocumentAction"
                    parameter="viewDocument"
                    name="viewDocumentForm" 
                    scope="request"
                    validate="true">
                    <forward name="success" path="/insured_search/viewDocumentImage.jsp"/>
        </action>
        
        <action path="/viewPolicy" 
            type="com.bcbssc.groupadmin.shared.actions.ViewPolicyAction"
            parameter="viewBill"
            name="viewBillForm" 
            scope="request"
            validate="true">
            <forward name="success" path="/insured_search/viewPolicyImage.jsp"/>
        </action>

        <action path="/viewBillImage" 
            type="com.bcbssc.groupadmin.shared.actions.ViewBillAction"
            parameter="viewBillImage"
            name="viewBillForm" 
            scope="request"
            validate="true">
            <forward name="success" path="http://a70twbdevimag01.bcbssc.com/servlet/GetPdfServlet"/>
        </action>

        <action path="/billHistoryRequest" 
            input="/insured_bill/billHistoryForm.jsp"        
            type="com.bcbssc.groupadmin.shared.actions.RequestBillAction"
            parameter="billHistoryRequest"
            name="billHistoryForm"
            scope="request"
            validate="true">
            <forward name="success" path="/insured_bill/requestBillConfirmForm.jsp"/>
        </action>

        <action path="/billSummaryRequest" 
            input="/insured_bill/billSummaryForm.jsp"        
            type="com.bcbssc.groupadmin.shared.actions.RequestBillAction"
            parameter="billSummaryRequest"
            name="billHistoryForm"
            scope="request"
            validate="true">
            <forward name="success" path="/insured_bill/requestBillConfirmForm.jsp"/>
        </action>

        <action path="/requestBill" 
            input="/welcome.jsp"
            type="com.bcbssc.groupadmin.shared.actions.RequestBillAction"
            parameter="requestBill"
            name="requestBillForm"
            scope="request"
            validate="false">
            <forward name="success" path="/insured_bill/requestBillForm.jsp"/>
        </action>

        <action path="/requestBillConfirm" 
            input="/insured_bill/requestBillForm.jsp"
            type="com.bcbssc.groupadmin.shared.actions.RequestBillAction"
            parameter="requestBillConfirm"
            name="requestBillForm"
            scope="request"
            validate="true">
            <forward name="success" path="/insured_bill/requestBillConfirmForm.jsp"/>
        </action>

    <!-- ### LI1040 Changes Begin ### -->
        
    <!-- This will happen when GA click on Add/Change Banking Information menu item -->
    <action path="/displayBankInformation" 
        input="/welcome.jsp"
        type="com.bcbssc.groupadmin.shared.actions.BankInformationAction"
        parameter="getGroupsDetails"
        name="bankInformationForm"
        scope="request"
        validate="false">
        <forward name="valid" path="/insured_bill/BankingInformationUpdate.jsp"/>     
        <forward name="invalid" path="/insured_bill/BankingInformationInvalid.jsp"/>
    </action>
    
        <action path="/clearBankInfoForm" 
            input="/insured_bill/BankingInformationUpdate.jsp"
            type="com.bcbssc.groupadmin.shared.actions.ClearFormAction"
            name="bankInformationForm"
            scope="request"
            validate="false">
            <forward name="success" path="/insured_bill/BankingInformationUpdate.jsp"/>
        </action>
        <action path="/clearBankInfoFormInvalid" 
            input="/insured_bill/BankingInformationInvalid.jsp"
            type="com.bcbssc.groupadmin.shared.actions.ClearFormAction"
            name="bankInformationForm"
            scope="request"
            validate="false">
            <forward name="success" path="/insured_bill/BankingInformationInvalid.jsp"/>
        </action>        
    
    <!-- This will hapen when GA change the Groups dropdown menu -->
    <action path="/getBankDetails"
        input="/insured_bill/BankingInformationUpdate.jsp"
        type="com.bcbssc.groupadmin.shared.actions.BankInformationAction"
        parameter="getBankDetails"
        name="bankInformationForm"
        scope="request"
        validate="false">       
        <forward name="valid" path="/insured_bill/BankingInformationUpdate.jsp"/>
        <forward name="invalid" path="/insured_bill/BankingInformationInvalid.jsp"/>
    </action>   
    
    <action path="/getBankDetailsBack"
        input="/insured_bill/BankingInformationConfirm.jsp"
        type="com.bcbssc.groupadmin.shared.actions.BankInformationAction"
        parameter="getBankDetailsBack"
        name="bankInformationForm"
        scope="request"
        validate="false">       
        <forward name="valid" path="/insured_bill/BankingInformationUpdate.jsp"/>
        <forward name="invalid" path="/insured_bill/BankingInformationInvalid.jsp"/>
    </action>   
        
    <!-- This will happen when user click the Continue button -->
    <action path="/confirmBankDetails" 
        input="/insured_bill/BankingInformationUpdate.jsp"
        type="com.bcbssc.groupadmin.shared.actions.BankInformationAction"
        parameter="confirmBankDetails"
        name="bankInformationForm"
        scope="request">
        <forward name="bankConfirm" path="/insured_bill/BankingInformationConfirm.jsp"/>            
        <forward name="failure" path="/insured_bill/BankingInformationUpdate.jsp"/>             
    </action>
    <action path="/confirmBankDetailsInvalid" 
        input="/insured_bill/BankingInformationInvalid.jsp"
        type="com.bcbssc.groupadmin.shared.actions.BankInformationAction"
        parameter="confirmBankDetails"
        name="bankInformationForm"
        scope="request">
        <forward name="bankConfirm" path="/insured_bill/BankingInformationConfirm.jsp"/>        
        <forward name="failure" path="/insured_bill/BankingInformationInvalid.jsp"/>    
    </action>
    
    
    <!-- This will happen when user click on the submit button on the bank information confirm page --> 
    <action path="/sendBankDetails" 
        input="/insured_bill/BankingInformationConfirm.jsp"
        type="com.bcbssc.groupadmin.shared.actions.BankInformationAction"
        parameter="sendBankDetails"
        name="bankInformationForm"
        scope="request"
        validate="false">
        <forward name="success" path="/insured_bill/BankingInformationReceived.jsp"/>
    </action>

    <action path="/clearBankInformation" 
        input="/insured_bill/BankingInformationUpdate.jsp"
        type="com.bcbssc.groupadmin.shared.actions.ClearFormAction"
        name="bankInformationForm"
        scope="request"
        validate="false">
        <forward name="success" path="/insured_bill/BankingInformationUpdate.jsp"/>            
    </action>

    <!-- This will display the group selection page or confirm page when CGA clicks on the "Pay Bill" menu item -->
    <action path="/displayPaybillDetails" 
        input="/welcome.jsp"
        type="com.bcbssc.groupadmin.shared.actions.BankInformationAction"
        parameter="displayPaybillDetails"
        name="bankInformationForm"
        scope="request"
        validate="false">
        <forward name="groupSelection" path="/insured_bill/GroupSelection.jsp"/>
        <forward name="valid" path="/insured_bill/BankingInformationConfirmforPayment.jsp"/>
        <forward name="invalid" path="/insured_bill/BankingInformationInvalid.jsp"/>
    </action>
    
    <!-- This will happen when CGA clicks on the "Change Bank Information" button of the bank information confirm page  -->
    <action path="/changeBankInformation" 
        input="/BankingInformationConfirmforPayment.jsp"
        type="com.bcbssc.groupadmin.shared.actions.BankInformationAction"
        parameter="changeBankInformation"
        name="bankInformationForm"
        scope="request"
        validate="false">
        <forward name="success" path="/insured_bill/BankingInformationUpdate.jsp"/>     
    </action>   
    
    <!-- This will happen when the CGA selects a perticular group from the dropdown -->
    <action path="/validateBankAccount" 
        input="/insured_bill/GroupSelection.jsp"
        type="com.bcbssc.groupadmin.shared.actions.BankInformationAction"
        parameter="validateBankAccount"
        name="bankInformationForm"
        scope="request">        
        <forward name="invalid" path="/insured_bill/BankingInformationInvalid.jsp"/>            
        <forward name="valid" path="/insured_bill/BankingInformationConfirmforPayment.jsp"/>
        <forward name="failure" path="/insured_bill/GroupSelection.jsp"/>
    </action>   
    <action path="/validateBankAccountBack"
        input="/insured_bill/PaymentAmountEnter.jsp"
    type="com.bcbssc.groupadmin.shared.actions.BankInformationAction"
    parameter="validateBankAccountBack"
    name="bankInformationForm"
    scope="request">        
    <forward name="success" path="/insured_bill/BankingInformationConfirmforPayment.jsp"/>
    </action>

    <!-- This will display once the group is selected for the payment amount -->    
        <action path="/getPaymentDetails"
            input="/insured_bill/BankingInformationConfirmforPayment.jsp"         
            type="com.bcbssc.groupadmin.shared.actions.BankInformationAction"
            parameter="getPaymentDetails"
            name="bankInformationForm"
            scope="request"
            validate="false">
            <forward name="success" path="/insured_bill/PaymentAmountEnter.jsp"/>
        </action>

        <action path="/getPaymentDetailsBack"
            input="/insured_bill/PaymentAmountConfirm.jsp"         
            type="com.bcbssc.groupadmin.shared.actions.BankInformationAction"
            parameter="getPaymentDetailsBack"
            name="bankInformationForm"
            scope="request"
            validate="false">
            <forward name="success" path="/insured_bill/PaymentAmountEnter.jsp"/>
        </action>
                

    <!-- This will happen when the user clicks on the Continue button of the enter payment amount page. -->
    <action path="/confirmPaymentDetails" 
        input="/insured_bill/PaymentAmountEnter.jsp"
        type="com.bcbssc.groupadmin.shared.actions.BankInformationAction"
        parameter="confirmPaymentDetails"
        name="bankInformationForm"
        scope="request">
        <forward name="success" path="/insured_bill/PaymentAmountConfirm.jsp"/>
        <forward name="failure" path="/insured_bill/PaymentAmountEnter.jsp"/>
    </action>   

    <!-- This will happen when the user clicks on the Submit button of the confirm payment amount page. -->
    <action path="/sendPaymentDetails" 
        input="/insured_bill/PaymentAmountConfirm.jsp"
        type="com.bcbssc.groupadmin.shared.actions.BankInformationAction"
        parameter="sendPaymentDetails"
        name="bankInformationForm"
        scope="request"
        validate="false">
        <forward name="success" path="/insured_bill/PaymentAmountReceived.jsp"/>
    </action>   

    <!-- 
      This will happen when the user clicks on the "Pay bill for another group" button clicked on the       
      "Payment Received Page"
    -->
    <action path="/displayGroupSelection" 
        input="/PaymentAmountReceive.jsp"
        type="com.bcbssc.groupadmin.shared.actions.BankInformationAction"
        parameter="displayGroupSelection"
        name="bankInformationForm"
        scope="request"
        validate="false">
        <forward name="groupSelection" path="/insured_bill/GroupSelection.jsp"/>
    </action>    
        <!-- ### LI1040 Changes End ### -->   

        <action path="/displayTerminateSearch"
            type="com.bcbssc.groupadmin.shared.actions.InsuredSearchAction"
            parameter="displayTerminateForm"
            validate="false">
            <forward name="success" path="/insured_search/searchCriteriaForm.jsp"/>
        </action>

        <action path="/terminateDetailsEntered"
            input="/insured_terminate/terminateDetailsForm.jsp"
            type="com.bcbssc.groupadmin.shared.actions.InsuredTerminateAction"
            parameter="detailsEntered"
            name="terminateForm"
            scope="request"
            validate="true">
            <forward name="success" path="/insured_terminate/terminateConfirmForm.jsp"/>
        </action>

        <action path="/terminateConfirmed"
            input="/insured_terminate/terminateConfirmForm.jsp"
            type="com.bcbssc.groupadmin.shared.actions.InsuredTerminateAction"
            parameter="terminateInsured"
            name="terminateForm"
            scope="request"
            validate="false">
            <forward name="success" path="/insured_terminate/terminateReceivedForm.jsp"/>
        </action>

        <action path="/terminateConfirmBack"
            type="com.bcbssc.groupadmin.shared.actions.InsuredSearchAction"
            parameter="selectEmployee"
            name="terminateForm"
            scope="request"
            validate="false">
            <forward name="terminate" path="/insured_terminate/terminateDetailsForm.jsp"/>
        </action>

        <action path="/displayIDCardSearch"
            type="com.bcbssc.groupadmin.shared.actions.InsuredSearchAction"
            parameter="displayIDCardForm"
            validate="false">
            <forward name="success" path="/insured_search/searchCriteriaForm.jsp"/>
        </action>

        <action path="/idCardDetailsEntered"
            input="/insured_idcard/idCardDetailsForm.jsp"
            type="com.bcbssc.groupadmin.shared.actions.InsuredIDCardAction"
            parameter="processRequest"
            name="idCardForm"
            scope="request"
            validate="false">
            <forward name="success" path="/insured_idcard/idCardConfirmForm.jsp"/>
        </action>
    </action-mappings>

    <controller
        contentType="text/html;charset=UTF-8"
        debug="3"
        locale="true"
        nocache="true"
        processorClass="com.bcbssc.groupadmin.shared.preprocessor.GroupAdminSecureRequestProcessor"/>

    <!-- message resources -->
    <message-resources parameter="ApplicationResources" null="false" />

    <!-- ========== Plug Ins Configuration ================================== -->
    
    <plug-in className="org.apache.struts.validator.ValidatorPlugIn">
        <set-property property="pathnames"
            value="/WEB-INF/validator-rules.xml, /WEB-INF/validation.xml"/>
    </plug-in>
    
    <plug-in className="net.sf.navigator.menu.MenuPlugIn">
      <set-property property="menuConfig"
        value="/WEB-INF/menu-config.xml"/>
    </plug-in> 
    
    <plug-in className="com.bcbssc.groupadmin.shared.plugins.SetIniPlugIn">
    <set-property property="iniFile" value="CGA.ini"/>
    <set-property property="gcomIniFile" value="GCOM.ini"/>
    <set-property property="tdsIniFile" value="TDS.ini"/>
    <set-property property="tdsSuperUserIniFile" value="TDS-SU.ini"/>
    </plug-in>    
</struts-config>
