<?xml version="1.0" encoding="UTF-8"?>
<!--
- Licensed Materials - Property of IBM Corp.
- IBM UrbanCode Build
- IBM UrbanCode Deploy
- IBM UrbanCode Release
- IBM AnthillPro
- (c) Copyright IBM Corporation 2002, 2014. All Rights Reserved.
-
- U.S. Government Users Restricted Rights - Use, duplication or disclosure restricted by
- GSA ADP Schedule Contract with IBM Corp.
-->

<!-- on upgrade, include all existing steps; new steps are not needed since there is nothing to migrate --> 

<plugin-upgrade xmlns="http://www.urbancode.com/UpgradeXMLSchema_v1" xmlns:server="http://www.urbancode.com/PluginServerXMLSchema_v1" xmlns:xsi="http://www.w3.org/2001/XMLSchema-instance">
<migrate to-version="2">
   <migrate-command name="Add Secure Status to Version"/>
 </migrate>
 <migrate to-version="3">
   <migrate-command name="Add Secure Status to Version"/>
   <migrate-command name="Compliance Guard">
        <migrate-properties>
            <migrate-property name="preprocess" default="${p:system/preDeployValidation}"/>
			<migrate-property name="postProcess" default="${p:system/postDeployUpdates}"/>
        </migrate-properties>
    </migrate-command>
 </migrate>
 <migrate to-version="4">
   <migrate-command name="Add Secure Status to Version"/>
   <migrate-command name="Compliance Guard">
        <migrate-properties>
            <migrate-property name="preprocess" default="${p:system/PREDEPLOY_VALIDATION}"/>
			<migrate-property name="postProcess" default="${p:system/POSTDEPLOY_UPDATES}"/>
	        </migrate-properties>
    </migrate-command>
 </migrate>
</plugin-upgrade>