<?xml version="1.0" encoding="UTF-8"?>
<pluginInfo>
  <author name="Jerry Cheng">
    <organization>FannieMae</organization>
    <email>chengchieh_cheng@fanniemae.com</email>
    <website>http://fanniemae.com</website>
    <bio/>
  </author>
  <integration type="automation"/>
  <tool-description>Plugin for integrating HP Fortify with UrbanCode Deploy</tool-description>
  <!-- Do not change the release-version, the build process injects it. -->
  <release-version>1.0</release-version>
  <release-notes>
    <release-note plugin-version="1">
      Support HP Fortify scan script package integration with UCD.
    </release-note>
  </release-notes>
</pluginInfo>