<assembly xmlns="http://maven.apache.org/plugins/maven-assembly-plugin/assembly/1.1.2"
          xmlns:xsi="http://www.w3.org/2001/XMLSchema-instance"
          xsi:schemaLocation="http://maven.apache.org/plugins/maven-assembly-plugin/assembly/1.1.2 http://maven.apache.org/xsd/assembly-1.1.2.xsd">
	<id>zipDescriptor</id>
	
    <formats>
		<format>zip</format>
    </formats>
	
	<includeBaseDirectory/>
	<baseDirectory/>

	<fileSets>
		<fileSet>
			<directory>${project.basedir}</directory>
			<includes>
				<include>plugin.xml</include>
				<include>upgrade.xml</include>
				<include>info.xml</include>
				<include>plugin-extensions.xml</include>
			</includes>
		</fileSet>
		<fileSet>
			<directory>${project.basedir}/src</directory>
			<outputDirectory>classes</outputDirectory>
		</fileSet>
		<fileSet>
			<directory>${project.basedir}/scripts</directory>
			<outputDirectory/>
		</fileSet>
		<fileSet>
			<directory>${project.basedir}/lib</directory>
		</fileSet>
		<fileSet>
			<directory>${project.basedir}/doc</directory>
		</fileSet>
	</fileSets>
	
</assembly>