<?xml version="1.0" encoding="UTF-8"?>
<beans xmlns="http://www.springframework.org/schema/beans" xmlns:xsi="http://www.w3.org/2001/XMLSchema-instance" xmlns:aop="http://www.springframework.org/schema/aop"
	xmlns:tx="http://www.springframework.org/schema/tx"
	xsi:schemaLocation="http://www.springframework.org/schema/beans 
           http://www.springframework.org/schema/beans/spring-beans-2.0.xsd
           http://www.springframework.org/schema/aop 
           http://www.springframework.org/schema/aop/spring-aop-2.0.xsd
           http://www.springframework.org/schema/tx 
           http://www.springframework.org/schema/tx/spring-tx-2.0.xsd">

	<!--Connecting to a dynamic grid-->
	<!--ObjectGridManager ogmgr = ObjectGridManagerFactory.getObjectGridManager();-->
	<!--URL objectgridxml =  Thread.currentThread().getContextClassLoader().getResource("CONFIG/objectgrid.xml");-->
	<!--ClientClusterContext ccc = ogmgr.connect("localhost:2809", null, objectgridxml);-->
	<!--ObjectGrid grid = ogmgr.getObjectGrid(ccc, "CompanyGrid");-->

	<bean id="ogUrlResource" class="org.springframework.core.io.ClassPathResource">
		<constructor-arg index="0" type="java.lang.String" value="META-INF/client_objectGrid.xml" />
	</bean>
	<bean id="ogUrl" factory-bean="ogUrlResource" factory-method="getURL"></bean>
	<bean id="objectGridManager" class="com.ibm.websphere.objectgrid.ObjectGridManagerFactory" factory-method="getObjectGridManager" />
	<bean id="ccc" factory-bean="objectGridManager" factory-method="connect" scope="singleton" depends-on="ogUrl">
		<constructor-arg index="0" type="java.lang.String" value="localhost:9809" />
		<constructor-arg index="1"><null /></constructor-arg>
		<constructor-arg index="2" type="java.net.URL" ref="ogUrl" />
	</bean>

	<!-- Core Object Grid -->
	<bean id="coreObjectGrid" factory-bean="objectGridManager" factory-method="getObjectGrid" depends-on="ccc">
		<constructor-arg index="0" type="com.ibm.websphere.objectgrid.ClientClusterContext" ref="ccc" />
		<constructor-arg index="1" type="java.lang.String" value="coregrid" />
	</bean>
	
	<!-- Accumilator Object Grid -->
	<bean id="accumulatorObjectGrid" factory-bean="objectGridManager" factory-method="getObjectGrid" depends-on="ccc">
		<constructor-arg index="0" type="com.ibm.websphere.objectgrid.ClientClusterContext" ref="ccc" />
		<constructor-arg index="1" type="java.lang.String" value="accumulatorgrid" />
	</bean>
	
	<!-- Time Report Object Grid -->
	<bean id="timeReportObjectGrid" factory-bean="objectGridManager" factory-method="getObjectGrid" depends-on="ccc">
		<constructor-arg index="0" type="com.ibm.websphere.objectgrid.ClientClusterContext" ref="ccc" />
		<constructor-arg index="1" type="java.lang.String" value="timeReportObjectGrid" />
	</bean>	
	
	<!-- Alert Object Grid -->
	<bean id="alertObjectGrid" factory-bean="objectGridManager" factory-method="getObjectGrid" depends-on="ccc">
		<constructor-arg index="0" type="com.ibm.websphere.objectgrid.ClientClusterContext" ref="ccc" />
		<constructor-arg index="1" type="java.lang.String" value="alertObjectGrid" />
	</bean>	
	
	<!-- Reference Object Grid -->
	<bean id="referenceObjectGrid" factory-bean="objectGridManager" factory-method="getObjectGrid" depends-on="ccc">
		<constructor-arg index="0" type="com.ibm.websphere.objectgrid.ClientClusterContext" ref="ccc" />
		<constructor-arg index="1" type="java.lang.String" value="referenceObjectGrid" />
	</bean>
	
	<!-- Admin Object Grid -->
	<bean id="adminObjectGrid" factory-bean="objectGridManager" factory-method="getObjectGrid" depends-on="ccc">
		<constructor-arg index="0" type="com.ibm.websphere.objectgrid.ClientClusterContext" ref="ccc" />
		<constructor-arg index="1" type="java.lang.String" value="adminObjectGrid" />
	</bean>	
	
	<!-- DelegateAccessRights Object Grid -->
	<bean id="delegateAccessRightsObjectGrid" factory-bean="objectGridManager" factory-method="getObjectGrid" depends-on="ccc">
		<constructor-arg index="0" type="com.ibm.websphere.objectgrid.ClientClusterContext" ref="ccc" />
		<constructor-arg index="1" type="java.lang.String" value="delegateAccessRightsObjectGrid" />
	</bean>
	
	<!-- Business Object Grid -->
	<bean id="businessObjectGrid" factory-bean="objectGridManager" factory-method="getObjectGrid" depends-on="ccc">
		<constructor-arg index="0" type="com.ibm.websphere.objectgrid.ClientClusterContext" ref="ccc" />
		<constructor-arg index="1" type="java.lang.String" value="businessObjectGrid" />
	</bean>
	
	<!-- Process Object Grid
	<bean id="processObjectGrid" factory-bean="objectGridManager" factory-method="getObjectGrid" depends-on="ccc">
		<constructor-arg index="0" type="com.ibm.websphere.objectgrid.ClientClusterContext" ref="ccc" />
		<constructor-arg index="1" type="java.lang.String" value="processgrid" />
	</bean> -->

	<!-- Template Object Grid
	<bean id="templateObjectGrid" factory-bean="objectGridManager" factory-method="getObjectGrid" depends-on="ccc">
		<constructor-arg index="0" type="com.ibm.websphere.objectgrid.ClientClusterContext" ref="ccc" />
		<constructor-arg index="1" type="java.lang.String" value="templateObjectGrid" />
	</bean> -->


	<!-- Initiative Object Grid
	<bean id="initiativeObjectGrid" factory-bean="objectGridManager" factory-method="getObjectGrid" depends-on="ccc">
		<constructor-arg index="0" type="com.ibm.websphere.objectgrid.ClientClusterContext" ref="ccc" />
		<constructor-arg index="1" type="java.lang.String" value="initiativegrid" />
	</bean> -->

	<!-- Investment Object Grid
	<bean id="investmentObjectGrid" factory-bean="objectGridManager" factory-method="getObjectGrid" depends-on="ccc">
		<constructor-arg index="0" type="com.ibm.websphere.objectgrid.ClientClusterContext" ref="ccc" />
		<constructor-arg index="1" type="java.lang.String" value="investmentgrid" />
	</bean> -->

	<!-- Sequence Generator Object Grid
	<bean id="sequenceObjectGrid" factory-bean="objectGridManager" factory-method="getObjectGrid" depends-on="ccc">
		<constructor-arg index="0" type="com.ibm.websphere.objectgrid.ClientClusterContext" ref="ccc" />
		<constructor-arg index="1" type="java.lang.String" value="sequenceObjectGrid" />
	</bean>
 -->
 	<!-- Region Object Grid
	<bean id="regionObjectGrid" factory-bean="objectGridManager" factory-method="getObjectGrid" depends-on="ccc">
		<constructor-arg index="0" type="com.ibm.websphere.objectgrid.ClientClusterContext" ref="ccc" />
		<constructor-arg index="1" type="java.lang.String" value="regionObjectGrid" />
	</bean>
 -->

	<!-- Non Billable Task Object Grid 
	<bean id="nonBillableTaskObjectGrid" factory-bean="objectGridManager" factory-method="getObjectGrid" depends-on="ccc">
		<constructor-arg index="0" type="com.ibm.websphere.objectgrid.ClientClusterContext" ref="ccc" />
		<constructor-arg index="1" type="java.lang.String" value="nonBillableTaskObjectGrid" />
	</bean>-->

	<!-- User Alert Object Grid 
	<bean id="userAlertObjectGrid" factory-bean="objectGridManager" factory-method="getObjectGrid" depends-on="ccc">
		<constructor-arg index="0" type="com.ibm.websphere.objectgrid.ClientClusterContext" ref="ccc" />
		<constructor-arg index="1" type="java.lang.String" value="userAlertObjectGrid" />
	</bean>
-->
	<!-- Email Alert Object Grid 
	<bean id="emailAlertObjectGrid" factory-bean="objectGridManager" factory-method="getObjectGrid" depends-on="ccc">
		<constructor-arg index="0" type="com.ibm.websphere.objectgrid.ClientClusterContext" ref="ccc" />
		<constructor-arg index="1" type="java.lang.String" value="emailAlertObjectGrid" />
	</bean>
-->
	<!-- Project Category Object Grid 
	<bean id="projCategoryObjectGrid" factory-bean="objectGridManager" factory-method="getObjectGrid" depends-on="ccc">
		<constructor-arg index="0" type="com.ibm.websphere.objectgrid.ClientClusterContext" ref="ccc" />
		<constructor-arg index="1" type="java.lang.String" value="projcategorygrid" />
	</bean>
-->
	<!-- Application
	<bean id="applicationObjectGrid" factory-bean="objectGridManager" factory-method="getObjectGrid" depends-on="ccc">
		<constructor-arg index="0" type="com.ibm.websphere.objectgrid.ClientClusterContext" ref="ccc" />
		<constructor-arg index="1" type="java.lang.String" value="applicationgrid" />
	</bean>
 -->
	<!-- Template Application Object Grid
	<bean id="tmplApplicationObjectGrid" factory-bean="objectGridManager" factory-method="getObjectGrid" depends-on="ccc">
		<constructor-arg index="0" type="com.ibm.websphere.objectgrid.ClientClusterContext" ref="ccc" />
		<constructor-arg index="1" type="java.lang.String" value="templateapplicationgrid" />
	</bean>
 -->
	<!-- Template Profit Center Object Grid
	<bean id="tmplProfitCenterObjectGrid" factory-bean="objectGridManager" factory-method="getObjectGrid" depends-on="ccc">
		<constructor-arg index="0" type="com.ibm.websphere.objectgrid.ClientClusterContext" ref="ccc" />
		<constructor-arg index="1" type="java.lang.String" value="templateprofitcentergrid" />
	</bean>
 -->

	<!-- User Profile Object Grid
	<bean id="userProfileObjectGrid" factory-bean="objectGridManager" factory-method="getObjectGrid" depends-on="ccc">
		<constructor-arg index="0" type="com.ibm.websphere.objectgrid.ClientClusterContext" ref="ccc" />
		<constructor-arg index="1" type="java.lang.String" value="userProfileObjectGrid" />
	</bean>
 -->
	<!-- InitiativeType Object Grid
	<bean id="initiativeTypeObjectGrid" factory-bean="objectGridManager" factory-method="getObjectGrid" depends-on="ccc">
		<constructor-arg index="0" type="com.ibm.websphere.objectgrid.ClientClusterContext" ref="ccc" />
		<constructor-arg index="1" type="java.lang.String" value="initiativeTypeObjectGrid" />
	</bean>
 -->
	<!-- Accounting Hierarchy Object Grid
	<bean id="accountingHierarchyObjectGrid" factory-bean="objectGridManager" factory-method="getObjectGrid" depends-on="ccc">
		<constructor-arg index="0" type="com.ibm.websphere.objectgrid.ClientClusterContext" ref="ccc" />
		<constructor-arg index="1" type="java.lang.String" value="accountingHierarchyObjectGrid" />
	</bean>
 -->
	<!-- Role Object Grid
	<bean id="roleObjectGrid" factory-bean="objectGridManager" factory-method="getObjectGrid" depends-on="ccc">
		<constructor-arg index="0" type="com.ibm.websphere.objectgrid.ClientClusterContext" ref="ccc" />
		<constructor-arg index="1" type="java.lang.String" value="roleObjectGrid" />
	</bean>
 -->
	<!-- Lifecycle Object Grid
	<bean id="lifecycleGrid" factory-bean="objectGridManager" factory-method="getObjectGrid" depends-on="ccc">
		<constructor-arg index="0" type="com.ibm.websphere.objectgrid.ClientClusterContext" ref="ccc" />
		<constructor-arg index="1" type="java.lang.String" value="lifecycleGrid" />
	</bean>

	<bean id="globalParametersGrid" factory-bean="objectGridManager" factory-method="getObjectGrid" depends-on="ccc">
		<constructor-arg index="0" type="com.ibm.websphere.objectgrid.ClientClusterContext" ref="ccc" />
		<constructor-arg index="1" type="java.lang.String" value="globalParametersGrid" />
	</bean>
	
	<bean id="accumulatorRequestgrid" factory-bean="objectGridManager" factory-method="getObjectGrid" depends-on="ccc">
		<constructor-arg index="0" type="com.ibm.websphere.objectgrid.ClientClusterContext" ref="ccc" />
		<constructor-arg index="1" type="java.lang.String" value="accumulatorRequestgrid" />
	</bean>
 -->	
	<!-- Project Group Template Object Grid
	<bean id="projectGroupTemplateGrid" factory-bean="objectGridManager" factory-method="getObjectGrid" depends-on="ccc">
		<constructor-arg index="0" type="com.ibm.websphere.objectgrid.ClientClusterContext" ref="ccc" />
		<constructor-arg index="1" type="java.lang.String" value="projectGroupTemplateGrid" />
	</bean>
	 -->
	<!-- Function Object Grid
	<bean id="functionObjectGrid" factory-bean="objectGridManager" factory-method="getObjectGrid" depends-on="ccc">
		<constructor-arg index="0" type="com.ibm.websphere.objectgrid.ClientClusterContext" ref="ccc" />
		<constructor-arg index="1" type="java.lang.String" value="functionObjectGrid" />
	</bean> -->
</beans>
