[
   {
      "command": "C:\\temp\\defaultwinattachblockdisk\\winattachblockdisk.cmd",
      "description": "Adds a block disk to the virtual machine and, formats and mounts the disk.",
      "execmode": 0,
      "filename": "defaultwinattachblockdisk.zip",
      "hypervisortypes": "[\"PureSystems_ESX\"]",
      "keys": [
         {
            "locked": false,
            "required": false,
            "scriptkey": "VOLUME_ID"
         },
         {
            "locked": false,
            "required": false,
            "scriptkey": "VOLUME_NAME"
         },
         {
            "locked": false,
            "required": false,
            "scriptkey": "VOLUME_GROUP_ID"
         },
         {
            "locked": false,
            "required": false,
            "scriptkey": "DISK_SIZE"
         },
         {
            "locked": false,
            "required": false,
            "scriptkey": "DESCRIPTION"
         },
         {
            "locked": false,
            "required": false,
            "scriptdefaultvalue": "NTFS",
            "scriptkey": "FILESYSTEM_TYPE",
            "validvalues": [
               "NTFS"
            ]
         },
         {
            "locked": false,
            "required": false,
            "scriptkey": "MOUNT_POINT",
            "validvalues": [
               "",
               "E",
               "F",
               "G",
               "H",
               "I",
               "J",
               "K",
               "L",
               "M",
               "N",
               "O",
               "P",
               "Q",
               "R",
               "S",
               "T",
               "U",
               "V",
               "W",
               "X",
               "Y",
               "Z"
            ]
         }
      ],
      "location": "C:\\temp\\defaultwinattachblockdisk",
      "log": "C:\\temp\\defaultwinattachblockdisk",
      "name": "Default Windows attach block disk",
      "ostype": "windows",
      "timeout": 1800000,
      "type": "ADDON_BLOCK_DISK",
      "version": "1.0.0"
   }
]