<?xml version="1.0"?>
<!DOCTYPE module PUBLIC
"-//Puppy Crawl//DTD Check Configuration 1.1//EN"
"http://www.puppycrawl.com/dtds/configuration_1_1.dtd">
<module name="Checker">

  <property name="severity" value="error"/>

  <module name="NewlineAtEndOfFile"/>
  <!-- module name="PackageHtml"/ -->

  <module name="TreeWalker">

    <property name="tabWidth" value="2"/>

    <module name="GenericIllegalRegexp">
      <property name="format" value="\s$"/>
      <property name="message" value="Line should not end with whitespace."/>
    </module>

    <module name="GenericIllegalRegexp">
      <property name="format" value="^[^\x22]*Description of the"/>
      <property name="message" value="Generated JavaDoc should be replaced with real documentation."/>
    </module>

    <module name="ArrayTypeStyle"/>
    <module name="AvoidStarImport"/>
    <module name="AvoidNestedBlocks"/>
    <module name="AvoidInlineConditionals"/>
    <module name="DoubleCheckedLocking"/>
    <module name="ConstantName"/>
    <module name="EmptyStatement"/>
    <module name="EmptyBlock">
      <property name="option" value="text"/>
      <property name="tokens" value="LITERAL_CATCH"/>
    </module>
    <!--<module name="EmptyForIteratorPad"/>-->
    <module name="EqualsHashCode"/>
    <module name="FileLength">
      <property name="max" value="20000"/>
    </module>
    <module name="FinalClass"/>
    <!-- module name="FinalParameters"/-->
    <!-- module name="HiddenField"/-->
    <!-- module name="HideUtilityClassConstructor"/-->
    <!-- module name="IllegalImport"/-->
    <module name="IllegalInstantiation"/>
    <module name="Indentation">
      <!-- TODO: this property should be removed as soon as possible -->
      <!-- from here and build.xml -->
      <property name="basicOffset" value="2"/>
      <property name="braceAdjustment" value="0"/>
      <property name="caseIndent" value="0"/>
    </module>
    <module name="InnerAssignment"/>
    <module name="InterfaceIsType"/>
    <module name="JavadocType">
      <property name="authorFormat" value="\S"/>
    </module>
    <module name="JavadocMethod">
      <property name="allowUndeclaredRTE" value="true"/>
      <property name="allowThrowsTagsForSubclasses" value="true"/>
    </module>
    <module name="JavadocVariable"/>
    <module name="LeftCurly">
      <property name="tokens" value="CLASS_DEF,INTERFACE_DEF,METHOD_DEF,CTOR_DEF"/>
      <property name="option" value="nl"/>
    </module>
    <module name="LeftCurly">
      <property name="tokens" value="LITERAL_CATCH,LITERAL_DO,LITERAL_ELSE,LITERAL_FINALLY,LITERAL_FOR,LITERAL_IF,LITERAL_SWITCH,LITERAL_SYNCHRONIZED,LITERAL_TRY,LITERAL_WHILE"/>
      <property name="option" value="eol"/>
    </module>
    <module name="LineLength"/>
    <module name="LocalFinalVariableName">
          <property name="format" value="^[A-Z](_?[A-Z0-9]+)*$"/>
    </module>
    <module name="LocalVariableName"/>
    <module name="MagicNumber"/>
    <module name="MemberName"/>
    <module name="MethodLength">
      <property name="max" value="150"/>
    </module>
    <module name="MethodName"/>
    <module name="MissingSwitchDefault"/>
    <module name="ModifierOrder"/>
    <module name="NeedBraces"/>
    <module name="NoWhitespaceAfter"/>
    <module name="NoWhitespaceBefore">
      <property name="tokens" value="DOT"/>
      <property name="allowLineBreaks" value="true"/>
    </module>
    <module name="OperatorWrap"/>
    <module name="OperatorWrap">
      <property name="tokens" value="ASSIGN, DIV_ASSIGN, PLUS_ASSIGN, MINUS_ASSIGN, STAR_ASSIGN, MOD_ASSIGN, SR_ASSIGN, BSR_ASSIGN, SL_ASSIGN, BXOR_ASSIGN, BOR_ASSIGN, BAND_ASSIGN"/>
      <property name="option" value="eol"/>
    </module>
    <module name="PackageName">
      <property name="format" value="^[a-z]+(\.[a-z][a-z0-9]*)*$"/>
    </module>
    <module name="ParameterName"/>
    <module name="ParameterNumber"/>
    <module name="ParenPad"/>
    <module name="RedundantImport"/>
    <module name="RedundantModifier"/>
    <module name="RedundantThrows"/>
    <module name="RightCurly">
      <property name="option" value="same"/>
    </module>
    <module name="SimplifyBooleanExpression"/>
    <module name="SimplifyBooleanReturn"/>
    <module name="StaticVariableName"/>
    <module name="TabCharacter"/>
    <module name="TodoComment"/>
    <module name="TypeName"/>
    <module name="UnusedImports"/>
    <module name="UpperEll"/>
    <module name="VisibilityModifier"/>
    <module name="WhitespaceAfter"/>
    <module name="WhitespaceAround"/>
  </module>
</module>
