<?xml version="1.0" encoding="UTF-8"?>
<clusterConfig xmlns:xsi="http://www.w3.org/2001/XMLSchema-instance"
	xsi:schemaLocation="http://ibm.com/ws/objectgrid/config/cluster ../objectGridCluster.xsd"
	xmlns="http://ibm.com/ws/objectgrid/config/cluster">

	<cluster name="Scenario1Cluster" securityEnabled="false" clientMaxRetries="3" tcpConnectionTimeout="200" sessionTimeout="200"
		threadsPerClientConnect="20" singleSignOnEnabled="false" loginSessionExpirationTime="300" 
		statisticsEnabled="false" statisticsSpec="all=disabled">

		<serverDefinition name="server1" host="localhost" clientAccessPort="12601"
			peerAccessPort="12501" workingDirectory=""
			traceSpec="ObjectGrid*=all=disabled"
			systemStreamToFileEnabled="true"  />

		<serverDefinition name="server2" host="localhost" clientAccessPort="12602"
			peerAccessPort="12502" workingDirectory=""
			traceSpec="ObjectGrid*=all=disabled"
			systemStreamToFileEnabled="true"  />

		<serverDefinition name="server3" host="localhost" clientAccessPort="12603"
			peerAccessPort="12503" workingDirectory=""
			traceSpec="ObjectGrid*=all=disabled"
			systemStreamToFileEnabled="true"  />


		<serverDefinition name="server4" host="localhost" clientAccessPort="12604"
			peerAccessPort="12504" workingDirectory=""
			traceSpec="ObjectGrid*=all=disabled"
			systemStreamToFileEnabled="true"  />

		<serverDefinition name="server5" host="localhost" clientAccessPort="12605"
			peerAccessPort="12505" workingDirectory=""
			traceSpec="ObjectGrid*=all=disabled"
			systemStreamToFileEnabled="true"  />

		<serverDefinition name="server6" host="localhost" clientAccessPort="12606"
			peerAccessPort="12506" workingDirectory=""
			traceSpec="ObjectGrid*=all=disabled"
			systemStreamToFileEnabled="true"  />


		<serverDefinition name="server7" host="localhost" clientAccessPort="12607"
			peerAccessPort="12507" workingDirectory=""
			traceSpec="ObjectGrid*=all=disabled"
			systemStreamToFileEnabled="true"  />

		<serverDefinition name="server8" host="localhost" clientAccessPort="12608"
			peerAccessPort="12508" workingDirectory=""
			traceSpec="ObjectGrid*=all=disabled"
			systemStreamToFileEnabled="true"  />

		<serverDefinition name="server9" host="localhost" clientAccessPort="12609"
			peerAccessPort="12509" workingDirectory=""
			traceSpec="ObjectGrid*=all=disabled"
			systemStreamToFileEnabled="true"  />


	</cluster>

	<objectgridBinding ref="AgentObjectGrid">		
                <mapSet name="agentMSet" partitionSetRef="partitionedPSet1" synchronousReplication="true" replicaReadEnabled="false">
                        <map ref="agent" />
		        <map ref="profile" />
                </mapSet>
	</objectgridBinding>

	<partitionSet name="notPartitionedPSet1">
		<partition name="partition1" replicationGroupRef="r1" />
	</partitionSet>

	<partitionSet name="partitionedPSet1">
		<partition name="partition1" replicationGroupRef="r1" />
		<partition name="partition2" replicationGroupRef="r2" />
		<partition name="partition3" replicationGroupRef="r3" />
	</partitionSet>

	<replicationGroup name="r1" maxReplicas="1">
		<replicationGroupMember serverRef="server1" priority="1" />
		<replicationGroupMember serverRef="server2" priority="2" />
		<replicationGroupMember serverRef="server3" priority="3" />
	</replicationGroup>

	<replicationGroup name="r2" maxReplicas="1">
		<replicationGroupMember serverRef="server4" priority="1" />
		<replicationGroupMember serverRef="server5" priority="2" />
		<replicationGroupMember serverRef="server6" priority="3" />
	</replicationGroup>

	<replicationGroup name="r3" maxReplicas="1">
		<replicationGroupMember serverRef="server7" priority="1" />
		<replicationGroupMember serverRef="server8" priority="2" />
		<replicationGroupMember serverRef="server9" priority="3" />
	</replicationGroup>

</clusterConfig>
