<?xml version="1.0" encoding="UTF-8"?>
<coregroup:CoreGroup xmi:version="2.0" xmlns:xmi="http://www.omg.org/XMI" xmlns:coregroup="http://www.ibm.com/websphere/appserver/schemas/6.0/coregroup.xmi" xmi:id="builtin_CoreGroup_1080665362339" name="DefaultCoreGroup" description="Default Core Group. The default core group cannot be deleted." coreGroupUID="3f98fa1:10212c6f710:-8000" numCoordinators="1" multiCastPort="23445" multiCastGroupIPStart="239.0.0.0" multiCastGroupIPEnd="239.255.255.255" channelChainName="DCS" transportType="CHANNEL_FRAMEWORK">
  <policies xmi:type="coregroup:OneOfNPolicy" xmi:id="OneOfNPolicy_1080665362419" name="Default SIBus Policy" description="SIBus One-Of-N Policy" policyFactory="com.ibm.ws.hamanager.coordinator.policy.impl.OneOfNPolicyFactory" isAlivePeriodSec="120" quorumEnabled="false" failback="false" preferredOnly="false">
    <MatchCriteria xmi:id="MatchCriteria_1085173008228" name="type" value="WSAF_SIB" description="Default SIBus MatchCriterion"/>
  </policies>
  <policies xmi:type="coregroup:OneOfNPolicy" xmi:id="OneOfNPolicy_1080665362420" name="Clustered TM Policy" description="TM One-Of-N Policy" policyFactory="com.ibm.ws.hamanager.coordinator.policy.impl.OneOfNPolicyFactory" isAlivePeriodSec="120" quorumEnabled="false" failback="true" preferredOnly="false">
    <MatchCriteria xmi:id="MatchCriteria_1085173008229" name="type" value="WAS_TRANSACTIONS" description="Default TM MatchCriteria"/>
  </policies>
  <policies xmi:type="coregroup:OneOfNPolicy" xmi:id="OneOfNPolicy_1108485158235" name="WPF Cluster Scoped Partition Policy" description="Default WPF Cluster Scoped Partition Policy" policyFactory="com.ibm.ws.hamanager.coordinator.policy.impl.OneOfNPolicyFactory" isAlivePeriodSec="-1" quorumEnabled="true" failback="false" preferredOnly="false">
    <MatchCriteria xmi:id="MatchCriteria_1108485285027" name="-gt" value="-p" description="Default WPF Match Criterion"/>
    <MatchCriteria xmi:id="MatchCriteria_1108485557229" name="-ps" value="-c" description="WPF Cluster Scope Match Criterion"/>
  </policies>
  <coreGroupServers xmi:id="CoreGroupServer_1108416591602" nodeName="jcheng6CellManager02" serverName="dmgr"/>
  <coreGroupServers xmi:id="CoreGroupServer_1108484193978" nodeName="jcheng6Node02" serverName="server1"/>
  <coreGroupServers xmi:id="CoreGroupServer_1108484194058" nodeName="jcheng6Node02" serverName="nodeagent"/>
  <coreGroupServers xmi:id="CoreGroupServer_1108484196692" nodeName="jcheng6Node02" serverName="server1"/>
  <coreGroupServers xmi:id="CoreGroupServer_1108484196693" nodeName="jcheng6Node02" serverName="nodeagent"/>
</coregroup:CoreGroup>
