insert,1,19288
get,1,19885
remove,1,19972
update,1,17465
query,1,2825
pQuery,1,7360
insert,3,19207
get,3,19823
remove,3,19972
update,3,18637
query,3,2816
pQuery,3,7958
insert,4,19289
get,4,19971
remove,4,19971
update,4,16688
query,4,2817
pQuery,4,7684
insert,5,33198
get,5,19456
remove,5,19453
update,5,17689
query,5,2793
pQuery,5,7459
insert,6,31130
get,6,19359
remove,6,19201
update,6,16863
query,6,2781
pQuery,6,7238
insert,7,35242
get,7,18662
remove,7,19215
update,7,17227
query,7,2774
pQuery,7,7346
insert,8,31148
get,8,19336
remove,8,19113
update,8,16902
query,8,2789
pQuery,8,7569
insert,9,33351
get,9,19092
remove,9,19116
update,9,16704
query,9,2713
pQuery,9,7072
insert,10,35876
get,10,18578
remove,10,18709
update,10,16701
query,10,2804
pQuery,10,7243
insert,15,37903
get,15,21194
remove,15,18567
update,15,16198
query,15,2869
pQuery,15,7463
insert,20,35075
get,20,37674
remove,20,18492
update,20,17424
query,20,2822
pQuery,20,7463
