<?xml version="1.0" encoding="UTF-8"?>
<!-- 
	This sample program is provided AS IS and may be used, executed, copied and modified
	without royalty payment by customer
	(a) for its own instruction and study,
	(b) in order to develop applications designed to run with an IBM WebSphere product,
	either for customer's own internal use or for redistribution by customer, as part of such an
	application, in customer's own products.
	Licensed Materials - Property of IBM
	5724-J34 (C) COPYRIGHT International Business Machines Corp. 2012
-->

<deploymentPolicy xmlns:xsi="http://www.w3.org/2001/XMLSchema-instance"
 xsi:schemaLocation="http://ibm.com/ws/objectgrid/deploymentPolicy ../deploymentPolicy.xsd"
 xmlns="http://ibm.com/ws/objectgrid/deploymentPolicy">

    <objectgridDeployment objectgridName="ADPRM_Grid">
        <mapSet name="ConfigurationData" numberOfPartitions="3" numInitialContainers="1"
                minSyncReplicas="0" maxSyncReplicas="0" 
                maxAsyncReplicas="1" >        
            <map ref="TypeRegistry.NONE.OPTIMISTIC"/>
            <map ref="QueryCache.Site.NONE.OPTIMISTIC"/>
            <map ref="QueryCache.SiteNode.NONE.OPTIMISTIC"/>
            <map ref="QueryCache.SitePage.NONE.OPTIMISTIC"/>
            <map ref="QueryCache.SitePalette.NONE.OPTIMISTIC"/>
            <map ref="QueryCache.SiteProperty.NONE.OPTIMISTIC"/>
            <map ref="QueryCache.SiteResource.NONE.OPTIMISTIC"/>
            <map ref="QueryCache.SiteStyle.NONE.OPTIMISTIC"/>
            <map ref="QueryCache.SiteTree.NONE.OPTIMISTIC"/>
        </mapSet>
        
        <mapSet name="SimpleDataCaches" numberOfPartitions="3" numInitialContainers="1"
                minSyncReplicas="0" maxSyncReplicas="0" 
                maxAsyncReplicas="1">        
            <map ref=".*\.CREATION\.OPTIMISTIC"/>
            <map ref=".*\.CREATION\.PESSIMISTIC"/>

            <map ref=".*\.LAST_ACCESS.OPTIMISTIC"/>
            <map ref=".*\.LAST_ACCESS.PESSIMISTIC"/>

            <map ref=".*\.LAST_UPDATE\.PESSIMISTIC"/>
            <map ref=".*\.LAST_UPDATE\.OPTIMISTIC"/>

            <map ref=".*\.NONE\.OPTIMISTIC"/>
            <map ref=".*\.NONE\.PESSIMISTIC"/>
        </mapSet>
    </objectgridDeployment>

</deploymentPolicy>
