<?xml version="1.0" encoding="UTF-8"?>
<objectGridConfig xmlns:xsi="http://www.w3.org/2001/XMLSchema-instance"
	xsi:schemaLocation="http://ibm.com/ws/objectgrid/config ../objectGrid.xsd"
	xmlns="http://ibm.com/ws/objectgrid/config">

	<objectGrids>
		<objectGrid name="DYNACACHE_REMOTE" txTimeout="15">

<!-- Having copyMode set to "COPY_TO BYTES" enables eXtreme Data Formatting (XDF) -->				
			<backingMap name="IBM_DC_PARTITIONED_.*" template="true"
				readOnly="false" pluginCollectionRef="all" preloadMode="false"
				lockStrategy="PESSIMISTIC" copyMode="COPY_TO_BYTES"				
				ttlEvictorType="NONE" nullValuesSupported="false" />
		</objectGrid>
	</objectGrids>

	<backingMapPluginCollections>

		<backingMapPluginCollection id="all">
			<bean id="MapIndexPlugin" className="com.ibm.websphere.objectgrid.plugins.index.HashIndex">
				<property name="Name" type="java.lang.String" value="DEPENDENCY_ID_INDEX"
					description="index name" />
				<property name="RangeIndex" type="boolean" value="false"
					description="true for MapRangeIndex" />
				<property name="AttributeName" type="java.lang.String"
					value="dependencies" description="attribute name" />
				<property name="GlobalIndexEnabled" type="boolean" value="true"
					description="required to enable global index" />
				<property name="FieldAccessAttribute" type="boolean" value="true"
					description="access the fields rather than getters" />
			</bean>
			<bean id="MapIndexPlugin" className="com.ibm.websphere.objectgrid.plugins.index.HashIndex">
				<property name="Name" type="java.lang.String" value="TEMPLATE_INDEX"
					description="index name" />
				<property name="RangeIndex" type="boolean" value="false"
					description="true for MapRangeIndex" />
				<property name="AttributeName" type="java.lang.String"
					value="templates" description="attribute name" />
				<property name="GlobalIndexEnabled" type="boolean" value="true"
					description="required to enable global index" />
				<property name="FieldAccessAttribute" type="boolean" value="true"
					description="access the fields rather than getters" />
			</bean>
<!-- This ObjectTransformer is required when copyMode is not  COPY_TO_BYTES (ie. eXtreme Data Formatting)  -->			
<!--		<bean id="ObjectTransformer"
				className="com.ibm.ws.objectgrid.dynacache.entries.CacheEntryData$Transformer" /> 
-->
			<bean id="Evictor"
				className="com.ibm.ws.objectgrid.dynacache.evictors.DistributedDynacacheEvictor" />
			<bean id="Loader" className="com.ibm.ws.objectgrid.dynacache.DynacacheLoader" />
		</backingMapPluginCollection>

	</backingMapPluginCollections>

</objectGridConfig>