<?xml version="1.0" encoding="UTF-8"?>
<objectGridConfig xmlns:xsi="http://www.w3.org/2001/XMLSchema-instance"
	xsi:schemaLocation="http://ibm.com/ws/objectgrid/config ../objectGrid.xsd"
	xmlns="http://ibm.com/ws/objectgrid/config">

        <objectGrids>
        
        <objectGrid name="session" txTimeout="30">
            <bean id="ObjectGridEventListener" className="com.ibm.ws.xs.sessionmanager.SessionHandleManager"/>
            <backingMap name="objectgridSessionMetadata" pluginCollectionRef="objectgridSessionMetadata" readOnly="false" lockStrategy="PESSIMISTIC" ttlEvictorType="LAST_ACCESS_TIME" timeToLive="3600" copyMode="COPY_TO_BYTES"/>
            <backingMap name="objectgridSessionAttribute.*" template="true" readOnly="false" lockStrategy="PESSIMISTIC" ttlEvictorType="NONE" copyMode="COPY_TO_BYTES"/>
            <backingMap name="objectgridSessionTTL.*" template="true" readOnly="false" lockStrategy="PESSIMISTIC" ttlEvictorType="LAST_ACCESS_TIME" timeToLive="3600" copyMode="COPY_TO_BYTES"/>
            <backingMap name="ASPNET.SessionState.*" template="true" readOnly="false" lockStrategy="PESSIMISTIC" ttlEvictorType="LAST_ACCESS_TIME" timeToLive="3600" copyMode="COPY_TO_BYTES"/>
         </objectGrid>
         
		<objectGrid name="DYNACACHE_REMOTE" txTimeout="15">
			<backingMap name="IBM_DC_PARTITIONED_.*" template="true"
				readOnly="false" pluginCollectionRef="all" preloadMode="false"
				lockStrategy="PESSIMISTIC" copyMode="COPY_ON_READ_AND_COMMIT"				
				ttlEvictorType="NONE" nullValuesSupported="false" />
                               
		        <backingMap name="IBM_DC_NCI_PARTITIONED_.*" template="true"
			        readOnly="false" pluginCollectionRef="allPlusNoVersioningOptimisticCallback" preloadMode="false"
			        lockStrategy="OPTIMISTIC" copyMode="COPY_ON_READ_AND_COMMIT" ttlEvictorType="NONE"
			        nullValuesSupported="false" 
			        nearCacheInvalidationEnabled="true"
			        nearCacheLastAccessTTLSyncEnabled="true" />     
                               
                        <backingMap name="IBM_DC_NGI_PARTITIONED_.*" template="true" 
                                readOnly="false" pluginCollectionRef="all_NoGlobalIndex" preloadMode="false" 
                                lockStrategy="PESSIMISTIC" copyMode="COPY_ON_READ_AND_COMMIT" ttlEvictorType="NONE" 
                                nullValuesSupported="false" /> 
                                
                        <backingMap name="IBM_DC_NCI_NGI_PARTITIONED_.*" template="true" readOnly="false" pluginCollectionRef="allPlusNoVersionCallback_NoGlobalIndex" preloadMode="false" 
                                lockStrategy="OPTIMISTIC" nearCacheInvalidationEnabled="true" nearCacheLastAccessTTLSyncEnabled="true" copyMode="COPY_ON_READ_AND_COMMIT" ttlEvictorType="NONE" 
                                nullValuesSupported="false" /> 				

                           
		</objectGrid>
	</objectGrids>

	<backingMapPluginCollections>

		<backingMapPluginCollection id="all">
			<bean id="MapIndexPlugin" className="com.ibm.websphere.objectgrid.plugins.index.HashIndex">
				<property name="Name" type="java.lang.String" value="DEPENDENCY_ID_INDEX"
					description="index name" />
				<property name="RangeIndex" type="boolean" value="false"
					description="true for MapRangeIndex" />
				<property name="AttributeName" type="java.lang.String"
					value="dependencies" description="attribute name" />
				<property name="GlobalIndexEnabled" type="boolean" value="true"
					description="required to enable global index" />
				<property name="FieldAccessAttribute" type="boolean" value="true"
					description="access the fields rather than getters" />
			</bean>
			<bean id="MapIndexPlugin" className="com.ibm.websphere.objectgrid.plugins.index.HashIndex">
				<property name="Name" type="java.lang.String" value="TEMPLATE_INDEX"
					description="index name" />
				<property name="RangeIndex" type="boolean" value="false"
					description="true for MapRangeIndex" />
				<property name="AttributeName" type="java.lang.String"
					value="templates" description="attribute name" />
				<property name="GlobalIndexEnabled" type="boolean" value="true"
					description="required to enable global index" />
				<property name="FieldAccessAttribute" type="boolean" value="true"
					description="access the fields rather than getters" />
			</bean>
     		        <bean id="ObjectTransformer" className="com.ibm.ws.objectgrid.dynacache.entries.CacheEntryData$Transformer" /> 
			<bean id="Evictor" className="com.ibm.ws.objectgrid.dynacache.evictors.DistributedDynacacheEvictor" />
			<bean id="Loader" className="com.ibm.ws.objectgrid.dynacache.DynacacheLoader" />
		</backingMapPluginCollection>
                
		<backingMapPluginCollection id="allPlusNoVersioningOptimisticCallback">
			<bean id="MapIndexPlugin" className="com.ibm.websphere.objectgrid.plugins.index.HashIndex">
				<property name="Name" type="java.lang.String" value="DEPENDENCY_ID_INDEX"
					description="index name" />
				<property name="RangeIndex" type="boolean" value="false"
					description="true for MapRangeIndex" />
				<property name="AttributeName" type="java.lang.String"
					value="dependencies" description="attribute name" />
				<property name="GlobalIndexEnabled" type="boolean" value="true"
					description="required to enable global index" />
				<property name="FieldAccessAttribute" type="boolean" value="true"
					description="access the fields rather than getters" />
			</bean>
			<bean id="MapIndexPlugin" className="com.ibm.websphere.objectgrid.plugins.index.HashIndex">
				<property name="Name" type="java.lang.String" value="TEMPLATE_INDEX"
					description="index name" />
				<property name="RangeIndex" type="boolean" value="false"
					description="true for MapRangeIndex" />
				<property name="AttributeName" type="java.lang.String"
					value="templates" description="attribute name" />
				<property name="GlobalIndexEnabled" type="boolean" value="true"
					description="required to enable global index" />
				<property name="FieldAccessAttribute" type="boolean" value="true"
					description="access the fields rather than getters" />
			</bean>
                        <bean id="ObjectTransformer" className="com.ibm.ws.objectgrid.dynacache.entries.CacheEntryData$Transformer" /> 
			<bean id="Evictor" className="com.ibm.ws.objectgrid.dynacache.evictors.DistributedDynacacheEvictor" />
			<bean id="Loader" className="com.ibm.ws.objectgrid.dynacache.DynacacheLoader" />
			<bean id="OptimisticCallback" className="com.ibm.websphere.objectgrid.plugins.builtins.NoVersioningOptimisticCallback" />
		</backingMapPluginCollection>
                

		<backingMapPluginCollection id="all_NoGlobalIndex"> 
			<bean id="MapIndexPlugin" className="com.ibm.websphere.objectgrid.plugins.index.HashIndex">
				<property name="Name" type="java.lang.String" value="DEPENDENCY_ID_INDEX" description="index name" />
				<property name="RangeIndex" type="boolean" value="false" description="true for MapRangeIndex" />
				<property name="AttributeName" type="java.lang.String" value="dependencies" description="attribute name" />
				<property name="GlobalIndexEnabled" type="boolean" value="false" description="required to enable global index" />
				<property name="FieldAccessAttribute" type="boolean" value="true" description="access the fields rather than getters" />
			</bean>
			<bean id="MapIndexPlugin" className="com.ibm.websphere.objectgrid.plugins.index.HashIndex">
				<property name="Name" type="java.lang.String" value="TEMPLATE_INDEX" description="index name" />
				<property name="RangeIndex" type="boolean" value="false" description="true for MapRangeIndex" />
				<property name="AttributeName" type="java.lang.String" value="templates" description="attribute name" />
				<property name="GlobalIndexEnabled" type="boolean" value="false"	description="required to enable global index" />
				<property name="FieldAccessAttribute" type="boolean" value="true" description="access the fields rather than getters" />
			</bean>			
			<bean id="ObjectTransformer" className="com.ibm.ws.objectgrid.dynacache.entries.CacheEntryData$Transformer" />
			<bean id="Evictor" className="com.ibm.ws.objectgrid.dynacache.evictors.DistributedDynacacheEvictor"/>
			<bean id="Loader" className="com.ibm.ws.objectgrid.dynacache.DynacacheLoader"/>
		</backingMapPluginCollection>
                
		<backingMapPluginCollection id="allPlusNoVersionCallback_NoGlobalIndex"> 
			<bean id="MapIndexPlugin" className="com.ibm.websphere.objectgrid.plugins.index.HashIndex">
				<property name="Name" type="java.lang.String" value="DEPENDENCY_ID_INDEX" description="index name" />
				<property name="RangeIndex" type="boolean" value="false" description="true for MapRangeIndex" />
				<property name="AttributeName" type="java.lang.String" value="dependencies" description="attribute name" />
				<property name="GlobalIndexEnabled" type="boolean" value="false" description="required to enable global index" />
				<property name="FieldAccessAttribute" type="boolean" value="true" description="access the fields rather than getters" />
			</bean>
			<bean id="MapIndexPlugin" className="com.ibm.websphere.objectgrid.plugins.index.HashIndex">
				<property name="Name" type="java.lang.String" value="TEMPLATE_INDEX" description="index name" />
				<property name="RangeIndex" type="boolean" value="false" description="true for MapRangeIndex" />
				<property name="AttributeName" type="java.lang.String" value="templates" description="attribute name" />
				<property name="GlobalIndexEnabled" type="boolean" value="false"	description="required to enable global index" />
				<property name="FieldAccessAttribute" type="boolean" value="true" description="access the fields rather than getters" />
			</bean>			
			<bean id="ObjectTransformer" className="com.ibm.ws.objectgrid.dynacache.entries.CacheEntryData$Transformer" />
			<bean id="Evictor" className="com.ibm.ws.objectgrid.dynacache.evictors.DistributedDynacacheEvictor"/>
			<bean id="Loader" className="com.ibm.ws.objectgrid.dynacache.DynacacheLoader"/>
			<bean id="OptimisticCallback" className="com.ibm.websphere.objectgrid.plugins.builtins.NoVersioningOptimisticCallback" />			
		</backingMapPluginCollection>


	</backingMapPluginCollections>

</objectGridConfig>
