<?xml version="1.0" encoding="UTF-8"?>
<deploymentPolicy xmlns:xsi="http://www.w3.org/2001/XMLSchema-instance"
	xsi:schemaLocation="http://ibm.com/ws/objectgrid/deploymentPolicy ../deploymentPolicy.xsd"
	xmlns="http://ibm.com/ws/objectgrid/deploymentPolicy">

    <objectgridDeployment objectgridName="session">
        <mapSet name="sessionMapSet" 
                numberOfPartitions="23" 
                numInitialContainers="1" 
                minSyncReplicas="0" 
                maxSyncReplicas="0" 
                maxAsyncReplicas="1" 
                developmentMode="false" 
                placementStrategy="FIXED_PARTITIONS" 
                replicaReadEnabled="false">
            <map ref="objectgridSessionMetadata"/>
            <map ref="objectgridSessionAttribute.*"/>
            <map ref="objectgridSessionTTL.*"/>
            <map ref="ASPNET.SessionState.*"/>
         </mapSet>
     </objectgridDeployment> 
     
     <objectgridDeployment objectgridName="DYNACACHE_REMOTE">
         <mapSet name="DYNACACHE_REMOTE"
		numberOfPartitions="23"
		numInitialContainers="1"
		minSyncReplicas="0"
		maxSyncReplicas="0"
		maxAsyncReplicas="1"
		developmentMode="false"
		replicaReadEnabled="false">
 	    <map ref="IBM_DC_PARTITIONED_.*" />
            <map ref="IBM_DC_NCI_PARTITIONED_.*" />
            <map ref="IBM_DC_NGI_PARTITIONED_.*" />
            <map ref="IBM_DC_NCI_NGI_PARTITIONED_.*" />
         </mapSet>
     </objectgridDeployment>
</deploymentPolicy>
