<?xml version="1.0" encoding="UTF-8"?>
<objectGridConfig 
	xmlns:xsi="http://www.w3.org/2001/XMLSchema-instance" 
	xsi:schemaLocation="http://ibm.com/ws/objectgrid/config ../objectGrid.xsd"
	xmlns="http://ibm.com/ws/objectgrid/config">

	<objectGrids>
		<objectGrid name="${appName}" txTimeout="30" 
			securityEnabled="true" authorizationMechanism="AUTHORIZATION_MECHANISM_CUSTOM">
         	<customProperty name="capacityLimit" value="${gridCap}" />
			<bean id="ObjectGridAuthorization"   
				className="com.ibm.ws.xsa.security.og.NullObjectGridAuthorization" />
			<backingMap name="IBM_DC_PARTITIONED_.*" template="true" readOnly="false" pluginCollectionRef="all" preloadMode="false" 
				lockStrategy="PESSIMISTIC" copyMode="COPY_TO_BYTES" ttlEvictorType="NONE" 
				nullValuesSupported="false" />
			<backingMap name="IBM_DC_PARTITIONED_NCI.*" template="true" readOnly="false" pluginCollectionRef="allPlusNoVersionCallback" preloadMode="false" 
				lockStrategy="OPTIMISTIC" nearCacheInvalidationEnabled="true" nearCacheLastAccessTTLSyncEnabled="true" copyMode="COPY_TO_BYTES" ttlEvictorType="NONE" 
				nullValuesSupported="false" /> 
				
				
		</objectGrid>
	</objectGrids>

	<backingMapPluginCollections>  
		
		<backingMapPluginCollection id="all"> 
			<bean id="MapIndexPlugin" className="com.ibm.websphere.objectgrid.plugins.index.HashIndex">
				<property name="Name" type="java.lang.String" value="DEPENDENCY_ID_INDEX" description="index name" />
				<property name="RangeIndex" type="boolean" value="false" description="true for MapRangeIndex" />
				<property name="AttributeName" type="java.lang.String" value="dependencies" description="attribute name" />
				<property name="GlobalIndexEnabled" type="boolean" value="true" description="required to enable global index" />
				<property name="FieldAccessAttribute" type="boolean" value="true" description="access the fields rather than getters" />
			</bean>
			<bean id="MapIndexPlugin" className="com.ibm.websphere.objectgrid.plugins.index.HashIndex">
				<property name="Name" type="java.lang.String" value="TEMPLATE_INDEX" description="index name" />
				<property name="RangeIndex" type="boolean" value="false" description="true for MapRangeIndex" />
				<property name="AttributeName" type="java.lang.String" value="templates" description="attribute name" />
				<property name="GlobalIndexEnabled" type="boolean" value="true"	description="required to enable global index" />
				<property name="FieldAccessAttribute" type="boolean" value="true" description="access the fields rather than getters" />
			</bean>			
			<bean id="ObjectTransformer" className="com.ibm.ws.objectgrid.dynacache.entries.CacheEntryData$Transformer" />
			<bean id="Evictor" className="com.ibm.ws.objectgrid.dynacache.evictors.DistributedDynacacheEvictor"/>
			<bean id="Loader" className="com.ibm.ws.objectgrid.dynacache.DynacacheLoader"/>
		</backingMapPluginCollection>
		<backingMapPluginCollection id="allPlusNoVersionCallback"> 
			<bean id="MapIndexPlugin" className="com.ibm.websphere.objectgrid.plugins.index.HashIndex">
				<property name="Name" type="java.lang.String" value="DEPENDENCY_ID_INDEX" description="index name" />
				<property name="RangeIndex" type="boolean" value="false" description="true for MapRangeIndex" />
				<property name="AttributeName" type="java.lang.String" value="dependencies" description="attribute name" />
				<property name="GlobalIndexEnabled" type="boolean" value="true" description="required to enable global index" />
				<property name="FieldAccessAttribute" type="boolean" value="true" description="access the fields rather than getters" />
			</bean>
			<bean id="MapIndexPlugin" className="com.ibm.websphere.objectgrid.plugins.index.HashIndex">
				<property name="Name" type="java.lang.String" value="TEMPLATE_INDEX" description="index name" />
				<property name="RangeIndex" type="boolean" value="false" description="true for MapRangeIndex" />
				<property name="AttributeName" type="java.lang.String" value="templates" description="attribute name" />
				<property name="GlobalIndexEnabled" type="boolean" value="true"	description="required to enable global index" />
				<property name="FieldAccessAttribute" type="boolean" value="true" description="access the fields rather than getters" />
			</bean>			
			<bean id="ObjectTransformer" className="com.ibm.ws.objectgrid.dynacache.entries.CacheEntryData$Transformer" />
			<bean id="Evictor" className="com.ibm.ws.objectgrid.dynacache.evictors.DistributedDynacacheEvictor"/>
			<bean id="Loader" className="com.ibm.ws.objectgrid.dynacache.DynacacheLoader"/>
			<bean id="OptimisticCallback" className="com.ibm.websphere.objectgrid.plugins.builtins.NoVersioningOptimisticCallback" />			
		</backingMapPluginCollection>

	</backingMapPluginCollections>

</objectGridConfig>
