<?xml version="1.0" encoding="UTF-8"?>
<!DOCTYPE ejb-jar PUBLIC "-//Sun Microsystems, Inc.//DTD Enterprise JavaBeans 2.0//EN" "http://java.sun.com/dtd/ejb-jar_2_0.dtd">

   <ejb-jar id="ejb-jar_ID">
      <display-name>TDBank_1.3</display-name>
      <enterprise-beans>
         <session id="ObjectGridClusterClient">
            <ejb-name>ObjectGridClusterClient</ejb-name>
            <home>com.ibm.ws.objectgrid.test.scenario.ejb.ObjectGridClusterClientHome</home>
            <remote>com.ibm.ws.objectgrid.test.scenario.ejb.ObjectGridClusterClient</remote>
            <ejb-class>com.ibm.ws.objectgrid.test.scenario.ejb.ObjectGridClusterClientBean</ejb-class>
            <session-type>Stateless</session-type>
            <transaction-type>Container</transaction-type>
            <env-entry id="EnvEntry_1141866332928">
               <description>Cluster that client will bootstrap to</description>
               <env-entry-name>clusterName</env-entry-name>
               <env-entry-type>java.lang.String</env-entry-type>
               <env-entry-value>Scenario1Cluster</env-entry-value>
            </env-entry>
            <env-entry id="EnvEntry_1141866332929">
               <description>Host that the client will bootstrap to</description>
               <env-entry-name>host</env-entry-name>
               <env-entry-type>java.lang.String</env-entry-type>
               <env-entry-value>localhost</env-entry-value>
            </env-entry>
            <env-entry id="EnvEntry_1141866332930">
               <description>Port that the client will bootstrap to</description>
               <env-entry-name>port</env-entry-name>
               <env-entry-type>java.lang.String</env-entry-type>
               <env-entry-value>12601</env-entry-value>
            </env-entry>
            <env-entry id="EnvEntry_1141866332931">
               <description>Name of the Database</description>
               <env-entry-name>dbName</env-entry-name>
               <env-entry-type>java.lang.String</env-entry-type>
               <env-entry-value>sample</env-entry-value>
            </env-entry>
            <env-entry id="EnvEntry_1141866332932">
               <description>Database host</description>
               <env-entry-name>dbHost</env-entry-name>
               <env-entry-type>java.lang.String</env-entry-type>
               <env-entry-value>localhost</env-entry-value>
            </env-entry>
            <env-entry id="EnvEntry_1141866332933">
               <description>Port that will be used to connect to the database</description>
               <env-entry-name>dbPort</env-entry-name>
               <env-entry-type>java.lang.String</env-entry-type>
               <env-entry-value>50000</env-entry-value>
            </env-entry>
            <env-entry id="EnvEntry_1141866332934">
               <description>Username that is used to connect to the database</description>
               <env-entry-name>dbUser</env-entry-name>
               <env-entry-type>java.lang.String</env-entry-type>
               <env-entry-value>cheng1</env-entry-value>
            </env-entry>
            <env-entry id="EnvEntry_1141866332935">
               <description>Password that will be used to connect to the database</description>
               <env-entry-name>dbPassword</env-entry-name>
               <env-entry-type>java.lang.String</env-entry-type>
               <env-entry-value>cheng1me</env-entry-value>
            </env-entry>
            <env-entry id="EnvEntry_1141866332936">
               <description>Password that will be used to connect to the database</description>
               <env-entry-name>overrideObjectGridXml</env-entry-name>
               <env-entry-type>java.lang.Boolean</env-entry-type>
               <env-entry-value>true</env-entry-value>
            </env-entry>
         </session>
      </enterprise-beans>
      <assembly-descriptor id="AssemblyDescriptor_1141866332928">
         <method-permission id="MethodPermission_1141866332928">
            <description>Generated unchecked method permission</description>
            <unchecked></unchecked>
            <method id="MethodElement_1141866332928">
               <description>generatedAllMethodsDescription</description>
               <ejb-name>ObjectGridClusterClient</ejb-name>
               <method-intf>Home</method-intf>
               <method-name>create</method-name>
               <method-params></method-params>
            </method>
            <method id="MethodElement_1141866332929">
               <description>generatedAllMethodsDescription</description>
               <ejb-name>ObjectGridClusterClient</ejb-name>
               <method-intf>Home</method-intf>
               <method-name>getEJBMetaData</method-name>
               <method-params></method-params>
            </method>
            <method id="MethodElement_1141866332930">
               <description>generatedAllMethodsDescription</description>
               <ejb-name>ObjectGridClusterClient</ejb-name>
               <method-intf>Home</method-intf>
               <method-name>getHomeHandle</method-name>
               <method-params></method-params>
            </method>
            <method id="MethodElement_1141866332931">
               <description>generatedAllMethodsDescription</description>
               <ejb-name>ObjectGridClusterClient</ejb-name>
               <method-intf>Home</method-intf>
               <method-name>remove</method-name>
               <method-params>
                  <method-param>java.lang.Object</method-param>
               </method-params>
            </method>
            <method id="MethodElement_1141866332932">
               <description>generatedAllMethodsDescription</description>
               <ejb-name>ObjectGridClusterClient</ejb-name>
               <method-intf>Home</method-intf>
               <method-name>remove</method-name>
               <method-params>
                  <method-param>javax.ejb.Handle</method-param>
               </method-params>
            </method>
            
         <container-transaction>
         	<method>
         		<ejb-name>ObjectGridClusterClient</ejb-name>
         		<method-name>*</method-name>
         	</method>
         	<trans-attribute>Never</trans-attribute>
         </container-transaction>

            
      </assembly-descriptor>
   </ejb-jar>
