<?xml version="1.0" encoding="UTF-8"?>
<clusterConfig xmlns:xsi="http://www.w3.org/2001/XMLSchema-instance"
	xsi:schemaLocation="http://ibm.com/ws/objectgrid/config/cluster ../objectGridCluster.xsd"
	xmlns="http://ibm.com/ws/objectgrid/config/cluster">

	<cluster name="Scenario1Cluster" securityEnabled="false" clientMaxRetries="3" tcpConnectionTimeout="200" sessionTimeout="200"
		threadsPerClientConnect="20" singleSignOnEnabled="false" loginSessionExpirationTime="300" 
		statisticsEnabled="false" statisticsSpec="all=disabled">

		<serverDefinition name="server1" host="localhost" clientAccessPort="12601"
			peerAccessPort="12501" workingDirectory=""
			traceSpec="ObjectGrid*=all=disabled"
			systemStreamToFileEnabled="true"  />
                        
		<serverDefinition name="server2" host="localhost" clientAccessPort="12602"
			peerAccessPort="12502" workingDirectory=""
			traceSpec="ObjectGrid*=all=disabled"
			systemStreamToFileEnabled="true"  />

		<serverDefinition name="server3" host="localhost" clientAccessPort="12603"
			peerAccessPort="12503" workingDirectory=""
			traceSpec="ObjectGrid*=all=disabled"
			systemStreamToFileEnabled="true"  />
	</cluster>

	<objectgridBinding ref="AgentObjectGrid">		
      <mapSet name="ENTITY_MAPSET" partitionSetRef="notPartitionedPSet1" synchronousReplication="false" replicaReadEnabled="false">
         <map ref="agent" />
		 <map ref="profile" />
      </mapSet>
	</objectgridBinding>
	
	<partitionSet name="notPartitionedPSet1">
		<partition name="partition1" replicationGroupRef="r1" />
	</partitionSet>

	<replicationGroup name="r1" maxReplicas="1">
		<replicationGroupMember serverRef="server1" priority="1" />
		<replicationGroupMember serverRef="server2" priority="2" />
		<replicationGroupMember serverRef="server3" priority="3" />
	</replicationGroup>

</clusterConfig>
