<?xml version="1.0" encoding="UTF-8"?>

<entity-mappings xmlns="http://ibm.com/ws/projector/config/emd"
                 xmlns:xsi="http://www.w3.org/2001/XMLSchema-instance"
  	             xsi:schemaLocation="http://ibm.com/ws/projector/config/emd ./emd.xsd"> 
                 
                 
    <description>"Entity Mapping description"</description>
    
    <entity class-name="com.ibm.ws.objectgrid.test.scenario.Agent" name="Agent" access="FIELD">
	   <description>"Agent class"</description>
       	<attributes>
			<id name="agentID" alias="agentID"/>
			<basic name="additionalnfo"/>
			<basic name="agentData"/>
		</attributes>
	</entity>
		    
    <entity class-name="com.ibm.ws.objectgrid.test.scenario.Profile" name="Profile" access="FIELD">
	   <description>"This is the Profile class"</description>
		<attributes>
			<id name="profileID" alias="profileID" />
 			<basic name="additionalnfo"/>
			<basic name="proifleData"/>
			<basic name="agentID"/>
		</attributes>
	</entity>
    
</entity-mappings>

