<?xml version="1.0" encoding="UTF-8"?>

<tns:root xmlns:tns="http://www.rccl.com/pnp/cache/" xmlns:xsi="http://www.w3.org/2001/XMLSchema-instance" 
	xsi:schemaLocation="http://www.rccl.com/pnp/cache/ ../config/wxs/eviction.xsd ">


        <!--  app\config\wxs\eviction.xsd for format definition  -->

	<idList>

		<id>00018686</id>

		<id>00018687</id>

		<id>00018688</id>

		<id>00018689</id>

		<id>00018690</id>

		<id>00018705</id>

	</idList>


        <!--  activeHorizon>2013-02-23</activeHorizon -->        
</tns:root>
