<?xml version="1.0"?>
<!DOCTYPE hibernate-mapping PUBLIC "-//Hibernate/Hibernate Mapping DTD 3.0//EN"
"http://hibernate.sourceforge.net/hibernate-mapping-3.0.dtd">
<!-- Generated Apr 25, 2012 3:32:50 PM by Hibernate Tools 3.4.0.CR1 -->
<hibernate-mapping>
    <class name="com.rccl.promotions.model.GuestPublicServiceType" table="PROMOTION_GUEST_PUBLIC_SRVC">
    	<cache usage="nonstrict-read-write" region="Promotions"/>
        <id name="id" type="java.lang.Long">
            <column name="PROMOTION_GUESTS_PUBLIC_SRVC_ID" />
            <generator class="native" />
        </id>
		
	<!-- 	<many-to-one name="guest" class="com.rccl.promotions.model.Guest" lazy="false" fetch="select">
            <column name="PROMOTION_GUEST_ID" not-null="true" />
        </many-to-one>
        
        -->
        
        <property name="guestId" type="java.lang.Long">
            <column name="PROMOTION_GUEST_ID"  not-null="true" />
        </property>
        
        <many-to-one name="publicServiceType" class="com.rccl.promotions.model.PublicServiceType" lazy="false" fetch="select">
            <column name="public_service_type_id" />
        </many-to-one>
  <!--     
        <property name="creationDtm" type="timestamp">
            <column name="CREATION_DTM" length="26" not-null="true" />
        </property>
        <property name="creationUserId" type="string">
            <column name="CREATION_USER_ID" length="30" not-null="true" />
        </property>
        <property name="lastUpdateDtm" type="timestamp">
            <column name="LAST_UPDATE_DTM" length="26" />
        </property>
        <property name="lastUpdateUserId" type="string">
            <column name="LAST_UPDATE_USER_ID" length="30" />
        </property>
        
        -->
    </class>
</hibernate-mapping>