<?xml version="1.0" encoding="UTF-8"?>
<!DOCTYPE hibernate-configuration PUBLIC "-//Hibernate/Hibernate Configuration DTD 3.0//EN"
                                         "http://hibernate.sourceforge.net/hibernate-configuration-3.0.dtd">
<hibernate-configuration>
 <session-factory>
  <!--  Uncomment this when running locally -->
  <property name="hibernate.dialect">org.hibernate.dialect.DB2Dialect</property>
  <property name="hibernate.connection.driver_class">com.ibm.as400.access.AS400JDBCDriver</property>
  <property name="hibernate.connection.url">jdbc:as400://augusta.rccl.com;libraries=rdb_pricep</property>
  <property name="hibernate.connection.username">PNPODBCPRO</property>
  <property name="hibernate.connection.password">x2cQPg9kNw</property>
  <property name="connection.pool_size">1</property>
  <property name="current_session_context_class">thread</property>
  <property name="show_sql">true</property>
  <property name="format_sql">true</property>
  <property name="use_sql_comments">true</property>
  <property name="current_session_context_class">thread</property>
  
  <!--  Uncomment this when running server and comment the above block -->
  <!--  
  <property name="hibernate.connection.datasource">jdbc/rcclDataSource</property>
  <property name="hibernate.transaction.factory_class">org.hibernate.transaction.CMTTransactionFactory</property>
  <property name="hibernate.transaction.manager_lookup_class">org.hibernate.transaction.WebSphereExtendedJTATransactionLookup</property>
  <property name="connection.pool_size">10</property>
  <property name="hibernate.dialect">org.hibernate.dialect.DB2Dialect</property>
  <property name="show_sql">false</property>
  <property name="format_sql">false</property>
  <property name="use_sql_comments">false</property>
  <property name="hibernate.hbm2ddl.auto">none</property>
  -->
  <!--  Cache Configuration -->
  <property name="cache.provider_class">com.ibm.websphere.objectgrid.hibernate.cache.ObjectGridHibernateCacheProvider</property>
  <property name="objectgrid.configuration">ObjectGridType=REMOTE,ObjectGridName=Promotion,MaxNumberOfReplicas=0</property>
  <property name="cache.use_query_cache">false</property>
  <property name="cache.use_second_level_cache">true</property>
  <property name="hibernate.default_batch_fetch_size">25</property>

  <mapping resource="mapping/services/PublicServiceType.hbm.xml"/>
  <mapping resource="mapping/services/GuestPublicServiceType.hbm.xml"/>
  <mapping resource="mapping/services/Promotion.hbm.xml"/>
  <mapping resource="mapping/services/PromotionBookingChannel.hbm.xml"/>
  <mapping resource="mapping/services/PromotionBookingOffice.hbm.xml"/>
  <mapping resource="mapping/services/PromotionBusinessEntity.hbm.xml"/>
  <mapping resource="mapping/services/PromotionCountry.hbm.xml"/>
  <mapping resource="mapping/services/PromotionCurrencyProfile.hbm.xml"/>
  <mapping resource="mapping/services/PromotionLinkedCurrencyExchangeRate.hbm.xml"/>
  <mapping resource="mapping/services/PromotionDiscountType.hbm.xml"/>
  <mapping resource="mapping/services/PromotionEntityDiscount.hbm.xml"/>
  <mapping resource="mapping/services/PromotionFolder.hbm.xml"/>
  <mapping resource="mapping/services/PromotionGateway.hbm.xml"/>
  <mapping resource="mapping/services/PromotionGuest.hbm.xml"/>
  <mapping resource="mapping/services/PromotionLoyaltyProgram.hbm.xml"/>
  <mapping resource="mapping/services/PromotionMarket.hbm.xml"/>
  <mapping resource="mapping/services/PromotionGatewayGrouping.hbm.xml"/>
  <mapping resource="mapping/services/GatewayGrouping.hbm.xml"/>
  <mapping resource="mapping/services/PromotionShipSailing.hbm.xml"/>
  <mapping resource="mapping/services/PromotionStateroom.hbm.xml"/>
  <mapping resource="mapping/services/PromotionStateroomCategory.hbm.xml"/>
  <mapping resource="mapping/services/PromotionSuperCategory.hbm.xml"/>
  <mapping resource="mapping/services/PromotionTravelAgency.hbm.xml"/>
  <mapping resource="mapping/services/PromotionType.hbm.xml"/>
  <mapping resource="mapping/services/PromotionTemplate.hbm.xml"/>
  <mapping resource="mapping/services/PromotionGroup.hbm.xml"/>
  <mapping resource="mapping/services/PromotionHistory.hbm.xml"/>
  <mapping resource="mapping/services/PromotionRemark.hbm.xml"/>
  <mapping resource="mapping/services/PromotionTermCondition.hbm.xml"/>
  <mapping resource="mapping/services/PromotionValueAdd.hbm.xml"/>
  <mapping resource="mapping/services/GuestTypeApplied.hbm.xml"/>
 </session-factory>
</hibernate-configuration>
