<?xml version="1.0" encoding="UTF-8"?>
<!--The "acceptLicense" attribute has been deprecated. Use "-acceptLicense" command line option to accept license agreements.-->
<agent-input acceptLicense='true' clean='true' temporary='true'>
<server>
<repository location='/repository/downloads/sdsV6.3.1/ibm_sds'/>
</server>
<profile id='IBM Security Directory Server' installLocation='/opt/ibm/ldap/V6.3.1'>
<data key='eclipseLocation' value='/opt/ibm/ldap/V6.3.1'/>
<data key='user.import.profile' value='false'/>
<data key='cic.selector.os' value='linux'/>
<data key='cic.selector.arch' value='x86_64'/>
<data key='cic.selector.ws' value='gtk'/>

<!-- **** DB2 properties *** -->
<!--
Use the user.use.existing.db2 property to configure IBM Security Directory Server with DB2. 
If you want to configure  IBM Security Directory Server with an existing DB2 version, set the user.use.existing.db2 property to true. When you set the user.use.existing.db2 property to true, you must set the user.use.existing.db2.installpath property with the DB2 installation path, and the user.db2.executable.path property with the empty path (''). 
If you want the IBM Security Directory Server installation program to install IBM DB2, set the user.use.existing.db2 property to false. When you set the user.use.existing.db2 property to false, you must set the user.db2.executable.path property with the path that contains the DB2 installable (setup.exe/db2_install). 
-->
<data key='user.use.existing.db2,com.ibm.security.directoryserver.v631' value='true'/>

<!-- 
You can use the user.db2.executable.path property to set the path that contains the DB2 installable (setup.exe/db2_install). If you want the IBM Security Directory Server installation program to install IBM DB2, you must set this property. This property is dependent on the user.use.existing.db2 property value. See comments on the user.use.existing.db2 property.
-->
<data key='user.db2.executable.path,com.ibm.security.directoryserver.v631' value=''/>

<!--
You can use the user.use.existing.db2.installpath property to specify the DB2 installation path of a DB2 version that you want to use with IBM Security Directory Server. This property is dependent on the user.use.existing.db2 property value. See comments on the user.use.existing.db2 property.
-->
<data key='user.use.existing.db2.installpath,com.ibm.security.directoryserver.v631' value='/opt/ibm/db2/V10.1'/>

<!-- 
Windows Properties
<data key='user.db2.username,com.ibm.security.directoryserver.v631' value=''/>
<data key='user.db2.user.domain,com.ibm.security.directoryserver.v631' value=''/>
<data key='user.db2.user.password,com.ibm.security.directoryserver.v631' value=''/>
<data key='user.renter.db2.user.password,com.ibm.security.directoryserver.v631' value=''/>
-->

<!-- **** GSKIT properties *** -->
<!--
Use the user.use.existing.gskit property to configure IBM Security Directory Server with IBM Global Security Kit. 
If you want to configure  IBM Security Directory Server with a supported version of an existing IBM Global Security Kit, set the user.use.existing.gskit property to true. When you set the user.use.existing.gskit property to true, you must set the user.gskit.executable.path property with the empty path (''). 
If you want the IBM Security Directory Server installation program to install IBM Global Security Kit, set the user.use.existing.gskit property to false. When you set the user.use.existing.gskit property to false, you must set the user.gskit.executable.path property with a path that contains the IBM Global Security Kit installable.
-->
<data key='user.use.existing.gskit,com.ibm.security.directoryserver.v631' value='false'/>

<!--
You can use the user.gskit.executable.path property to set the path that contains the IBM Global Security Kit installable. If you want the IBM Security Directory Server installation program to install IBM Global Security Kit, you must set this property. This property is dependent on the user.use.existing.gskit property value. See comments on the user.use.existing.gskit property.
-->
<data key='user.gskit.executable.path,com.ibm.security.directoryserver.v631' value='/repository/downloads/sdsV6.3.1/ibm_gskit'/>

<!-- *** JDK properties *** -->
<!--
For the installation of IBM Java Development Kit with IBM Security Directory Server installation program, specify the path name with the IBM Java Development Kit archive file name in the user.jdk.executable.path property.
-->
<data key='user.jdk.executable.path,com.ibm.security.directoryserver.v631' value='/repository/downloads/sdsV6.3.1/ibm_jdk/ibm-java-16sr14-linux-64.tar'/>

<!-- *** Web Administration Tool Deployment properties *** -->

<!--
You can use the  user.deploy.webadmin.on property  to specify Web Administration  Tool deployment options. You can set the user.deploy.webadmin.on property with one of the following values: ewas, custom, or  installwebadminonly.

You can use one of the following options to deploy Web Administration Tool in a supported web application server:
1. Use IBM Security Directory Server installation program for installation of Embedded WebSphere Application Server and deployment of Web Administration Tool in it. The following properties must be updated with the following values:
a. user.install.ewas = 'true'
b. user.deploy.webadmin.on = 'ewas'
c. user.ewas.executable.path = 'path_with_eWAS_installable'
  
2.  Use IBM Security Directory Server installation program for deployment of Web Administration Tool in an existing web application server that is in a custom location. The following properties must be updated with the following values:
a. user.deploy.webadmin.on = 'customwas'
b. user.custom.was.install.path = 'installation_path_of_existing_WAS_or_eWAS'

3.  Use IBM Security Directory Server installation program for installation of Web Administration Tool only. To use Web Administration Tool, you must manually deploy it in a supported  web application server later. The following properties must be updated with the following values:
a. user.deploy.webadmin.on = 'installwebadminonly'
-->
<data key='user.deploy.webadmin.on,com.ibm.security.directoryserver.v631' value='ewas'/>

<!--
To use IBM Security Directory Server installation program for installation of Embedded WebSphere Application Server, set the user.install.ewas property to true. 
-->
<data key='user.install.ewas,com.ibm.security.directoryserver.v631' value='true'/>

<!--
If you set  the user.install.ewas property to true, you must set the  user.ewas.executable.path property with the path that contains  Embedded WebSphere Application Server installable. The user.ewas.executable.path property  is dependent on the user.install.ewas  property value. See the comments on the user.deploy.webadmin.on property.
-->
<data key='user.ewas.executable.path,com.ibm.security.directoryserver.v631' value='/repository/downloads/sdsV6.3.1/ibm_ewas'/>

<!--
If you set the  user.deploy.webadmin.on property to 'customwas', you must specify the installation location of the supported web application server in the  user.custom.was.install.path property. Otherwise, set the property to ''.
-->
<data key='user.custom.was.install.path,com.ibm.security.directoryserver.v631' value=''/>


<data key='cic.selector.nl' value='en'/>
</profile>
<install modify='false'>
<offering id='com.ibm.security.directoryserver.v631' version='6.3.1.0' profile='IBM Security Directory Server' features='main.feature.db2,main.feature.gskit,main.feature.jdk,main.feature.javaclient,main.feature.server,main.feature.cclient,main.feature.proxy,main.feature.webadmin' installFixes='none'/>
</install>
<preference name='com.ibm.cic.common.core.preferences.eclipseCache' value='/opt/ibm/IBMIMShared'/>
<preference name='com.ibm.cic.common.core.preferences.connectTimeout' value='30'/>
<preference name='com.ibm.cic.common.core.preferences.readTimeout' value='45'/>
<preference name='com.ibm.cic.common.core.preferences.downloadAutoRetryCount' value='0'/>
<preference name='offering.service.repositories.areUsed' value='true'/>
<preference name='com.ibm.cic.common.core.preferences.ssl.nonsecureMode' value='false'/>
<preference name='com.ibm.cic.common.core.preferences.http.disablePreemptiveAuthentication' value='false'/>
<preference name='http.ntlm.auth.kind' value='NTLM'/>
<preference name='http.ntlm.auth.enableIntegrated.win32' value='true'/>
<preference name='com.ibm.cic.common.core.preferences.preserveDownloadedArtifacts' value='true'/>
<preference name='com.ibm.cic.common.core.preferences.keepFetchedFiles' value='false'/>
<preference name='PassportAdvantageIsEnabled' value='false'/>
<preference name='com.ibm.cic.common.core.preferences.searchForUpdates' value='false'/>
<preference name='com.ibm.cic.agent.ui.displayInternalVersion' value='false'/>
<preference name='com.ibm.cic.common.sharedUI.showErrorLog' value='true'/>
<preference name='com.ibm.cic.common.sharedUI.showWarningLog' value='true'/>
<preference name='com.ibm.cic.common.sharedUI.showNoteLog' value='true'/>
</agent-input>
