<?xml version="1.0" encoding="UTF-8"?>
<!--The "acceptLicense" attribute has been deprecated. Use "-acceptLicense" command line option to accept license agreements.-->
<agent-input acceptLicense='true'  clean='true' temporary='true'>
<server>
<repository location='/repository/downloads/sdsV6.3.1/ibm_sds'/>
</server>
<profile id='IBM Security Directory Server' installLocation='/opt/IBM/ldap/V6.3.1'>
<data key='eclipseLocation' value='/opt/IBM/ldap/V6.3.1'/>
<data key='user.import.profile' value='false'/>
<data key='cic.selector.os' value='aix'/>
<data key='cic.selector.arch' value='ppc64'/>
<data key='cic.selector.ws' value='gtk'/>

<!-- **** GSKIT properties *** -->
<!--
Use the user.use.existing.gskit property to configure IBM Security Directory Server with IBM Global Security Kit. 
If you want to configure  IBM Security Directory Server with a supported version of an existing IBM Global Security Kit, set the user.use.existing.gskit property to true. When you set the user.use.existing.gskit property to true, you must set the user.gskit.executable.path property with the empty path (''). 
If you want the IBM Security Directory Server installation program to install IBM Global Security Kit, set the user.use.existing.gskit property to false. When you set the user.use.existing.gskit property to false, you must set the user.gskit.executable.path property with a path that contains the IBM Global Security Kit installable.
-->
<data key='user.use.existing.gskit,com.ibm.security.directoryserver.v631' value='false'/>

<!--
You can use the user.gskit.executable.path property to set the path that contains the IBM Global Security Kit installable. If you want the IBM Security Directory Server installation program to install IBM Global Security Kit, you must set this property. This property is dependent on the user.use.existing.gskit property value. See comments on the user.use.existing.gskit property.
-->
<data key='user.gskit.executable.path,com.ibm.security.directoryserver.v631' value='/repository/downloads/sdsV6.3.1/ibm_gskit'/>


<data key='cic.selector.nl' value='en'/>
</profile>
<install modify='false'>
<offering id='com.ibm.security.directoryserver.v631' version='6.3.1.0' profile='IBM Security Directory Server' features='main.feature.gskit,main.feature.cclient,main.feature.javaclient' installFixes='none'/>
</install>
<preference name='com.ibm.cic.common.core.preferences.eclipseCache' value='/opt/IBM/IBMIMShared'/>
<preference name='com.ibm.cic.common.core.preferences.connectTimeout' value='30'/>
<preference name='com.ibm.cic.common.core.preferences.readTimeout' value='45'/>
<preference name='com.ibm.cic.common.core.preferences.downloadAutoRetryCount' value='0'/>
<preference name='offering.service.repositories.areUsed' value='true'/>
<preference name='com.ibm.cic.common.core.preferences.ssl.nonsecureMode' value='false'/>
<preference name='com.ibm.cic.common.core.preferences.http.disablePreemptiveAuthentication' value='false'/>
<preference name='http.ntlm.auth.kind' value='NTLM'/>
<preference name='http.ntlm.auth.enableIntegrated.win32' value='true'/>
<preference name='com.ibm.cic.common.core.preferences.preserveDownloadedArtifacts' value='true'/>
<preference name='com.ibm.cic.common.core.preferences.keepFetchedFiles' value='false'/>
<preference name='PassportAdvantageIsEnabled' value='false'/>
<preference name='com.ibm.cic.common.core.preferences.searchForUpdates' value='false'/>
<preference name='com.ibm.cic.agent.ui.displayInternalVersion' value='false'/>
<preference name='com.ibm.cic.common.sharedUI.showErrorLog' value='true'/>
<preference name='com.ibm.cic.common.sharedUI.showWarningLog' value='true'/>
<preference name='com.ibm.cic.common.sharedUI.showNoteLog' value='true'/>
</agent-input>
