<?xml version="1.0" encoding="UTF-8"?><agent-input clean="true" temporary="true"><server><repository location="/tmp/WXS_8600" /><repository location="/tmp/WXS_86_FP4" /></server><install modify='false'><offering id='com.ibm.websphere.WXS.v86' profile='IBM WebSphere eXtreme Scale stand-alone' features='xs.core.feature,xs.jre.feature,xs.server.standalone.feature,xs.client.standalone.feature,xs.console.feature,xs.samples.feature'  installFixes='none'/></install><profile id='IBM WebSphere eXtreme Scale stand-alone' installLocation='/opt/IBM/eXtremeScale'><data key='eclipseLocation' value='/opt/IBM/eXtremeScale'/><data key='user.import.profile' value='false'/><data key='cic.selector.nl' value='en'/></profile><preference name='com.ibm.cic.common.core.preferences.eclipseCache' value='/opt/IBM/IMShared'/><preference name='com.ibm.cic.common.core.preferences.preserveDownloadedArtifacts' value='true'/></agent-input>