<?xml version="1.0" encoding="UTF-8"?><agent-input clean="true" temporary="true"><server><repository location="/tmp/WXS_8500" /><repository location="/tmp/WXS_85_FP3" /></server><install modify='false'><offering id='com.ibm.websphere.WXSCLIENT.was6.v85' profile='IBM WebSphere eXtreme Scale Client for WebSphere Application Server V6' features='xs.client.core.feature,xs.client.feature'  installFixes='none'/></install><profile id='IBM WebSphere eXtreme Scale Client for WebSphere Application Server V6' installLocation='/opt/IBM/WebSphere61/AppServer'><data key='eclipseLocation' value='/opt/IBM/WebSphere61/AppServer'/><data key='user.import.profile' value='false'/><data key='cic.selector.nl' value='en'/></profile><preference name='com.ibm.cic.common.core.preferences.eclipseCache' value='/opt/IBM/IMShared'/><preference name='com.ibm.cic.common.core.preferences.preserveDownloadedArtifacts' value='true'/></agent-input>