<?xml version="1.0" encoding="UTF-8"?><agent-input clean="true" temporary="true"><server><repository location="D:\downloads\wxs_v85\repository\WXS_8500" /><repository location="D:\downloads\wxs_v85\repository\8.5.0-WS-WXS-WAS8-FP0000003" /></server><install modify='false'><offering id='com.ibm.websphere.WXS.was8.v85' profile='IBM WebSphere eXtreme Scale for WebSphere Application Server V8' features='xs.client.core.feature,xs.client.feature,xs.server.core.feature,xs.server.feature'  installFixes='none'/></install><profile id='IBM WebSphere eXtreme Scale for WebSphere Application Server V8' installLocation='c:\was80'><data key='eclipseLocation' value='c:\was80'/><data key='user.import.profile' value='false'/><data key='cic.selector.nl' value='en'/></profile><preference name='com.ibm.cic.common.core.preferences.eclipseCache' value='C:\IBM_IMShared'/><preference name='com.ibm.cic.common.core.preferences.preserveDownloadedArtifacts' value='true'/></agent-input>