<?xml version="1.0" encoding="UTF-8"?>
<!-- 
	This sample program is provided AS IS and may be used, executed, copied and modified
	without royalty payment by customer
	(a) for its own instruction and study,
	(b) in order to develop applications designed to run with an IBM WebSphere product,
	either for customer's own internal use or for redistribution by customer, as part of such an
	application, in customer's own products.
	Licensed Materials - Property of IBM
	5724-J34 (C) COPYRIGHT International Business Machines Corp. 2012
-->

<objectGridConfig xmlns:xsi="http://www.w3.org/2001/XMLSchema-instance"
                  xsi:schemaLocation="http://ibm.com/ws/objectgrid/config ../objectGrid.xsd"
                  xmlns="http://ibm.com/ws/objectgrid/config">

  <objectGrids>
    <objectGrid name="ADPRM_Grid" txTimeout="30">
      <backingMap name="TypeRegistry.NONE.OPTIMISTIC" copyMode="COPY_TO_BYTES" 
          lockStrategy="OPTIMISTIC" 
          nullValuesSupported="true"/>

      <backingMap name="QueryCache.SiteProperty.NONE.OPTIMISTIC" copyMode="COPY_TO_BYTES" 
          lockStrategy="OPTIMISTIC" 
          nullValuesSupported="true" 
          pluginCollectionRef = "TimstampedGridData"/>

      <backingMap name="QueryCache.SiteTree.NONE.OPTIMISTIC" copyMode="COPY_TO_BYTES" 
          lockStrategy="OPTIMISTIC" 
          nullValuesSupported="true" 
          pluginCollectionRef = "TimstampedGridData"/>

      <backingMap name="QueryCache.SiteResource.NONE.OPTIMISTIC" copyMode="COPY_TO_BYTES" 
          lockStrategy="OPTIMISTIC" 
          nullValuesSupported="true" 
          pluginCollectionRef = "TimstampedGridData"/>
          
      <backingMap name="QueryCache.SiteNode.NONE.OPTIMISTIC" copyMode="COPY_TO_BYTES" 
          lockStrategy="OPTIMISTIC" 
          nullValuesSupported="true" 
          pluginCollectionRef = "TimstampedGridData"/>
          
      <backingMap name="QueryCache.Site.NONE.OPTIMISTIC" copyMode="COPY_TO_BYTES" 
          lockStrategy="OPTIMISTIC" 
          nullValuesSupported="true" 
          pluginCollectionRef = "TimstampedGridData"/>
          
      <backingMap name="QueryCache.SitePage.NONE.OPTIMISTIC" copyMode="COPY_TO_BYTES" 
          lockStrategy="OPTIMISTIC" 
          nullValuesSupported="true" 
          pluginCollectionRef = "TimstampedGridData"/>
          
      <backingMap name="QueryCache.SiteStyle.NONE.OPTIMISTIC" copyMode="COPY_TO_BYTES" 
          lockStrategy="OPTIMISTIC" 
          nullValuesSupported="true" 
          pluginCollectionRef = "TimstampedGridData"/>
          
      <backingMap name="QueryCache.SitePalette.NONE.OPTIMISTIC" copyMode="COPY_TO_BYTES" 
          lockStrategy="OPTIMISTIC" 
          nullValuesSupported="true" 
          pluginCollectionRef = "TimstampedGridData"/>

      <backingMap name=".*\.CREATION\.OPTIMISTIC" template="true" readOnly="false" 
          lockTimeout="15" lockStrategy="OPTIMISTIC"
          ttlEvictorType="CREATION_TIME" timeToLive="3600"
          copyMode="COPY_TO_BYTES"/>
           
      <backingMap name=".*\.LAST_ACCESS.OPTIMISTIC" template="true" readOnly="false" 
          lockTimeout="15" lockStrategy="OPTIMISTIC"
          ttlEvictorType="LAST_ACCESS_TIME" timeToLive="3600"
          copyMode="COPY_TO_BYTES"/>
           
      <backingMap name=".*\.LAST_UPDATE\.OPTIMISTIC" template="true" readOnly="false" 
          lockTimeout="15" lockStrategy="OPTIMISTIC" 
          ttlEvictorType="LAST_UPDATE_TIME" timeToLive="3600"
          copyMode="COPY_TO_BYTES"/>
          
      <backingMap name=".*\.NONE\.OPTIMISTIC" template="true" readOnly="false" 
          lockTimeout="15" lockStrategy="OPTIMISTIC"
          ttlEvictorType="NONE" 
          copyMode="COPY_TO_BYTES" />

      <backingMap name=".*\.CREATION\.PESSIMISTIC" template="true" readOnly="false" 
          lockTimeout="15" lockStrategy="PESSIMISTIC" 
          ttlEvictorType="CREATION_TIME" timeToLive="3600" 
          copyMode="COPY_TO_BYTES"/>
           
      <backingMap name=".*\.LAST_ACCESS.PESSIMISTIC" template="true" readOnly="false" 
          lockTimeout="15" lockStrategy="PESSIMISTIC" 
          ttlEvictorType="LAST_ACCESS_TIME" timeToLive="3600" 
          copyMode="COPY_TO_BYTES"/>
           
      <backingMap name=".*\.LAST_UPDATE\.PESSIMISTIC" template="true" readOnly="false" 
          lockTimeout="15" lockStrategy="PESSIMISTIC" 
          ttlEvictorType="LAST_UPDATE_TIME" timeToLive="3600" 
          copyMode="COPY_TO_BYTES"/>
          
      <backingMap name=".*\.NONE\.PESSIMISTIC" template="true" readOnly="false" 
          lockTimeout="15" lockStrategy="PESSIMISTIC" 
          ttlEvictorType="NONE" 
          copyMode="COPY_TO_BYTES" />

    </objectGrid>
  </objectGrids>
  <backingMapPluginCollections>
    <backingMapPluginCollection id="SitePropertyIndex">
      </backingMapPluginCollection>
    <backingMapPluginCollection id="SiteResourceIndex">
    </backingMapPluginCollection>
    <backingMapPluginCollection id="SiteNodeIndex">
    </backingMapPluginCollection>
    <backingMapPluginCollection id="TimstampedGridData">
    </backingMapPluginCollection>

  </backingMapPluginCollections>
</objectGridConfig>
