<?xml version="1.0" encoding="UTF-8"?>
<Configuration>
  <Appenders>
    <File name="ADP" fileName="${sys:catalina.home}/logs/adp.log4j" append="true">
      <PatternLayout pattern="%d{MM-dd-yyyy HH:mm:ss.SSS} [%level{length=1}] ++%X{INST}++ %X{TAG} th%6X{TId} => %m%n"/>
    </File>
    <File name="3PTY" fileName="${sys:catalina.home}/logs/tomcat.log4j" append="true">
      <PatternLayout pattern="%d{MM-dd-yyyy HH:mm:ss.SSS} [%level{length=1}] ++%X{INST}++ %X{TAG} th%6X{TId} => %m%n"/>
    </File>
    <File name="CATCHALL" fileName="${sys:catalina.home}/logs/catchall.log4j" append="true">
      <PatternLayout pattern="%d{MM-dd-yyyy HH:mm:ss.SSS} [%level{length=1}] ++%X{INST}++ %X{TAG} th%6X{TId} => %m%n"/>
    </File>
    <Console name="STDOUT" target="SYSTEM_OUT">
      <PatternLayout pattern="%d{MM-dd-yyyy HH:mm:ss.SSS} [%level{length=1}] ++%X{INST}++ %X{TAG} th%6X{TId} => %m%n"/>
    </Console>
  </Appenders>
  <Loggers>
    <Logger name="com.airs" level="DEBUG" additivity="false">
       <AppenderRef ref="ADP" />
    </Logger>
    <Logger name="org.apache.jsp" level="INFO" additivity="false">
       <AppenderRef ref="ADP" />
    </Logger>
    <Logger name="org.apache.catalina" level="ERROR">
      <AppenderRef ref="3PTY" />
    </Logger>
    <Logger name="org.apache.log4j.xml" level="ERROR">
      <AppenderRef ref="3PTY"/>
    </Logger>
    <Root level="ERROR">
      <AppenderRef ref="STDOUT"/>
      <AppenderRef ref="CATCHALL" />
    </Root>
  </Loggers>
</Configuration>