<objectGridConfig xmlns:xsi="http://www.w3.org/2001/XMLSchema-instance"
                  xsi:schemaLocation="http://ibm.com/ws/objectgrid/config ../objectGrid.xsd"
                  xmlns="http://ibm.com/ws/objectgrid/config">

  <objectGrids>
    <objectGrid name="ADPRM_Grid" txTimeout="30">
      <backingMap name="TypeRegistry.NONE.OPTIMISTIC" copyMode="COPY_TO_BYTES" 
          lockStrategy="OPTIMISTIC" 
          nearCacheEnabled="true"
          nearCacheInvalidationEnabled="false" 
          nullValuesSupported="true"/>

      <backingMap name="QueryCache.SiteProperty.NONE.OPTIMISTIC" copyMode="COPY_TO_BYTES" 
          lockStrategy="OPTIMISTIC" 
          nearCacheEnabled="true"
          nearCacheInvalidationEnabled="false" 
          nullValuesSupported="true" 
          pluginCollectionRef = "NOVER"/>

      <backingMap name="QueryCache.SiteTree.NONE.OPTIMISTIC" copyMode="COPY_TO_BYTES" 
          lockStrategy="OPTIMISTIC" 
          nearCacheEnabled="true"
          nearCacheInvalidationEnabled="false" 
          nullValuesSupported="true" 
          pluginCollectionRef = "NOVER"/>

      <backingMap name="QueryCache.SiteResource.NONE.OPTIMISTIC" copyMode="COPY_TO_BYTES" 
          lockStrategy="OPTIMISTIC" 
          nearCacheEnabled="true"
          nearCacheInvalidationEnabled="false" 
          nullValuesSupported="true" 
          pluginCollectionRef = "NOVER"/>
          
      <backingMap name="QueryCache.SiteNode.NONE.OPTIMISTIC" copyMode="COPY_TO_BYTES" 
          lockStrategy="OPTIMISTIC" 
          nearCacheEnabled="true"
          nearCacheInvalidationEnabled="false" 
          nullValuesSupported="true" 
          pluginCollectionRef = "NOVER"/>
          
      <backingMap name="QueryCache.Site.NONE.OPTIMISTIC" copyMode="COPY_TO_BYTES" 
          lockStrategy="OPTIMISTIC" 
          nearCacheEnabled="true"
          nearCacheInvalidationEnabled="false" 
          nullValuesSupported="true" 
          pluginCollectionRef = "NOVER"/>
          
      <backingMap name="QueryCache.SitePage.NONE.OPTIMISTIC" copyMode="COPY_TO_BYTES" 
          lockStrategy="OPTIMISTIC" 
          nearCacheEnabled="true"
          nearCacheInvalidationEnabled="false" 
          nullValuesSupported="true" 
          pluginCollectionRef = "NOVER"/>
          
      <backingMap name="QueryCache.SiteStyle.NONE.OPTIMISTIC" copyMode="COPY_TO_BYTES" 
          lockStrategy="OPTIMISTIC" 
          nearCacheEnabled="true"
          nearCacheInvalidationEnabled="false" 
          nullValuesSupported="true" 
          pluginCollectionRef = "NOVER"/>
          
      <backingMap name="QueryCache.SitePalette.NONE.OPTIMISTIC" copyMode="COPY_TO_BYTES" 
          lockStrategy="OPTIMISTIC" 
          nearCacheEnabled="true"
          nearCacheInvalidationEnabled="false" 
          nullValuesSupported="true" 
          pluginCollectionRef = "NOVER"/>

      <backingMap name=".*\.CREATION\.OPTIMISTIC" template="true" readOnly="false" 
          lockTimeout="15" lockStrategy="OPTIMISTIC"
          nearCacheEnabled="true" 
          nearCacheInvalidationEnabled="false" 
          ttlEvictorType="CREATION_TIME" timeToLive="3600" 
          copyMode="COPY_TO_BYTES"/>
           
      <backingMap name=".*\.LAST_ACCESS.OPTIMISTIC" template="true" readOnly="false" 
          lockTimeout="15" lockStrategy="OPTIMISTIC"
          nearCacheEnabled="true" 
          nearCacheInvalidationEnabled="false"
          nearCacheLastAccessTTLSyncEnabled="false" 
          ttlEvictorType="LAST_ACCESS_TIME" timeToLive="3600" 
          copyMode="COPY_TO_BYTES"/>
           
      <backingMap name=".*\.LAST_UPDATE\.OPTIMISTIC" template="true" readOnly="false" 
          lockTimeout="15" lockStrategy="OPTIMISTIC" 
          nearCacheEnabled="true" 
          nearCacheInvalidationEnabled="false"
          nearCacheLastAccessTTLSyncEnabled="false" 
          ttlEvictorType="LAST_UPDATE_TIME" timeToLive="3600" 
          copyMode="COPY_TO_BYTES"/>
          
      <backingMap name=".*\.NONE\.OPTIMISTIC" template="true" readOnly="false" 
          lockTimeout="15" lockStrategy="OPTIMISTIC" 
          nearCacheEnabled="true" 
          nearCacheInvalidationEnabled="true"
          nearCacheLastAccessTTLSyncEnabled="false" 
          ttlEvictorType="NONE" 
          copyMode="COPY_TO_BYTES" />

      <backingMap name=".*\.CREATION\.PESSIMISTIC" template="true" readOnly="false" 
          lockTimeout="15" lockStrategy="PESSIMISTIC" 
          nearCacheInvalidationEnabled="false" 
          ttlEvictorType="CREATION_TIME" timeToLive="3600" 
          copyMode="COPY_TO_BYTES"/>
           
      <backingMap name=".*\.LAST_ACCESS.PESSIMISTIC" template="true" readOnly="false" 
          lockTimeout="15" lockStrategy="PESSIMISTIC" 
          nearCacheInvalidationEnabled="false" 
          ttlEvictorType="LAST_ACCESS_TIME" timeToLive="3600" 
          copyMode="COPY_TO_BYTES"/>
           
      <backingMap name=".*\.LAST_UPDATE\.PESSIMISTIC" template="true" readOnly="false" 
          lockTimeout="15" lockStrategy="PESSIMISTIC" 
          nearCacheInvalidationEnabled="false" 
          ttlEvictorType="LAST_UPDATE_TIME" timeToLive="3600" 
          copyMode="COPY_TO_BYTES"/>
          
      <backingMap name=".*\.NONE\.PESSIMISTIC" template="true" readOnly="false" 
          lockTimeout="15" lockStrategy="PESSIMISTIC" 
          nearCacheInvalidationEnabled="false" 
          ttlEvictorType="NONE" 
          copyMode="COPY_TO_BYTES" />
    </objectGrid>
    <objectGrid name="session" txTimeout="30">
			<bean id="ObjectGridEventListener" className="com.ibm.ws.xs.sessionmanager.SessionHandleManager"/>
      <backingMap name="objectgridSessionMetadata" pluginCollectionRef="objectgridSessionMetadata" readOnly="false" lockStrategy="PESSIMISTIC" ttlEvictorType="LAST_ACCESS_TIME" timeToLive="3600" copyMode="COPY_TO_BYTES"/>
      <backingMap name="objectgridSessionAttribute.*" template="true" readOnly="false" lockStrategy="PESSIMISTIC" ttlEvictorType="NONE" copyMode="COPY_TO_BYTES"/>
      <backingMap name="objectgridSessionTTL.*" template="true" readOnly="false" lockStrategy="PESSIMISTIC" ttlEvictorType="LAST_ACCESS_TIME" timeToLive="3600" copyMode="COPY_TO_BYTES"/>
    </objectGrid>
  </objectGrids>
  <backingMapPluginCollections>
    <backingMapPluginCollection id="SitePropertyIndex">
      <bean id="MapIndexPlugin"  className="com.ibm.websphere.objectgrid.plugins.index.HashIndex">
        <property name="Name" type="java.lang.String" value="SiteProperty.GUIDSiteIDSiteSiteLive" description="index name" />
        <property name="AttributeName" type="java.lang.String" value="guid,siteID,siteLive"   description="attribute name" />
        <property name="GlobalIndexEnabled" type="boolean" value="true"  description="true for global index" />
      </bean>
    </backingMapPluginCollection>
    <backingMapPluginCollection id="SiteResourceIndex">
      <bean id="MapIndexPlugin"  className="com.ibm.websphere.objectgrid.plugins.index.HashIndex">
        <property name="Name" type="java.lang.String" value="SiteResource.GUIDSiteIDSiteSiteLive" description="index name" />
        <property name="AttributeName" type="java.lang.String" value="guid,siteID,siteLive"   description="attribute name" />
        <property name="GlobalIndexEnabled" type="boolean" value="true"  description="true for global index" />
      </bean>
    </backingMapPluginCollection>
    <backingMapPluginCollection id="SiteNodeIndex">
      <bean id="MapIndexPlugin"  className="com.ibm.websphere.objectgrid.plugins.index.HashIndex">
        <property name="Name" type="java.lang.String" value="SiteNode.GUIDSiteIDSiteSiteLive" description="index name" />
        <property name="AttributeName" type="java.lang.String" value="guid,siteID,siteLive"   description="attribute name" />
        <property name="GlobalIndexEnabled" type="boolean" value="true"  description="true for global index" />
      </bean>
    </backingMapPluginCollection>
    <backingMapPluginCollection id="TimstampedGridData">
      <bean id="MapIndexPlugin"  className="com.ibm.websphere.objectgrid.plugins.index.HashIndex">
        <property name="Name" type="java.lang.String" value="TimstampedGridData.expiration" description="index name" />
        <property name="AttributeName" type="java.lang.String" value="expiration"   description="attribute name" />
        <property name="GlobalIndexEnabled" type="boolean" value="true"  description="true for global index" />
      </bean>
    </backingMapPluginCollection>
    <backingMapPluginCollection id="objectgridSessionMetadata">
        <bean id="MapEventListener" className="com.ibm.ws.xs.sessionmanager.MetadataMapListener"/>
    </backingMapPluginCollection>
    <backingMapPluginCollection id="NOVER">
        <bean id="OptimisticCallback" className="com.ibm.websphere.objectgrid.plugins.builtins.NoVersioningOptimisticCallback" />
    </backingMapPluginCollection>

  </backingMapPluginCollections>
</objectGridConfig>

