<?xml version="1.0" encoding="UTF-8"?>
<objectGridConfig xmlns:xsi="http://www.w3.org/2001/XMLSchema-instance" xsi:schemaLocation="http://ibm.com/ws/objectgrid/config ../objectGrid.xsd"
	xmlns="http://ibm.com/ws/objectgrid/config">
	<objectGrids>
		<objectGrid name="GRID" txTimeout="600"> 
			<backingMap name="IBM_DC_PARTITIONED_.*" template="true" readOnly="false" pluginCollectionRef="all" preloadMode="false" 
				lockStrategy="OPTIMISTIC" copyMode="COPY_ON_READ_AND_COMMIT" ttlEvictorType="NONE" 
				nullValuesSupported="false" />
				
		    <backingMap name="A" template="false" readOnly="false" pluginCollectionRef="A" preloadMode="false" 
				lockStrategy="OPTIMISTIC" copyMode="COPY_ON_READ_AND_COMMIT" ttlEvictorType="NONE" 
				nullValuesSupported="false" />
			<backingMap name="B" template="false" readOnly="false" pluginCollectionRef="B" preloadMode="false" 
				lockStrategy="OPTIMISTIC" copyMode="COPY_ON_READ_AND_COMMIT" ttlEvictorType="NONE" 
				nullValuesSupported="false" />
			<backingMap name="C" template="false" readOnly="false" pluginCollectionRef="C" preloadMode="false" 
				lockStrategy="OPTIMISTIC" copyMode="COPY_ON_READ_AND_COMMIT" ttlEvictorType="NONE" 
				nullValuesSupported="false" />
			<backingMap name="D" template="false" readOnly="false" pluginCollectionRef="D" preloadMode="false" 
				lockStrategy="OPTIMISTIC" copyMode="COPY_ON_READ_AND_COMMIT" ttlEvictorType="NONE" 
				nullValuesSupported="false" />
    </objectGrid>
	</objectGrids> 

	<backingMapPluginCollections>	
    	<backingMapPluginCollection id="all"> 
    		 <bean id="MapIndexPlugin" className="com.ibm.websphere.objectgrid.plugins.index.HashIndex">
               <property name="Name" type="java.lang.String" value="DEPENDENCY_ID_INDEX" description="index name" />
               <property name="RangeIndex" type="boolean" value="false" description="true for MapRangeIndex" />
               <property name="AttributeName" type="java.lang.String" value="Dependencies" description="attribute name" />
               <property name="GlobalIndexEnabled" type="boolean" value="true" description="required" />
            </bean> 
            <bean id="MapIndexPlugin" className="com.ibm.websphere.objectgrid.plugins.index.HashIndex">
               <property name="Name" type="java.lang.String" value="TEMPLATE_INDEX" description="index name" />
               <property name="RangeIndex" type="boolean" value="false" description="true for MapRangeIndex" />
               <property name="AttributeName" type="java.lang.String" value="TemplateSet" description="attribute name" />
               <property name="GlobalIndexEnabled" type="boolean" value="true" description="required" />
            </bean>     
		</backingMapPluginCollection>
		<backingMapPluginCollection id="A"> 
    		 <bean id="MapIndexPlugin" className="com.ibm.websphere.objectgrid.plugins.index.HashIndex">
               <property name="Name" type="java.lang.String" value="INDEX_CODE" description="index name" />
               <property name="RangeIndex" type="boolean" value="false" description="true for MapRangeIndex" />
               <property name="AttributeName" type="java.lang.String" value="CODE" description="attribute name" />
               <property name="GlobalIndexEnabled" type="boolean" value="true" description="required" />
           </bean> 
		</backingMapPluginCollection>
		<backingMapPluginCollection id="B"> 
    		 <bean id="MapIndexPlugin" className="com.ibm.websphere.objectgrid.plugins.index.HashIndex">
               <property name="Name" type="java.lang.String" value="INDEX_CODE" description="index name" />
               <property name="RangeIndex" type="boolean" value="false" description="true for MapRangeIndex" />
               <property name="AttributeName" type="java.lang.String" value="CODE" description="attribute name" />
               <property name="GlobalIndexEnabled" type="boolean" value="true" description="required" />
           </bean> 
		</backingMapPluginCollection>
		<backingMapPluginCollection id="C"> 
		</backingMapPluginCollection>
		<backingMapPluginCollection id="D"> 
		</backingMapPluginCollection>
	</backingMapPluginCollections>

</objectGridConfig>