<?xml version="1.0" encoding="UTF-8"?>
<objectGridConfig xmlns:xsi="http://www.w3.org/2001/XMLSchema-instance" xsi:schemaLocation="http://ibm.com/ws/objectgrid/config ../objectGrid.xsd"
	xmlns="http://ibm.com/ws/objectgrid/config">
	<objectGrids>
		<objectGrid name="AgentObjectGrid">
			<backingMap name="agent" nearCacheEnabled="false" readOnly="false" pluginCollectionRef="agent" preloadMode="false" lockStrategy="OPTIMISTIC" copyMode="COPY_ON_READ_AND_COMMIT" />
   		</objectGrid>
	</objectGrids>

	<backingMapPluginCollections>
		<backingMapPluginCollection id="agent">
                        <bean id="ObjectTransformer" className="com.ibm.ws.objectgrid.test.scenario.AgentObjectTransformer" />
		</backingMapPluginCollection>
	</backingMapPluginCollections>

</objectGridConfig>

