<?xml version="1.0" encoding="UTF-8"?>
<objectGridConfig xmlns:xsi="http://www.w3.org/2001/XMLSchema-instance" xsi:schemaLocation="http://ibm.com/ws/objectgrid/config ../objectGrid.xsd"
	xmlns="http://ibm.com/ws/objectgrid/config">
	<objectGrids>
		<objectGrid name="AgentObjectGrid">
			<backingMap name="agent" readOnly="false" pluginCollectionRef="agent" preloadMode="false" lockStrategy="OPTIMISTIC" copyMode="COPY_ON_READ_AND_COMMIT" ttlEvictorType="LAST_ACCESS_TIME" timeToLive="28800" />
			<backingMap name="profile" readOnly="false" pluginCollectionRef="profile" preloadMode="false" lockStrategy="OPTIMISTIC" copyMode="COPY_ON_READ_AND_COMMIT" ttlEvictorType="LAST_ACCESS_TIME" timeToLive="57600" />

			<querySchema>
    			<mapSchemas>
			    	<mapSchema mapName="agent" valueClass="com.ibm.ws.objectgrid.test.scenario.Agent" primaryKeyField="agentID" />
			    	<mapSchema mapName="profile" valueClass="com.ibm.ws.objectgrid.test.scenario.Profile" primaryKeyField="profileID" />
	     		</mapSchemas>
			</querySchema>
   		</objectGrid>
	</objectGrids>

	<backingMapPluginCollections>
		<backingMapPluginCollection id="agent">
			<bean id="ObjectTransformer" className="com.ibm.ws.objectgrid.test.scenario.AgentObjectTransformer" />
                </backingMapPluginCollection>
		<backingMapPluginCollection id="profile">
			<bean id="ObjectTransformer" className="com.ibm.ws.objectgrid.test.scenario.ProfileObjectTransformer" />
			<bean id="Evictor" className="com.ibm.websphere.objectgrid.plugins.builtins.LRUEvictor">
				<property name="maxSize" type="int" value="2000" description="set max size for LRU evictor" />
				<property name="sleepTime" type="int" value="15" description="evictor thread sleep time" />
				<property name="numberOfLRUQueues" type="int" value="50" description="set number of LRU queues" />
			</bean>
		</backingMapPluginCollection>
	</backingMapPluginCollections>

</objectGridConfig>

