<?xml version="1.0" encoding="UTF-8"?>
<objectGridConfig xmlns:xsi="http://www.w3.org/2001/XMLSchema-instance" xsi:schemaLocation="http://ibm.com/ws/objectgrid/config ../objectGrid.xsd"
	xmlns="http://ibm.com/ws/objectgrid/config">
	 
	<objectGrids>
		<objectGrid name="AgentObjectGrid" entityMetadataXMLFile="em-emd-scenario-fieldAccess.xml" > 
   		</objectGrid>
	</objectGrids>
        
	<!-- 
	<objectGrids>
		<objectGrid name="AgentObjectGrid" entityMetadataXMLFile="em-emd-scenario-fieldAccess.xml" > 
			<backingMap name="agent" numberOfBuckets="0" />
			<backingMap name="profile" numberOfBuckets="0" />	
   		</objectGrid>
	</objectGrids>
         -->
</objectGridConfig>

