<?xml version="1.0" encoding="UTF-8"?>
<objectGridConfig xmlns:xsi="http://www.w3.org/2001/XMLSchema-instance" xsi:schemaLocation="http://ibm.com/ws/objectgrid/config ../objectGrid.xsd"
    xmlns="http://ibm.com/ws/objectgrid/config">
    <objectGrids>
        <objectGrid name="WXSDemo" txTimeout="30">
            <backingMap name="WXSDemo" readOnly="false" lockStrategy="NONE" ttlEvictorType="LAST_ACCESS_TIME" timeToLive="86400" copyMode="COPY_TO_BYTES"  />
            <backingMap name="WXSDemo.NCI" readOnly="false" lockStrategy="NONE" nearCacheInvalidationEnabled="true" ttlEvictorType="LAST_ACCESS_TIME" timeToLive="86400" copyMode="COPY_TO_BYTES"  />
            <backingMap name="WXSDemo.NoNC" readOnly="false" lockStrategy="NONE" nearCacheEnabled="false" ttlEvictorType="LAST_ACCESS_TIME" timeToLive="86400" copyMode="COPY_TO_BYTES"  />
            <backingMap name=".*\.CT" template="true" readOnly="false" lockStrategy="NONE" ttlEvictorType="CREATION_TIME" timeToLive="86400" copyMode="COPY_TO_BYTES" />    
            <backingMap name=".*\.LAT" template="true" readOnly="false" lockStrategy="NONE" ttlEvictorType="LAST_ACCESS_TIME" timeToLive="86400" copyMode="COPY_TO_BYTES" />   
            <backingMap name=".*\.LUT" template="true" readOnly="false" lockStrategy="NONE" ttlEvictorType="LAST_UPDATE_TIME" timeToLive="86400" copyMode="COPY_TO_BYTES" />
            <backingMap name=".*\.NONE" template="true" readOnly="false" lockStrategy="NONE" ttlEvictorType="NONE" copyMode="COPY_TO_BYTES" /> 
            <backingMap name=".*\.CT\.P" template="true" readOnly="false" lockTimeout="10" lockStrategy="PESSIMISTIC" ttlEvictorType="CREATION_TIME" timeToLive="86400" copyMode="COPY_TO_BYTES" />    
            <backingMap name=".*\.LAT\.P" template="true" readOnly="false" lockTimeout="10" lockStrategy="PESSIMISTIC" ttlEvictorType="LAST_ACCESS_TIME" timeToLive="86400" copyMode="COPY_TO_BYTES" />   
            <backingMap name=".*\.LUT\.P" template="true" readOnly="false" lockTimeout="10" lockStrategy="PESSIMISTIC" ttlEvictorType="LAST_UPDATE_TIME" timeToLive="86400" copyMode="COPY_TO_BYTES" />
            <backingMap name=".*\.NONE\.P" template="true" readOnly="false" lockTimeout="10" lockStrategy="PESSIMISTIC" ttlEvictorType="NONE" copyMode="COPY_TO_BYTES" /> 
            <backingMap name=".*\.CT\.O" template="true" readOnly="false" lockTimeout="10" lockStrategy="OPTIMISTIC" ttlEvictorType="CREATION_TIME" timeToLive="86400" copyMode="COPY_TO_BYTES" pluginCollectionRef="NOVER" />    
            <backingMap name=".*\.LAT\.O" template="true" readOnly="false" lockTimeout="10" lockStrategy="OPTIMISTIC" ttlEvictorType="LAST_ACCESS_TIME" timeToLive="86400" copyMode="COPY_TO_BYTES" pluginCollectionRef="NOVER" />   
            <backingMap name=".*\.LUT\.O" template="true" readOnly="false" lockTimeout="10" lockStrategy="OPTIMISTIC" ttlEvictorType="LAST_UPDATE_TIME" timeToLive="86400" copyMode="COPY_TO_BYTES" pluginCollectionRef="NOVER" />
            <backingMap name=".*\.NONE\.O" template="true" readOnly="false" lockTimeout="10" lockStrategy="OPTIMISTIC" ttlEvictorType="NONE" copyMode="COPY_TO_BYTES" pluginCollectionRef="NOVER" />
            <backingMap name=".*\.CT\.NCI" template="true" readOnly="false" lockStrategy="NONE" nearCacheInvalidationEnabled="true" ttlEvictorType="CREATION_TIME" timeToLive="86400" copyMode="COPY_TO_BYTES" />    
            <backingMap name=".*\.LAT\.NCI" template="true" readOnly="false" lockStrategy="NONE" nearCacheInvalidationEnabled="true" ttlEvictorType="LAST_ACCESS_TIME" timeToLive="86400" copyMode="COPY_TO_BYTES" />   
            <backingMap name=".*\.LUT\.NCI" template="true" readOnly="false" lockStrategy="NONE" nearCacheInvalidationEnabled="true" ttlEvictorType="LAST_UPDATE_TIME" timeToLive="86400" copyMode="COPY_TO_BYTES" />
            <backingMap name=".*\.NONE\.NCI" template="true" readOnly="false" lockStrategy="NONE" nearCacheInvalidationEnabled="true" ttlEvictorType="NONE" copyMode="COPY_TO_BYTES" /> 
            <backingMap name=".*\.CT\.O\.NCI" template="true" readOnly="false" lockTimeout="10" lockStrategy="OPTIMISTIC" nearCacheInvalidationEnabled="true" ttlEvictorType="CREATION_TIME" timeToLive="86400" copyMode="COPY_TO_BYTES" pluginCollectionRef="NOVER" />    
            <backingMap name=".*\.LAT\.O\.NCI" template="true" readOnly="false" lockTimeout="10" lockStrategy="OPTIMISTIC" nearCacheInvalidationEnabled="true" ttlEvictorType="LAST_ACCESS_TIME" timeToLive="86400" copyMode="COPY_TO_BYTES" pluginCollectionRef="NOVER" />   
            <backingMap name=".*\.LUT\.O\.NCI" template="true" readOnly="false" lockTimeout="10" lockStrategy="OPTIMISTIC" nearCacheInvalidationEnabled="true" ttlEvictorType="LAST_UPDATE_TIME" timeToLive="86400" copyMode="COPY_TO_BYTES" pluginCollectionRef="NOVER" />
            <backingMap name=".*\.NONE\.O\.NCI" template="true" readOnly="false" lockTimeout="10" lockStrategy="OPTIMISTIC" nearCacheInvalidationEnabled="true" ttlEvictorType="NONE" copyMode="COPY_TO_BYTES" pluginCollectionRef="NOVER" />
            <backingMap name="IBM_WXS_GLOBAL_INDEX_.*" template="true" lockTimeout="10" lockStrategy="PESSIMISTIC" copyMode="COPY_TO_BYTES" />                      
        </objectGrid>
    </objectGrids>
    <backingMapPluginCollections>
         <backingMapPluginCollection id="NOVER">
            <bean id="OptimisticCallback" className="com.ibm.websphere.objectgrid.plugins.builtins.NoVersioningOptimisticCallback" />
         </backingMapPluginCollection>
    </backingMapPluginCollections>
</objectGridConfig>
