<?xml version="1.0" encoding="UTF-8"?>
<persistence xmlns="http://java.sun.com/xml/ns/persistence" xmlns:xsi="http://www.w3.org/2001/XMLSchema-instance"
  version="1.0"
  xsi:schemaLocation="http://java.sun.com/xml/ns/persistence http://java.sun.com/xml/ns/persistence/persistence_1_0.xsd">
  <persistence-unit name="AnnuityGrid" transaction-type="RESOURCE_LOCAL">
    <provider>org.hibernate.ejb.HibernatePersistence</provider>
   	
    <jta-data-source>jdbc/AnnuityDB</jta-data-source>


    <class>com.ibm.wssvt.acme.annuity.common.bean.jpa.AnnuityPersistebleObject</class>
    <class>com.ibm.wssvt.acme.annuity.common.bean.jpa.Annuity</class>
    <class>com.ibm.wssvt.acme.annuity.common.bean.jpa.FixedAnnuity</class>
    <class>com.ibm.wssvt.acme.annuity.common.bean.jpa.EquityAnnuity</class>
    <class>com.ibm.wssvt.acme.annuity.common.bean.jpa.Payout</class>
    <class>com.ibm.wssvt.acme.annuity.common.bean.jpa.Rider</class>
    <class>com.ibm.wssvt.acme.annuity.common.bean.jpa.Payor</class>
    <class>com.ibm.wssvt.acme.annuity.common.bean.jpa.Person</class>
    <class>com.ibm.wssvt.acme.annuity.common.bean.jpa.AnnuityHolder</class>
    <class>com.ibm.wssvt.acme.annuity.common.bean.jpa.Contact</class>
    <class>com.ibm.wssvt.acme.annuity.common.bean.jpa.Address</class>

    <exclude-unlisted-classes>true</exclude-unlisted-classes>

    <properties>      
      <property name="org.hibernate.tool.hbm2ddl" value="true" />
      <property name="hibernate.default_schema" value="EJB30" />     

      <property name="hibernate.transaction.factory_class" value="org.hibernate.transaction.JTATransactionFactory" />
      <property name="hibernate.transaction.manager_lookup_class" value="org.hibernate.transaction.WebSphereTransactionManagerLookup" />
      <property name="jta.UserTransaction" value="java:comp/UserTransaction" />
      
      <!-- SQL dialect -->
      <property name="hibernate.dialect" value="org.hibernate.dialect.DB2Dialect" />

      <!-- Cache -->
      <property name="hibernate.cache.provider_class"
        value="com.ibm.websphere.objectgrid.hibernate.cache.ObjectGridHibernateCacheProvider" />
      <property name="hibernate.cache.use_query_cache" value="true" />
      <property name="objectgrid.configuration"
        value="ObjectGridName=Annuity, ObjectGridType=EMBEDDED_PARTITION, ReplicaMode=ASYNC, ReplicaReadEnabled=true" />
    </properties>


  </persistence-unit>

  <persistence-unit name="AnnuityGrid2" transaction-type="RESOURCE_LOCAL">
    <provider>org.hibernate.ejb.HibernatePersistence</provider>
    
    <jta-data-source>jdbc/AnnuityDB</jta-data-source>

    <class>com.ibm.wssvt.acme.annuity.common.bean.jpa.AnnuityPersistebleObject</class>
    <class>com.ibm.wssvt.acme.annuity.common.bean.jpa.Annuity</class>
    <class>com.ibm.wssvt.acme.annuity.common.bean.jpa.FixedAnnuity</class>
    <class>com.ibm.wssvt.acme.annuity.common.bean.jpa.EquityAnnuity</class>
    <class>com.ibm.wssvt.acme.annuity.common.bean.jpa.Payout</class>
    <class>com.ibm.wssvt.acme.annuity.common.bean.jpa.Rider</class>
    <class>com.ibm.wssvt.acme.annuity.common.bean.jpa.Payor</class>
    <class>com.ibm.wssvt.acme.annuity.common.bean.jpa.Person</class>
    <class>com.ibm.wssvt.acme.annuity.common.bean.jpa.AnnuityHolder</class>
    <class>com.ibm.wssvt.acme.annuity.common.bean.jpa.Contact</class>
    <class>com.ibm.wssvt.acme.annuity.common.bean.jpa.Address</class>

    <exclude-unlisted-classes>true</exclude-unlisted-classes>

    <properties>
      <!--
      <property name="hibernate.connection.url" value="jdbc:db2://jcheng8:50000/Annuity" />
      <property name="hibernate.connection.driver_class" value="com.ibm.db2.jcc.DB2Driver" />
      <property name="hibernate.connection.username" value="cheng1" />
      <property name="hibernate.connection.password" value="rochest3r" />
      -->  
      <property name="hibernate.show_sql" value="true" />
      <property name="org.hibernate.tool.hbm2ddl" value="true" />
      <property name="org.hibernate.SQL" value="DEBUG" />
      <property name="hibernate.default_schema" value="EJB30" />
      <property name="hibernate.use_sql_comments" value="true" />
      
      <property name="hibernate.transaction.factory_class" value="org.hibernate.transaction.JTATransactionFactory" />
      <property name="hibernate.transaction.manager_lookup_class" value="org.hibernate.transaction.WebSphereTransactionManagerLookup " />

    
      <property name="hibernate.show_sql" value="true" />
 
      <!-- SQL dialect -->
      <property name="hibernate.dialect" value="org.hibernate.dialect.DB2Dialect" />

      <!-- Cache -->
      <property name="hibernate.cache.provider_class"
        value="com.ibm.websphere.objectgrid.hibernate.cache.ObjectGridHibernateCacheProvider" />
      <property name="hibernate.cache.use_query_cache" value="true" />
      <property name="objectgrid.configuration" value="ObjectGridName=Annuity2" />
    </properties>

  </persistence-unit>
</persistence>

