<?xml version="1.0" encoding="UTF-8"?>

<persistence version="1.0" xmlns="http://java.sun.com/xml/ns/persistence" xmlns:xsi="http://www.w3.org/2001/XMLSchema-instance" xsi:schemaLocation="http://java.sun.com/xml/ns/persistence http://java.sun.com/xml/ns/persistence/persistence_1_0.xsd">
  
<persistence-unit name="JEE5Prims-ejbPU" transaction-type="JTA">
    
<jta-data-source>jdbc/TradeDataSource</jta-data-source>
    
<class>com.ibm.performance.primitives.jee5.ejb.entity.Accountejb</class>
    
<class>com.ibm.performance.primitives.jee5.ejb.entity.Accountejb2</class>
    
<class>com.ibm.performance.primitives.jee5.ejb.entity.Accountejb3</class>
    
<class>com.ibm.performance.primitives.jee5.ejb.entity.Accountprofileejb</class>
    
<class>com.ibm.performance.primitives.jee5.ejb.entity.Holdingejb</class>
    
<class>com.ibm.performance.primitives.jee5.ejb.entity.Holdingejb2</class>
    
<class>com.ibm.performance.primitives.jee5.ejb.entity.Holdingejb3</class>
    
<class>com.ibm.performance.primitives.jee5.ejb.entity.Orderejb</class>
   
 <class>com.ibm.performance.primitives.jee5.ejb.entity.Quoteejb</class>
    
<class>com.ibm.performance.primitives.jee5.ejb.entity.Quoteejb2</class>
    
<class>com.ibm.performance.primitives.jee5.ejb.entity.Quoteejb3</class>
    
    <properties>

      <property name="openjpa.jdbc.DBDictionary" value="db2"/>

      <property name="openjpa.BrokerImpl" value="non-finalizing"/>

<!--
      <property name="openjpa.jdbc.QuerySQLCache" value="true"/>
      <property name="openjpa.DataCache" value="true(CacheSize=10000)"/>
      <property name="openjpa.RemoteCommitProvider" value="sjvm"/>

        <property name="openjpa.DataCache" 
  	        value="com.ibm.websphere.objectgrid.openjpa.ObjectGridDataCache(ObjectGridName=JEE5Prims-ejbPU)"/>  			
  	<property name="openjpa.RemoteCommitProvider" value="sjvm"/>  
  	<property name="openjpa.QueryCache"
  		value="com.ibm.websphere.objectgrid.openjpa.ObjectGridQueryCache()"/>
 -->     
    </properties>

  </persistence-unit>

</persistence>
