<?xml version="1.0" encoding="UTF-8"?>

<persistence version="1.0" xmlns="http://java.sun.com/xml/ns/persistence" xmlns:xsi="http://www.w3.org/2001/XMLSchema-instance" xsi:schemaLocation="http://java.sun.com/xml/ns/persistence http://java.sun.com/xml/ns/persistence/persistence_1_0.xsd">
  
<persistence-unit name="JEE5Prims-ejbPU" transaction-type="JTA">
<provider>org.hibernate.ejb.HibernatePersistence</provider>
    
<jta-data-source>jdbc/TradeDataSource</jta-data-source>
    
<class>com.ibm.performance.primitives.jee5.ejb.entity.Accountejb</class>
    
<class>com.ibm.performance.primitives.jee5.ejb.entity.Accountejb2</class>
    
<class>com.ibm.performance.primitives.jee5.ejb.entity.Accountejb3</class>
    
<class>com.ibm.performance.primitives.jee5.ejb.entity.Accountprofileejb</class>
    
<class>com.ibm.performance.primitives.jee5.ejb.entity.Holdingejb</class>
    
<class>com.ibm.performance.primitives.jee5.ejb.entity.Holdingejb2</class>
    
<class>com.ibm.performance.primitives.jee5.ejb.entity.Holdingejb3</class>
    
<class>com.ibm.performance.primitives.jee5.ejb.entity.Orderejb</class>
   
 <class>com.ibm.performance.primitives.jee5.ejb.entity.Quoteejb</class>
    
<class>com.ibm.performance.primitives.jee5.ejb.entity.Quoteejb2</class>
    
<class>com.ibm.performance.primitives.jee5.ejb.entity.Quoteejb3</class>

<exclude-unlisted-classes>true</exclude-unlisted-classes>
    
    <properties>
      <!--
      <property name="hibernate.show_sql" value="true" />
      <property name="org.hibernate.tool.hbm2ddl" value="true" />
      <property name="org.hibernate.SQL" value="DEBUG" />
      <property name="hibernate.default_schema" value="EJB30" />
      <property name="hibernate.use_sql_comments" value="true" />
      -->
      
      <!-- <property name="hibernate.transaction.factory_class" value="org.hibernate.transaction.CMTTransactionFactory" />  -->
      <property name="hibernate.transaction.manager_lookup_class" value="org.hibernate.transaction.WebSphereTransactionManagerLookup" />
      <!-- <property name="jta.UserTransaction" value="java:comp/UserTransaction" /> -->
      

      <!-- SQL dialect -->
      <property name="hibernate.dialect" value="org.hibernate.dialect.DB2Dialect" />
      
      <!-- Cache -->
      <!--
      <property name="hibernate.cache.provider_class" value="org.hibernate.cache.EhCacheProvider" />
       -->
      
      <property name="hibernate.cache.provider_class" value="com.ibm.websphere.objectgrid.hibernate.cache.ObjectGridHibernateCacheProvider" />
      <property name="objectgrid.configuration" value="ObjectGridName=JEE5Prims-ejbPU" />
      
      
      <property name="hibernate.cache.use_query_cache" value="true" />
      
      <!-- When no cache.provider_class property, both use_second_level_cache and use_query_cache must be false
      <property name="hibernate.cache.use_second_level_cache" value="false" />
      <property name="hibernate.cache.use_query_cache" value="false" />
      -->
        
    </properties>

  </persistence-unit>

</persistence>
