<?xml version="1.0" encoding="ISO-8859-1"?>
<!-- This file was automatically generated by Cell01_11415064674916/CustomNode_11415064674917/ODR_01 on Tue Nov 04 23:48:30 UTC 2014 -->
<Config ASDisableNagle="false" AcceptAllContent="true" AppServerPortPreference="HostHeader" ChunkedResponse="false" IISDisableNagle="false" IISPluginPriority="High" IgnoreDNSFailures="false" MarkBusyDown="false" RefreshInterval="60" ResponseChunkSize="64" TrustedProxyEnable="false" VHostMatchingCompat="false">
   <Log LogLevel="Error" Name="/opt/IBM/WebSphere/Profiles/Custom01/logs/http_plugin.log"/>
   <!-- Properties -->
   <Property Name="ESIEnable" Value="true"/>
   <Property Name="ESIMaxCacheSize" Value="1024"/>
   <Property Name="ESIInvalidationMonitor" Value="false"/>
   <!-- Server Clusters -->
   <ServerCluster Name="AllOdrsCluster" CloneSeparatorChange="false" LoadBalance="Round Robin" PostSizeLimit="-1" RemoveSpecialHeaders="true" RetryInterval="60">
      <Server Name="Cell01_11415064674916_CustomNode_11415064674917_ODR_01" ConnectTimeout="0" ExtendedHandshake="false" MaxConnections="-1" WaitForContinue="false" LoadBalanceWeight="1">
         <Transport Hostname="pas01-grp042.aimsrv.net" Port ="1024" Protocol ="http"/>
         <Transport Hostname="pas01-grp042.aimsrv.net" Port ="1025" Protocol ="https">
            <Property Name="keyring" Value="/opt/IBM/WebSphere/Profiles/Custom01/etc/plugin-key.kdb"/>
            <Property Name="stashfile" Value="/opt/IBM/WebSphere/Profiles/Custom01/etc/plugin-key.sth"/>
         </Transport>
      </Server>
      <Server Name="Cell01_11415064674916_CustomNode_11415064674917_ODR_02" ConnectTimeout="0" ExtendedHandshake="false" MaxConnections="-1" WaitForContinue="false" LoadBalanceWeight="2">
         <Transport Hostname="pas01-grp042.aimsrv.net" Port ="1026" Protocol ="http"/>
         <Transport Hostname="pas01-grp042.aimsrv.net" Port ="1027" Protocol ="https">
            <Property Name="keyring" Value="/opt/IBM/WebSphere/Profiles/Custom01/etc/plugin-key.kdb"/>
            <Property Name="stashfile" Value="/opt/IBM/WebSphere/Profiles/Custom01/etc/plugin-key.sth"/>
         </Transport>
      </Server>
      <PrimaryServers>
         <Server Name="Cell01_11415064674916_CustomNode_11415064674917_ODR_01"/>
         <Server Name="Cell01_11415064674916_CustomNode_11415064674917_ODR_02"/>
      </PrimaryServers>
      <BackupServers>
      </BackupServers>
   </ServerCluster>
   <!-- Trusted Proxy Groups -->
   <TrustedProxyGroup>
      <TrustedProxy name="pas01-grp040.aimsrv.net"/>
   </TrustedProxyGroup>
   <!-- Virtual Host Groups -->
   <VirtualHostGroup Name="/cell/Cell01_11415064674916/vHostGroup/default_host">
      <VirtualHost Name="*:9080"/>
      <VirtualHost Name="*:80"/>
      <VirtualHost Name="*:9443"/>
      <VirtualHost Name="*:5060"/>
      <VirtualHost Name="*:5061"/>
      <VirtualHost Name="*:443"/>
      <VirtualHost Name="pas01-grp042.aimsrv.net:9080"/>
      <VirtualHost Name="pas01-grp042.aimsrv.net:80"/>
      <VirtualHost Name="pas01-grp042.aimsrv.net:9443"/>
      <VirtualHost Name="pas01-grp042.aimsrv.net:5060"/>
      <VirtualHost Name="pas01-grp042.aimsrv.net:5061"/>
      <VirtualHost Name="pas01-grp042.aimsrv.net:443"/>
      <VirtualHost Name="*:9081"/>
      <VirtualHost Name="*:1024"/>
      <VirtualHost Name="*:1025"/>
      <VirtualHost Name="*:1026"/>
      <VirtualHost Name="*:1027"/>
   </VirtualHostGroup>
   <VirtualHostGroup Name="/cell/Cell01_11415064674916/vHostGroup/admin_host">
      <VirtualHost Name="*:9060"/>
      <VirtualHost Name="*:9043"/>
   </VirtualHostGroup>
   <VirtualHostGroup Name="/cell/Cell01_11415064674916/vHostGroup/proxy_host">
      <VirtualHost Name="*:80"/>
      <VirtualHost Name="*:443"/>
   </VirtualHostGroup>
   <!-- URI Groups -->
   <UriGroup Name="/cell/Cell01_11415064674916/application/OTiS/webModule/OTiSWebApp.war">
      <Uri Name="/otis/*"/>
   </UriGroup>
   <UriGroup Name="/cell/Cell01_11415064674916/application/HttpSessionSample_war/webModule/HttpSessionSample.war">
      <Uri Name="/HttpSessionSample/*"/>
   </UriGroup>
   <UriGroup Name="/cell/Cell01_11415064674916/application/ibmasyncrsp/webModule/ibmasyncrsp.war">
      <Uri Name="/IBM_WS_SYS_RESPONSESERVLET/*.jsp"/>
      <Uri Name="/IBM_WS_SYS_RESPONSESERVLET/*.jsv"/>
      <Uri Name="/IBM_WS_SYS_RESPONSESERVLET/*.jsw"/>
      <Uri Name="/IBM_WS_SYS_RESPONSESERVLET/j_security_check"/>
      <Uri Name="/IBM_WS_SYS_RESPONSESERVLET/ibm_security_logout"/>
   </UriGroup>
   <UriGroup Name="/cell/Cell01_11415064674916/application/isclite/webModule/isclite.war">
      <Uri Name="/ibm/console/*"/>
   </UriGroup>
   <UriGroup Name="/cell/Cell01_11415064674916/application/isclite/webModule/adminredirector.war">
      <Uri Name="/admin/*"/>
   </UriGroup>
   <UriGroup Name="/cell/Cell01_11415064674916/application/isclite/webModule/iehs.war">
      <Uri Name="/ibm/help/*.jsp"/>
      <Uri Name="/ibm/help/*.jsv"/>
      <Uri Name="/ibm/help/*.jsw"/>
      <Uri Name="/ibm/help/j_security_check"/>
      <Uri Name="/ibm/help/ibm_security_logout"/>
      <Uri Name="/ibm/help/servlet/*"/>
      <Uri Name="/ibm/help/*.jsp"/>
   </UriGroup>
   <UriGroup Name="/cell/Cell01_11415064674916/application/isclite/webModule/ISCAdminPortlet.war">
      <Uri Name="/ISCAdminPortlet/*"/>
   </UriGroup>
   <UriGroup Name="/cell/Cell01_11415064674916/application/isclite/webModule/WIMPortlet.war">
      <Uri Name="/wim/*"/>
   </UriGroup>
   <UriGroup Name="/cell/Cell01_11415064674916/application/isclite/webModule/wasportlet.war">
      <Uri Name="/wasportlet/*"/>
   </UriGroup>
   <UriGroup Name="/cell/Cell01_11415064674916/application/isclite/webModule/xsportlet.war">
      <Uri Name="/xsportlet/*"/>
   </UriGroup>
   <UriGroup Name="/cell/Cell01_11415064674916/application/filetransferSecured/webModule/filetransfer.war">
      <Uri Name="/FileTransfer/*"/>
   </UriGroup>
   <UriGroup Name="/cell/Cell01_11415064674916/application/MiddlewareAgentServices/webModule/MiddlewareAgentWebapp.war">
      <Uri Name="/MiddlewareAgentRPCService/*.jsp"/>
      <Uri Name="/MiddlewareAgentRPCService/*.jsv"/>
      <Uri Name="/MiddlewareAgentRPCService/*.jsw"/>
      <Uri Name="/MiddlewareAgentRPCService/j_security_check"/>
      <Uri Name="/MiddlewareAgentRPCService/ibm_security_logout"/>
      <Uri Name="/MiddlewareAgentRPCService/servlet/*"/>
      <Uri Name="/MiddlewareAgentRPCService/noadmin/*"/>
   </UriGroup>
   <!-- Routes -->
   <Route
      VirtualHostGroup="/cell/Cell01_11415064674916/vHostGroup/default_host"
      UriGroup="/cell/Cell01_11415064674916/application/HttpSessionSample_war/webModule/HttpSessionSample.war"
      ServerCluster="AllOdrsCluster"/>
   <Route
      VirtualHostGroup="/cell/Cell01_11415064674916/vHostGroup/default_host"
      UriGroup="/cell/Cell01_11415064674916/application/ibmasyncrsp/webModule/ibmasyncrsp.war"
      ServerCluster="AllOdrsCluster"/>
   <Route
      VirtualHostGroup="/cell/Cell01_11415064674916/vHostGroup/admin_host"
      UriGroup="/cell/Cell01_11415064674916/application/OTiS/webModule/OTiSWebApp.war"
      ServerCluster="AllOdrsCluster"/>
   <Route
      VirtualHostGroup="/cell/Cell01_11415064674916/vHostGroup/admin_host"
      UriGroup="/cell/Cell01_11415064674916/application/isclite/webModule/isclite.war"
      ServerCluster="AllOdrsCluster"/>
   <Route
      VirtualHostGroup="/cell/Cell01_11415064674916/vHostGroup/admin_host"
      UriGroup="/cell/Cell01_11415064674916/application/isclite/webModule/adminredirector.war"
      ServerCluster="AllOdrsCluster"/>
   <Route
      VirtualHostGroup="/cell/Cell01_11415064674916/vHostGroup/admin_host"
      UriGroup="/cell/Cell01_11415064674916/application/isclite/webModule/iehs.war"
      ServerCluster="AllOdrsCluster"/>
   <Route
      VirtualHostGroup="/cell/Cell01_11415064674916/vHostGroup/admin_host"
      UriGroup="/cell/Cell01_11415064674916/application/isclite/webModule/ISCAdminPortlet.war"
      ServerCluster="AllOdrsCluster"/>
   <Route
      VirtualHostGroup="/cell/Cell01_11415064674916/vHostGroup/admin_host"
      UriGroup="/cell/Cell01_11415064674916/application/isclite/webModule/WIMPortlet.war"
      ServerCluster="AllOdrsCluster"/>
   <Route
      VirtualHostGroup="/cell/Cell01_11415064674916/vHostGroup/admin_host"
      UriGroup="/cell/Cell01_11415064674916/application/isclite/webModule/wasportlet.war"
      ServerCluster="AllOdrsCluster"/>
   <Route
      VirtualHostGroup="/cell/Cell01_11415064674916/vHostGroup/admin_host"
      UriGroup="/cell/Cell01_11415064674916/application/isclite/webModule/xsportlet.war"
      ServerCluster="AllOdrsCluster"/>
   <Route
      VirtualHostGroup="/cell/Cell01_11415064674916/vHostGroup/admin_host"
      UriGroup="/cell/Cell01_11415064674916/application/filetransferSecured/webModule/filetransfer.war"
      ServerCluster="AllOdrsCluster"/>
   <Route
      VirtualHostGroup="/cell/Cell01_11415064674916/vHostGroup/admin_host"
      UriGroup="/cell/Cell01_11415064674916/application/MiddlewareAgentServices/webModule/MiddlewareAgentWebapp.war"
      ServerCluster="AllOdrsCluster"/>
   <!-- Virtual Host Groups -->
   <!-- URI Groups -->
   <!-- Routes -->
   <RequestMetrics armEnabled="false" rmEnabled="false" loggingEnabled="false" traceLevel="HOPS">
      <filters enable="false" type="URI">
         <filterValues enable="false" value="/snoop"/>
         <filterValues enable="false" value="/hitcount"/>
      </filters>
      <filters enable="false" type="SOURCE_IP">
         <filterValues enable="false" value="255.255.255.255"/>
         <filterValues enable="false" value="254.254.254.254"/>
      </filters>
      <filters enable="false" type="JMS">
         <filterValues enable="false" value="destination=aaa"/>
      </filters>
      <filters enable="false" type="WEB_SERVICES">
         <filterValues enable="false" value="wsdlPort=aaa:op=bbb:nameSpace=ccc"/>
      </filters>
      </RequestMetrics>
</Config>
