<?xml version="1.0" encoding="UTF-8"?><profiles>
    <profile isAReservationTicket="false" isDefault="false" name="JobMgr01" path="C:\was85\profiles\JobMgr01" template="C:\was85\profileTemplates\management"/>
    <profile isAReservationTicket="false" isDefault="true" name="Dmgr01" path="C:\was85\profiles\Dmgr01" template="c:\was85\profileTemplates\management">
        <augmentor template="C:\was85\profileTemplates\dmgr"/>
    </profile>
    <profile isAReservationTicket="false" isDefault="false" name="AppSrv01" path="C:\was85\profiles\AppSrv01" template="c:\was85\profileTemplates\managed"/>
    <profile isAReservationTicket="false" isDefault="false" name="OdmAppSrv01" path="C:\was85\profiles\OdmAppSrv01" template="C:\was85\profileTemplates\cell\default"/>
    <profile isAReservationTicket="false" isDefault="false" name="OdmDmgr01" path="C:\was85\profiles\OdmDmgr01" template="C:\was85\profileTemplates\cell\dmgr"/>
    <profile isAReservationTicket="false" isDefault="false" name="ODMSample8500" path="C:\was85\profiles\ODMSample8500" template="C:\was85\profileTemplates\default">
        <augmentor template="C:\was85\profileTemplates\xs_augment\default"/>
    </profile>
</profiles>