<?xml version="1.0"?>
<!DOCTYPE hibernate-mapping PUBLIC "-//Hibernate/Hibernate Mapping DTD 3.0//EN"
"http://hibernate.sourceforge.net/hibernate-mapping-3.0.dtd">
<!-- Generated Apr 25, 2012 3:32:50 PM by Hibernate Tools 3.4.0.CR1 -->
<hibernate-mapping>
    <class name="com.rccl.promotions.model.Gateway" table="PROMOTION_GATEWAY" polymorphism="explicit">
    	<cache usage="nonstrict-read-write"/>
        <id name="id" type="java.lang.Long">
            <column name="PROMOTION_GATEWAY_ID" />
            <generator class="native" />
        </id>
    <!--     <many-to-one name="businessEntity" class="com.rccl.promotions.model.BusinessEntity" fetch="select">
            <column name="PROMOTION_BUSINESS_ENTITY_ID" not-null="true" />
        </many-to-one>
        -->
   	 <!--   <property name="gatewayGrouping" type="string" >
            <column name="GATEWAY_GROUPING_CODE" length="5" not-null="true" />
        </property> -->
       
   <!--      <many-to-one name="promotionGatewayGrouping" class="com.rccl.promotions.model.PromotionGatewayGrouping" lazy="false" fetch="select">
            <column name="PROMOTION_GATEWAY_GROUPING_ID" not-null="false"/>
        </many-to-one>
        
        -->
        
        <property name="businessEntityId" type="java.lang.Long">
            <column name="PROMOTION_BUSINESS_ENTITY_ID"  not-null="true" />
        </property>
        
        <property name="code" type="string">
            <column name="GATEWAY_AIRPORT_CODE" length="3" not-null="true" />
        </property>
        
 <!--        <property name="creationDtm" type="timestamp">
            <column name="CREATION_DTM" length="26" not-null="true" />
        </property>
        <property name="creationUserId" type="string">
            <column name="CREATION_USER_ID" length="30" not-null="true" />
        </property>
        <property name="lastUpdateDtm" type="timestamp">
            <column name="LAST_UPDATE_DTM" length="26" />
        </property>
        <property name="lastUpdateUserId" type="string">
            <column name="LAST_UPDATE_USER_ID" length="30" />
        </property> -->
    </class>
</hibernate-mapping>
