<?xml version="1.0"?>
<!DOCTYPE hibernate-mapping PUBLIC "-//Hibernate/Hibernate Mapping DTD 3.0//EN"
"http://hibernate.sourceforge.net/hibernate-mapping-3.0.dtd">
<!-- Generated Apr 25, 2012 3:32:50 PM by Hibernate Tools 3.4.0.CR1 -->
<hibernate-mapping>
	<class name="com.rccl.promotions.model.PromotionTemplate" table="PROMOTION_TEMPLATE">
	<cache usage="read-only" />
		<id name="id" type="java.lang.Long">
			<column name="PROMOTION_TEMPLATE_ID" />
			<generator class="native" />
		</id>
		<property name="name" type="string">
			<column name="PROMOTION_TEMPLATE_NAME" length="100" not-null="true" />
		</property>
		<property name="code" type="string">
			<column name="PROMOTION_TEMPLATE_CODE" length="5" not-null="true" />
		</property>
		<property name="creationDtm" type="timestamp">
			<column name="CREATION_DTM" length="26" not-null="true" />
		</property>
		<property name="creationUserId" type="string">
			<column name="CREATION_USER_ID" length="30" not-null="true" />
		</property>
		<property name="lastUpdateDtm" type="timestamp">
			<column name="LAST_UPDATE_DTM" length="26" />
		</property>
		<property name="lastUpdateUserId" type="string">
			<column name="LAST_UPDATE_USER_ID" length="30" />
		</property>
		
	</class>
</hibernate-mapping>