<?xml version="1.0"?>
<!DOCTYPE hibernate-mapping PUBLIC "-//Hibernate/Hibernate Mapping DTD 3.0//EN"
"http://hibernate.sourceforge.net/hibernate-mapping-3.0.dtd">
<!-- Generated Apr 25, 2012 3:32:50 PM by Hibernate Tools 3.4.0.CR1 -->
<hibernate-mapping>
    <class name="com.rccl.promotions.model.BusinessEntity" table="PROMOTION_BUSINESS_ENTITY">
    	<cache usage="nonstrict-read-write" region="Promotions"/>
        <id name="id" type="java.lang.Long">
            <column name="PROMOTION_BUSINESS_ENTITY_ID" />
            <generator class="native" />
        </id>
   <!--     <many-to-one name="promotion" class="com.rccl.promotions.model.Promotion" fetch="select">
            <column name="BRE_PROMOTION_ID" not-null="true" />
        </many-to-one>
        -->
        
         <property name="promotionId" type="java.lang.Long">
            <column name="BRE_PROMOTION_ID" not-null="true" />
        </property>
        
        <property name="name" type="string">
            <column name="BUSINESS_ENTITY_TYPE_NAME" length="50" not-null="true" />
        </property>
        <property name="thresholdLimit" type="int">
            <column name="PROMOTION_THRESHOLD_LIMIT_QTY" not-null="true" />
        </property>
         <property name="totalUsed" type="int">
            <column name="BUSINESS_ENTITY_TOTAL_USED_CNT" />
        </property>
        
        <property name="status">
            <column name="BUSINESS_ENTITY_STATUS_CODE" length="20" not-null="true" />
            <type name="org.hibernate.type.EnumType">
                <param name="type">12</param>
                <param name="enumClass">com.rccl.promotions.model.enumerations.CriteriaStatus</param>
            </type>
        </property>
        
   <!--      <property name="creationDtm" type="timestamp">
            <column name="CREATION_DTM" length="26" not-null="true" />
        </property>
        <property name="creationUserId" type="string">
            <column name="CREATION_USER_ID" length="30" not-null="true" />
        </property>
        <property name="lastUpdateDtm" type="timestamp">
            <column name="LAST_UPDATE_DTM" length="26" />
        </property>
        <property name="lastUpdateUserId" type="string">
            <column name="LAST_UPDATE_USER_ID" length="30" />
        </property> -->
        <set name="travelAgencyProfiles" table="PROMOTION_TRAVEL_AGENCY" inverse="true" lazy="true" fetch="select">
        <cache usage="read-only" />
            <key>
                <column name="PROMOTION_BUSINESS_ENTITY_ID" not-null="true" />
            </key>
            <one-to-many class="com.rccl.promotions.model.TravelAgency" />
        </set>
        <set name="countryProfiles" table="PROMOTION_COUNTRY" inverse="true" lazy="true" fetch="select">
        <cache usage="read-only" />
            <key>
                <column name="PROMOTION_BUSINESS_ENTITY_ID" not-null="true" />
            </key>
            <one-to-many class="com.rccl.promotions.model.Country" />
        </set>
       
        <set name="shipSailingProfiles" table="PROMOTION_SHIP_SAILING" inverse="true" lazy="true" fetch="select">
        <cache usage="read-only" />
            <key>
                <column name="PROMOTION_BUSINESS_ENTITY_ID" not-null="true" />
            </key>
            <one-to-many class="com.rccl.promotions.model.ShipSailing" />
        </set>
        <set name="stateRoomOccupancyProfiles" table="PROMOTION_STATEROOM" inverse="true" lazy="true" fetch="select">
        <cache usage="read-only" />
            <key>
                <column name="PROMOTION_BUSINESS_ENTITY_ID" not-null="true" />
            </key>
            <one-to-many class="com.rccl.promotions.model.StateRoom" />
        </set>
      
       <set name="gatewayGroupingProfiles" table="PROMOTION_GATEWAY_GROUPING" inverse="true" lazy="true" fetch="select">
       <cache usage="read-only" />
            <key>
                <column name="PROMOTION_BUSINESS_ENTITY_ID" not-null="true" />
            </key>
            <one-to-many class="com.rccl.promotions.model.PromotionGatewayGrouping" />
        </set>
        
         <set name="superCategoryProfiles" table="PROMOTION_SUPER_CATEGORY" inverse="true" lazy="true" fetch="select">
         <cache usage="read-only" />
            <key>
                <column name="PROMOTION_BUSINESS_ENTITY_ID" not-null="true" />
            </key>
            <one-to-many class="com.rccl.promotions.model.SuperCategory" />
        </set>
        
  <!--      <set name="cruiseTourPackageProfiles" table="PROMOTION_CRUISE_PACKAGE" inverse="true" lazy="false" fetch="select">
            <key>
                <column name="PROMOTION_BUSINESS_ENTITY_ID" not-null="true" />
            </key>
            <one-to-many class="com.rccl.promotions.model.CruiseTourPackage" />
        </set>
        -->
      
      
        <set name="guestProfiles" table="PROMOTION_GUEST" inverse="true" lazy="true" fetch="select">
        <cache usage="read-only" />
            <key>
                <column name="PROMOTION_BUSINESS_ENTITY_ID" not-null="true" />
            </key>
            <one-to-many class="com.rccl.promotions.model.Guest" />
        </set>
        <set name="discounts" table="PROMOTION_ENTITY_DISCOUNT" inverse="true" lazy="false" fetch="join">
        <cache usage="read-only" />
            <key>
                <column name="PROMOTION_BUSINESS_ENTITY_ID" not-null="true" />
            </key>
            <one-to-many class="com.rccl.promotions.model.Discount" />
        </set>
        
        <set name="valueAdd" table="PROMOTION_VALUE_ADD" inverse="true" lazy="false" fetch="join">
        <cache usage="read-only" />
            <key>
                <column name="PROMOTION_BUSINESS_ENTITY_ID" not-null="true" />
            </key>
            <one-to-many class="com.rccl.promotions.model.ValueAdd" />
        </set>
        
        <set name="bookingChannelProfiles" table="PROMOTION_BOOKING_CHANNEL" inverse="false" lazy="true" fetch="select">
        <cache usage="read-only" />
            <key>
                <column name="PROMOTION_BUSINESS_ENTITY_ID" not-null="true" />
            </key>
            <one-to-many class="com.rccl.promotions.model.BookingChannel" />
        </set>
        
         
         <set name="loyaltyProgramProfiles" table="PROMOTION_LOYALTY_PROGRAM" inverse="true" lazy="true" fetch="select">
         <cache usage="read-only" />
            <key>
            	<column name="PROMOTION_BUSINESS_ENTITY_ID" not-null="true" />
            </key>
            <one-to-many  class="com.rccl.promotions.model.LoyaltyProgram" />
        </set>
        
        <set name="bookingOfficeProfiles" table="PROMOTION_BOOKING_OFFICE" inverse="true" lazy="true" fetch="select">
        <cache usage="read-only" />
            <key>
                <column name="PROMOTION_BUSINESS_ENTITY_ID" not-null="true" />
            </key>
            <one-to-many class="com.rccl.promotions.model.BookingOffice" />
        </set>
       
        <set name="currencyProfiles" table="PROMOTION_CURRENCY_PROFILE" inverse="true" lazy="true" fetch="select">
        <cache usage="read-only" />
            <key>
                <column name="PROMOTION_BUSINESS_ENTITY_ID" not-null="true" />
            </key>
            <one-to-many class="com.rccl.promotions.model.Currency" />
        </set>
        
        <set name="marketProfiles" table="PROMOTION_MARKET" inverse="true" lazy="true" fetch="select">
        <cache usage="read-only" />
            <key>
                <column name="PROMOTION_BUSINESS_ENTITY_ID" not-null="true" />
            </key>
            <one-to-many class="com.rccl.promotions.model.Market" />
        </set>
        
        <set name="stateRoomCategoryProfiles" table="PROMOTION_STATEROOM_CATEGORY" inverse="true" lazy="true" fetch="select">
        <cache usage="read-only" />
            <key>
                <column name="PROMOTION_BUSINESS_ENTITY_ID" not-null="true" />
            </key>
            <one-to-many class="com.rccl.promotions.model.StateRoomCategory" />
        </set>
    </class>
</hibernate-mapping>
