<?xml version="1.0"?>
<!DOCTYPE hibernate-mapping PUBLIC "-//Hibernate/Hibernate Mapping DTD 3.0//EN"
"http://hibernate.sourceforge.net/hibernate-mapping-3.0.dtd">
<!-- Generated Apr 25, 2012 3:32:50 PM by Hibernate Tools 3.4.0.CR1 -->
<hibernate-mapping>
	<class name="com.rccl.promotions.model.PromotionType" table="PROMOTION_SUB_TYPE">
	<cache usage="read-only" />
		<id name="id" type="java.lang.Long">
			<column name="PROMOTION_SUB_TYPE_ID" />
			<generator class="native" />
		</id>

		<property name="name" type="string">
			<column name="PROMOTION_SUB_TYPE_NAME" length="120" not-null="true" />
		</property>
		
		<property name="code" type="string">
			<column name="PROMOTION_SUB_TYPE_CODE" length="3" not-null="true" />
		</property>

		<property name="category" type="string">
			<column name="PROMOTION_SUB_TYPE_CATEGORY" length="50" not-null="false" />
		</property>

	<!-- 	<property name="promotionTemplate" type="string">
			<column name="PROMOTION_TEMPLATE_CODE" length="5" not-null="true" />
		</property>
	-->	
			<many-to-one name="promotionTemplate"
			class="com.rccl.promotions.model.PromotionTemplate" lazy="false" fetch="select">
			<column name="PROMOTION_TEMPLATE_ID" />
		</many-to-one>


		<property name="isRestricted" type="boolean">
			<column name="IS_RESTRICTED_FLAG" not-null="true" />
		</property>

		<many-to-one name="group"
			class="com.rccl.promotions.model.PromotionGroup" lazy="false" fetch="select">
			<column name="PROMOTION_TYPE_ID" />
		</many-to-one>

<!-- 		<property name="creationDtm" type="timestamp">
			<column name="CREATION_DTM" length="26" not-null="true" />
		</property>
		<property name="creationUserId" type="string">
			<column name="CREATION_USER_ID" length="30" not-null="true" />
		</property>
		<property name="lastUpdateDtm" type="timestamp">
			<column name="LAST_UPDATE_DTM" length="26" />
		</property>
		<property name="lastUpdateUserId" type="string">
			<column name="LAST_UPDATE_USER_ID" length="30" />
		</property>
		
		-->
		<property name="logicallyDeletedFlag" type="boolean">
			<column name="logical_delete_flag" not-null="true" />
		</property>
		
	</class>
</hibernate-mapping>