<?xml version="1.0"?>
<!DOCTYPE hibernate-mapping PUBLIC "-//Hibernate/Hibernate Mapping DTD 3.0//EN"
"http://hibernate.sourceforge.net/hibernate-mapping-3.0.dtd">
<!-- Generated Apr 25, 2012 3:32:50 PM by Hibernate Tools 3.4.0.CR1 -->
<hibernate-mapping default-lazy="false">

    <class name="com.rccl.promotions.model.Promotion" table="BRE_PROMOTION">
    	<cache usage="nonstrict-read-write" region="Promotions"/>
        <id name="id" type="java.lang.Long">
            <column name="BRE_PROMOTION_ID" />
            <generator class="native" />
        </id>
        
        <property name="promotionId" type="string">
            <column name="PROMOTION_ID" length="16" />
        </property>
        <property name="promoCode" type="string">
            <column name="PROMOTION_CODE" length="20" />
        </property>
        <many-to-one name="type" class="com.rccl.promotions.model.PromotionType" lazy="false" fetch="select">
            <column name="PROMOTION_SUB_TYPE_ID" not-null="true"/>
        </many-to-one>
        <property name="promotionStartDtm" type="timestamp">
            <column name="PROMOTION_START_DTM" length="26" />
        </property>
        <property name="promotionEndDtm" type="timestamp">
            <column name="PROMOTION_END_DTM" length="26" />
        </property>
        
          <property name="status">
            <column name="PROMOTION_STATUS_CODE" length="20" not-null="true" />
            <type name="org.hibernate.type.EnumType">
                <param name="type">12</param>
                <param name="enumClass">com.rccl.promotions.model.enumerations.PromotionStatus</param>
            </type>
        </property>
        
        <property name="isOpen" type="boolean">
            <column name="PROMOTION_OPEN_FLAG" not-null="true" />
        </property>
        <property name="shortDescription" type="string">
            <column name="PROMOTION_SHORT_DESC" length="15" not-null="true" />
        </property>
        <property name="longDescription" type="string">
            <column name="PROMOTION_LONG_DESC" length="254" not-null="true" />
        </property>
        
        <property name="priceDefinitionTypeCode">
            <column name="PRICE_TYPE_CODE" length="1" not-null="true" />
            <type name="org.hibernate.type.EnumType">
                <param name="type">12</param>
                <param name="enumClass">com.rccl.promotions.model.enumerations.PriceDefinitionTypeCode</param>
            </type>
        </property>
        <property name="excludeFromBestRateCalc" type="boolean">
            <column name="EXCLUDE_BEST_RATE_CALCN_FLAG" not-null="true" />
        </property>
        <property name="deepDiscount" type="boolean">
            <column name="PROMOTION_DEEP_DISCOUNT_FLAG" not-null="true" />
        </property>
        <property name="linkToPriceDefinitionCurrency" type="boolean">
            <column name="LINK_TO_PRICE_DEFN_CURRENCY_FLAG" not-null="true" />
        </property>
        <property name="numberOfDaysPriorToDeparture" type="int">
            <column name="PROMOTION_DAYS_PRIOR_DEPTR_QTY" not-null="false" />
        </property>
        <property name="allowToConvert" type="boolean">
            <column name="ALLOW_PROMOTION_TO_CONVERT_FLAG" not-null="true" />
        </property>
        <property name="isCommissionable" type="boolean">
            <column name="PROMOTION_COMMISSIONABLE_FLAG" not-null="true" />
        </property>
        <property name="agencyCommissionable" type="boolean">
            <column name="AGENCY_COMMISSIONABLE_FLAG" not-null="true" />
        </property>
        <property name="isBundled" type="boolean">
            <column name="PROMOTION_IS_BUNDLED_FLAG" not-null="true" />
        </property>
        <property name="countTourConductor" type="boolean">
            <column name="PROMOTION_COUNT_TOUR_CNDTR_FLAG" not-null="true" />
        </property>
        <property name="allowGap" type="boolean">
            <column name="PROMOTION_ALLOW_GAP_FLAG" not-null="true" />
        </property>
        <property name="printAsAgreed" type="boolean">
            <column name="PROMOTION_PRINT_AS_AGREED_FLAG" not-null="true" />
        </property>
        
         <property name="singleSupplement" type="double">
            <column name="single_supplement_pct" precision="5" not-null="false" />
        </property>
        
        <property name="singleSupplementNCCF" type="double">
            <column name="single_supplement_NCCF_pct" precision="5" not-null="false" />
        </property>
        
         <property name="fixedCommission" type="double">
            <column name="fixed_commission_pct" precision="5" not-null="false" />
        </property>
        
         <property name="incrementalCommissionAmount" type="double">
            <column name="incremental_commission_amt" precision="13" not-null="false"/>
        </property>
        
        <property name="incrementalCommissionPct" type="double">
            <column name="incremental_commission_pct" precision="5" not-null="false" />
        </property>
        
        <property name="incrementalCommissionCurrencyCode" type="string">
            <column name="incremental_cmsn_currency_code" length="3"  not-null="false"/>
        </property>
 		<property name="guestTypeAppliedId" type="long">
            <column name="GUEST_TYPE_APPLIED_ID"  not-null="false"/>
        </property>

		 <property name="passengerPriceType">
         	<column name="GUEST_PRICE_TYPE_CODE" length="1" />
            <type name="org.hibernate.type.EnumType">
                <param name="type">12</param>
                <param name="enumClass">com.rccl.promotions.model.enumerations.PassengerPriceType</param>
            </type>
        </property>
        
         <property name="maxlimitType">
            <column name="promotion_max_limit_type_code" length="20" not-null="true" />
            <type name="org.hibernate.type.EnumType">
                <param name="type">12</param>
                <param name="enumClass">com.rccl.promotions.model.enumerations.PromotionLimitType</param>
            </type>
        </property>
        
        <property name="brand">
          <column name="BRAND_CODE" length="1" not-null="true" />
            <type name="org.hibernate.type.EnumType">
                <param name="type">12</param>
                <param name="enumClass">com.rccl.promotions.model.enumerations.Brand</param>
            </type>
        </property>
        
        <property name="logicallyDeletedFlag" type="boolean">
            <column name="logical_delete_flag" not-null="true" />
        </property>
        
        <property name="promotionCategory">
            <column name="promotion_category_type_code" length="20" not-null="true" />
            <type name="org.hibernate.type.EnumType">
                <param name="type">12</param>
                <param name="enumClass">com.rccl.promotions.model.enumerations.PromotionCategory</param>
            </type>
        </property>
        
        <property name="generic" type="boolean">
            <column name="IS_GENERIC_TEMPLATE_FLAG" not-null="true" />
        </property>
    <!--    
       <property name="creationDtm" type="timestamp">
            <column name="CREATION_DTM" length="26" not-null="true" />
        </property>
       
        <property name="creationUserId" type="string">
            <column name="CREATION_USER_ID" length="30" not-null="true" />
        </property>
        <property name="lastUpdateDtm" type="timestamp">
            <column name="LAST_UPDATE_DTM" length="26" />
        </property>
        <property name="lastUpdateUserId" type="string">
            <column name="LAST_UPDATE_USER_ID" length="30" />
        </property>
    -->    
      	<set name="promotionHistories" table="PROMOTION_HISTORY" inverse="true" lazy="true" fetch="select">
      		<key>
                <column name="BRE_PROMOTION_ID" not-null="true" />
            </key>
            <one-to-many class="com.rccl.promotions.model.PromotionHistory" />
        </set>
        
        <set name="promotionRemarks" table="PROMOTION_REMARKS" inverse="true" lazy="true" fetch="select">
        <cache usage="read-only" />
            <key>
                <column name="BRE_PROMOTION_ID" not-null="true" />
            </key>
            <one-to-many class="com.rccl.promotions.model.PromotionRemark" />
        </set>
        
        <many-to-one name="folder" class="com.rccl.promotions.model.Folder" cascade="all" lazy="false" fetch="select">
        	<column name="promotion_folder_id" />
        </many-to-one>

		<set name="termsConditions" table="PROMOTION_TERMS_CONDITIONS" inverse="true" lazy="true" fetch="select">
			<cache usage="read-only" />
            <key>
                <column name="BRE_PROMOTION_ID" not-null="true" />
            </key>
            <one-to-many class="com.rccl.promotions.model.PromotionTermCondition" />
        </set>
        
         <set name="promotionBusinessEntities" table="PROMOTION_BUSINESS_ENTITY" inverse="false" lazy="false" fetch="join">
        	 <cache usage="read-only" />
            <key>
                <column name="BRE_PROMOTION_ID" not-null="true" />
            </key>
            <one-to-many class="com.rccl.promotions.model.BusinessEntity" />
        </set>
        
    </class>
</hibernate-mapping>
