<?xml version="1.0"?>
<!DOCTYPE hibernate-mapping PUBLIC "-//Hibernate/Hibernate Mapping DTD 3.0//EN"
"http://hibernate.sourceforge.net/hibernate-mapping-3.0.dtd">
<!-- Generated Apr 25, 2012 3:32:50 PM by Hibernate Tools 3.4.0.CR1 -->
<hibernate-mapping>
    <class name="com.rccl.promotions.model.ValueAdd" table="PROMOTION_VALUE_ADD" mutable="false">
    	<cache usage="nonstrict-read-write"/>
        <id name="id" type="java.lang.Long">
            <column name="PROMOTION_VALUE_ADD_ID" />
            <generator class="native" />
        </id>
     <!--    <many-to-one name="businessEntity" class="com.rccl.promotions.model.BusinessEntity" fetch="select">
            <column name="PROMOTION_BUSINESS_ENTITY_ID" not-null="true" />
        </many-to-one>
        
        -->
        
          <property name="businessEntityId" type="java.lang.Long">
            <column name="PROMOTION_BUSINESS_ENTITY_ID"  not-null="true" />
        </property>
      
         <property name="type">
          <column name="VALUE_ADD_TYPE_CODE" length="3" not-null="true" />
            <type name="org.hibernate.type.EnumType">
                <param name="type">12</param>
                <param name="enumClass">com.rccl.promotions.model.enumerations.ValueAddType</param>
            </type>
        </property>
        
        <property name="currencyAmount" type="double">
            <column name="VALUE_ADD_AMT" precision="13" not-null="true" />
        </property>
        
         <property name="currency" type="string">
            <column name="CURRENCY_CODE" length="3" not-null="false"/>
        </property>
        
        <property name="effectiveStartDtm" type="timestamp">
            <column name="PROMOTION_VALUE_ADD_EFF_DTM" length="26" not-null="true" />
        </property>
        
         <property name="effectiveEndDtm" type="timestamp">
            <column name="PROMOTION_VALUE_ADD_END_DTM" length="26" not-null="false" />
        </property>
        
 <!--        <property name="creationDtm" type="timestamp">
            <column name="CREATION_DTM" length="26" not-null="true" />
        </property>
        <property name="creationUserId" type="string">
            <column name="CREATION_USER_ID" length="30" not-null="true" />
        </property>
        <property name="lastUpdateDtm" type="timestamp">
            <column name="LAST_UPDATE_DTM" length="26" />
        </property>
        <property name="lastUpdateUserId" type="string">
            <column name="LAST_UPDATE_USER_ID" length="30" />
        </property>
        -->
    </class>
</hibernate-mapping>
