<?xml version="1.0"?>
<!DOCTYPE hibernate-mapping PUBLIC "-//Hibernate/Hibernate Mapping DTD 3.0//EN"
"http://hibernate.sourceforge.net/hibernate-mapping-3.0.dtd">
<!-- Generated Apr 25, 2012 3:32:50 PM by Hibernate Tools 3.4.0.CR1 -->
<hibernate-mapping>
    <class name="com.rccl.promotions.model.ShipSailing" table="PROMOTION_SHIP_SAILING" polymorphism="explicit">
    	<cache usage="nonstrict-read-write"/>
        <id name="id" type="java.lang.Long">
            <column name="PROMOTION_SHIP_SAILING_ID" />
            <generator class="native" />
        </id>
    <!--     <many-to-one name="businessEntity" class="com.rccl.promotions.model.BusinessEntity" fetch="select">
            <column name="PROMOTION_BUSINESS_ENTITY_ID" not-null="true" />
        </many-to-one> -->
        
          <property name="businessEntityId" type="java.lang.Long">
            <column name="PROMOTION_BUSINESS_ENTITY_ID"  not-null="true" />
        </property>
        <property name="shipCode" type="string">
            <column name="SHIP_CODE" length="2" />
        </property>
        <property name="sailingDate" type="date">
            <column name="SHIP_DEPARTURE_DATE" length="10" />
        </property>
  <!--       <property name="shipName" type="string">
            <column name="SHIP_NAME" length="30" />
        </property> -->
        <property name="packageId" type="string">
            <column name="PACKAGE_ID" length="8" />
        </property>       
        <property name="numOfSailNights" type="java.lang.Integer">
            <column name="itinerary_sail_nights_qty" />
        </property>
        
   <!--      <set name="packages" table="PROMOTION_PACKAGE" inverse="false" lazy="false" fetch="select">
            <key>
                <column name="PROMOTION_SHIP_SAILING_ID" not-null="true" />
            </key>
            <one-to-many class="com.rccl.promotions.model.Package" />
        </set>
        -->
        
        <set name="stateRoomCategories" table="PROMOTION_STATEROOM_CATEGORY" inverse="true" lazy="false" fetch="select">
        <cache usage="read-only" />
            <key>
                <column name="PROMOTION_SHIP_SAILING_ID" not-null="false" />
            </key>
            <one-to-many class="com.rccl.promotions.model.StateRoomCategory" />
        </set>
        
         <property name="brand">
          <column name="PUBLIC_BRAND_CODE" length="1" not-null="true" />
            <type name="org.hibernate.type.EnumType">
                <param name="type">12</param>
                <param name="enumClass">com.rccl.promotions.model.enumerations.Brand</param>
            </type>
        </property>
        <property name="revenueProductCode" type="string">
            <column name="REVENUE_PRODUCT_CODE" length="10" />
        </property>
   <!--      <property name="creationDtm" type="timestamp">
            <column name="CREATION_DTM" length="26" not-null="true" />
        </property>
        <property name="creationUserId" type="string">
            <column name="CREATION_USER_ID" length="30" not-null="true" />
        </property>
        <property name="lastUpdateDtm" type="timestamp">
            <column name="LAST_UPDATE_DTM" length="26" />
        </property>
        <property name="lastUpdateUserId" type="string">
            <column name="LAST_UPDATE_USER_ID" length="30" />
        </property>
        
        -->
    </class>
</hibernate-mapping>
