<?xml version="1.0"?>
<!DOCTYPE hibernate-mapping PUBLIC "-//Hibernate/Hibernate Mapping DTD 3.0//EN"
"http://hibernate.sourceforge.net/hibernate-mapping-3.0.dtd">
<!-- Generated Apr 25, 2012 3:32:50 PM by Hibernate Tools 3.4.0.CR1 -->
<hibernate-mapping default-lazy="false">
    <class name="com.rccl.promotions.model.Folder" table="PROMOTION_FOLDER">
    <cache usage="read-only" />
        <id name="id" type="java.lang.Long">
            <column name="PROMOTION_FOLDER_ID" />
            <generator class="native" />
        </id>
   <!--     <many-to-one name="promotion" class="com.rccl.promotions.model.Promotion"  fetch="select">
            <column name="PROMOTION_ID" not-null="true" />
        </many-to-one>
        -->
        
        <many-to-one name="parentFolder" class="com.rccl.promotions.model.Folder" fetch="select">
            <column name="PARENT_FOLDER_ID" />
        </many-to-one>
        
        <bag name="childrenFolders" table="PROMOTION_FOLDER" lazy="false" fetch="select" inverse="true" order-by="id asc">
        <cache usage="read-only" />
            <key>
                <column name="PARENT_FOLDER_ID" not-null="true" />
            </key>
            <one-to-many class="com.rccl.promotions.model.Folder" />
        </bag>
       
        <property name="name" type="string">
            <column name="PROMOTION_FOLDER_NAME" length="1000" not-null="true" />
        </property>
  <!--      <property name="creationDtm" type="timestamp">
            <column name="CREATION_DTM" length="26" not-null="true" />
        </property>
        <property name="creationUserId" type="string">
            <column name="CREATION_USER_ID" length="30" not-null="true" />
        </property>
        <property name="lastUpdateDtm" type="timestamp">
            <column name="LAST_UPDATE_DTM" length="26" />
        </property>
        <property name="lastUpdateUserId" type="string">
            <column name="LAST_UPDATE_USER_ID" length="30" />
        </property>
        -->
    </class>
</hibernate-mapping>
