<?xml version="1.0"?>
<!DOCTYPE hibernate-mapping PUBLIC "-//Hibernate/Hibernate Mapping DTD 3.0//EN"
"http://hibernate.sourceforge.net/hibernate-mapping-3.0.dtd">
<!-- Generated Apr 25, 2012 3:32:50 PM by Hibernate Tools 3.4.0.CR1 -->
<hibernate-mapping>
    <class name="com.rccl.promotions.model.LinkedCurrencyExchangeRate" table="PROMOTION_LINK_CURRENCY">
    	<cache usage="nonstrict-read-write"/>
        <id name="id" type="java.lang.Long">
            <column name="PROMOTION_LINK_CURRENCY_ID" />
            <generator class="native" />
        </id>
        <property name="currencyCode" type="string">
            <column name="currency_code" length="8" />
        </property>
        
    <!--     <many-to-one name="currency" class="com.rccl.promotions.model.Currency" lazy="false" fetch="select">
            <column name="promotion_currency_profile_id" />
        </many-to-one>
        
        -->
        
        <property name="currencyId" type="java.lang.Long">
            <column name="promotion_currency_profile_id"  not-null="true" />
        </property>
        
        <property name="exchangeFactor" type="double">
            <column name="CURRENCY_EXCHANGE_RATE" precision="5" />
        </property>
        
    <!--    <property name="creationDtm" type="timestamp">
            <column name="CREATION_DTM" length="26" not-null="true" />
        </property>
        <property name="creationUserId" type="string">
            <column name="CREATION_USER_ID" length="30" not-null="true" />
        </property>
        <property name="lastUpdateDtm" type="timestamp">
            <column name="LAST_UPDATE_DTM" length="26" />
        </property>
        <property name="lastUpdateUserId" type="string">
            <column name="LAST_UPDATE_USER_ID" length="30" />
        </property>
        -->
    </class>
</hibernate-mapping>
