<?xml version="1.0"?>
<!DOCTYPE hibernate-mapping PUBLIC "-//Hibernate/Hibernate Mapping DTD 3.0//EN"
"http://hibernate.sourceforge.net/hibernate-mapping-3.0.dtd">
<!-- Generated Apr 25, 2012 3:32:50 PM by Hibernate Tools 3.4.0.CR1 -->
<hibernate-mapping default-lazy="false">
    <class name="com.rccl.promotions.model.Guest" table="PROMOTION_GUEST" polymorphism="explicit">
    	<cache usage="nonstrict-read-write"/>
        <id name="id" type="java.lang.Long">
            <column name="PROMOTION_GUEST_ID" />
            <generator class="native" />
        </id>
    <!--     <many-to-one name="businessEntity" class="com.rccl.promotions.model.BusinessEntity" fetch="select" lazy="false">
            <column name="PROMOTION_BUSINESS_ENTITY_ID" not-null="true" />
        </many-to-one>
        -->
        <property name="businessEntityId" type="java.lang.Long">
            <column name="PROMOTION_BUSINESS_ENTITY_ID"  not-null="true" />
        </property>
        
        <property name="age" type="int">
            <column name="GUEST_AGE_CNT" precision="3" scale="0" />
        </property>
        <property name="maxAge" type="int">
            <column name="GUEST_MAX_AGE_CNT" />
        </property>
        <property name="minAge" type="int">
            <column name="GUEST_MIN_AGE_CNT" />
        </property>
        <property name="stateOrProvince" type="string">
            <column name="GUEST_RESIDENCE_STATE_PRVNC_CODE" length="2" />
        </property>


        <property name="choiceAirIsSelected" type="boolean">
            <column name="CHOICE_AIR_FLAG" />
        </property>
        
       <property name="guestType">
          <column name="GUEST_TYPE_CODE" length="18" />
            <type name="org.hibernate.type.EnumType">
                <param name="type">12</param>
                <param name="enumClass">com.rccl.promotions.model.enumerations.GuestType</param>
            </type>
        </property>
     <!--    
       <property name="passengerPriceType">
         <column name="PRICE_TYPE_CODE" length="1" />
            <type name="org.hibernate.type.EnumType">
                <param name="type">12</param>
                <param name="enumClass">com.rccl.promotions.model.enumerations.PassengerPriceType</param>
            </type>
        </property>
     --> 
       <property name="lifestage">
         <column name="LIFESTYLE_CODE" length="20" />
            <type name="org.hibernate.type.EnumType">
                <param name="type">12</param>
                <param name="enumClass">com.rccl.promotions.model.enumerations.LifeStage</param>
            </type>
        </property>
        
        <many-to-one name="gateway" class="com.rccl.promotions.model.Gateway" lazy="false" fetch="select">
            <column name="promotion_gateway_Id" />
        </many-to-one>
        
    <!--     <many-to-one name="loyaltyProgram" class="com.rccl.promotions.model.LoyaltyProgram" lazy="false" fetch="join">
            <column name="promotion_loyalty_program_Id" />
        </many-to-one>
        
        -->
        
        <property name="loyaltyProgramId" type="java.lang.Long">
            <column name="promotion_loyalty_program_Id"  not-null="true" />
        </property>
         
        <set name="publicServiceTypes" table="PROMOTION_GUEST_PUBLIC_SRVC" inverse="true" lazy="false" fetch="select">
            <key>
                <column name="PROMOTION_GUEST_ID" not-null="true" />
            </key>
            <one-to-many class="com.rccl.promotions.model.GuestPublicServiceType" />
        </set>
       
    <!--     <property name="creationDtm" type="timestamp">
            <column name="CREATION_DTM" length="26" not-null="true" />
        </property>
        <property name="creationUserId" type="string">
            <column name="CREATION_USER_ID" length="30" not-null="true" />
        </property>
        <property name="lastUpdateDtm" type="timestamp">
            <column name="LAST_UPDATE_DTM" length="26" />
        </property>
        <property name="lastUpdateUserId" type="string">
            <column name="LAST_UPDATE_USER_ID" length="30" />
        </property>
        -->
    </class>
</hibernate-mapping>
