<?xml version='1.0' encoding='UTF-8'?>
<?repositoryDigest version='0.0.1'?>
<repositoryDigest>
  <repository>
    <property name='LayoutPolicy' value='P1'/>
    <property name='LayoutPolicyVersion' value='0.0.0.1'/>
    <offering id='com.ibm.websphere.WXSCLIENT.was8.v85' version='8.5.0.20120420_1747'>
      <information name='%offering.name' version='8.5.0.0'>
        %offering.description
      </information>
      <property name='offering.type' value=''/>
      <property name='default.profile' value=''/>
      <property name='default.user.profile' value=''/>
      <property name='vendor.name' value='IBM'/>
      <property name='offering.service.repositories' value='https://www.ibm.com/software/repositorymanager/service/com.ibm.websphere.WXSCLIENT.was8.v85/repository.xml'/>
      <property name='offering.RequiresAdmin' value='false'/>
      <property name='offering.SupportsGroupMode' value='true'/>
      <property name='beta.compatible' value='true'/>
      <property name='OfferingReference.LicensesKinds' value=''/>
      <property name='OfferingReference.enablement.lum.id' value=''/>
      <property name='OfferingReference.enablement.lum.version' value=''/>
      <property name='supportedPlatforms' value='(|(&amp;(os=aix)(|(arch=ppc)(arch=ppc64)))(&amp;(os=hpux)(|(arch=ia64_32)(arch=ia64)))(&amp;(os=linux)(|(arch=x86)(arch=x86_64)(arch=ppc)(arch=ppc64)(arch=s390)(arch=s390x)))(&amp;(os=solaris)(|(arch=sparc)(arch=sparc64)(arch=x86)(arch=x86_64)))(&amp;(os=win32)(|(arch=x86)(arch=x86_64))))'/>
      <property name='import.profile.validation' value='true'/>
      <dictionary lang='ko'>
        <property name='offering.name' value='IBM WebSphere eXtreme Scale Client for WebSphere Application Server V8'/>
        <property name='offering.description' value='WebSphere eXtreme Scale Client for WebSphere Application Server V8을 사용하면 WebSphere Application Server Java EE 애플리케이션과 통합하여 데이터 그리드를 액세스 및 사용할 수 있습니다. 이러한 데이터 그리드는 WebSphere eXtreme Scale 또는 WebSphere DataPower XC10 어플라이언스 환경에 있습니다.'/>
      </dictionary>
      <dictionary lang='pt_BR'>
        <property name='offering.name' value='IBM WebSphere eXtreme Scale Client para WebSphere Application Server V8'/>
        <property name='offering.description' value='O WebSphere eXtreme Scale Client para WebSphere Application Server V8 permite a integração com aplicativos Java EE do WebSphere Application Server para acessar e usar grades de dados. Essas grades de dados podem estar nos ambientes WebSphere eXtreme Scale ou WebSphere DataPower XC10 Appliance.'/>
      </dictionary>
      <dictionary lang='de'>
        <property name='offering.name' value='IBM WebSphere eXtreme Scale Client for WebSphere Application Server V8'/>
        <property name='offering.description' value='WebSphere eXtreme Scale Client for WebSphere Application Server V8 ermöglicht Ihnen die Integration mit Java-EE-Anwendungen von WebSphere Application Server, um auf Daten-Grids zuzugreifen und diese verwenden zu können. Diese Daten-Grids können in Umgebungen von WebSphere eXtreme Scale oder WebSphere DataPower XC10 Appliance enthalten sein.'/>
      </dictionary>
      <dictionary lang='es'>
        <property name='offering.name' value='IBM WebSphere eXtreme Scale Client for WebSphere Application Server V8'/>
        <property name='offering.description' value='WebSphere eXtreme Scale Client for WebSphere Application Server V8 permite la integración con las aplicaciones WebSphere Application Server Java EE para acceder y utilizar las cuadrículas de datos. Estas cuadrículas de datos pueden estar en entornos de WebSphere eXtreme Scale o WebSphere DataPower XC10 Appliance.'/>
      </dictionary>
      <dictionary lang='zh'>
        <property name='offering.name' value='IBM WebSphere eXtreme Scale Client for WebSphere Application Server V8'/>
        <property name='offering.description' value='WebSphere eXtreme Scale Client for WebSphere Application Server V8 使您能够与 WebSphere Application Server Java EE 应用程序进行集成以访问和使用数据网格。这些数据网格可位于 WebSphere eXtreme Scale 或 WebSphere DataPower XC10 Appliance 环境中。'/>
      </dictionary>
      <dictionary lang='fr'>
        <property name='offering.name' value='Client IBM WebSphere eXtreme Scale pour WebSphere Application Server version 8'/>
        <property name='offering.description' value='Le client WebSphere eXtreme Scale pour WebSphere Application Server version 8 permet d&apos;intégrer à WebSphere Application Server des applications Java EE afin d&apos;accéder à des grilles de données et de les utiliser. Ces grilles de données peuvent se trouver dans des environnements WebSphere eXtreme Scale ou WebSphere DataPower XC10 Appliance.'/>
      </dictionary>
      <dictionary lang='it'>
        <property name='offering.name' value='IBM WebSphere eXtreme Scale Client for WebSphere Application Server V8'/>
        <property name='offering.description' value='WebSphere eXtreme Scale Client for WebSphere Application Server V8 abilita l&apos;integrazione con le applicazioni Java EE di WebSphere Application Server consentendo di accedere ed utilizzare le griglie di dati. Tali griglie di dati possono trovarsi in ambiente WebSphere eXtreme Scale o WebSphere DataPower XC10 Appliance.'/>
      </dictionary>
      <dictionary lang='zh_TW'>
        <property name='offering.name' value='適用於 WebSphere Application Server 第 8 版的 IBM WebSphere eXtreme Scale 用戶端'/>
        <property name='offering.description' value='「適用於 WebSphere Application Server 第 8 版的 WebSphere eXtreme Scale 用戶端」可讓您與 WebSphere Application Server Java EE 應用程式整合，以存取及使用資料網格。這些資料網格可以用於 WebSphere eXtreme Scale 或 WebSphere DataPower XC10 Appliance 環境中。'/>
      </dictionary>
      <dictionary lang='ja'>
        <property name='offering.name' value='IBM WebSphere eXtreme Scale Client for WebSphere Application Server V8'/>
        <property name='offering.description' value='WebSphere eXtreme Scale Client for WebSphere Application Server V8 を使用すると、WebSphere Application Server Java EE アプリケーションとの統合が可能になり、データ・グリッドにアクセスし、使用できるようになります。これらのデータ・グリッドは、WebSphere eXtreme Scale または WebSphere DataPower XC10 Appliance の環境内に配置できます。'/>
      </dictionary>
      <dictionary lang='default'>
        <property name='offering.name' value='IBM WebSphere eXtreme Scale Client for WebSphere Application Server V8'/>
        <property name='offering.description' value='WebSphere eXtreme Scale Client for WebSphere Application Server V8 enables you to integrate with WebSphere Application Server Java EE applications to access and use data grids. These data grids can be in WebSphere eXtreme Scale or WebSphere DataPower XC10 Appliance environments.'/>
      </dictionary>
      <file name='Offerings/com.ibm.websphere.WXSCLIENT.was8.v85_8.5.0.20120420_1747.jar' size='8173' MD5='c8f6afc5e8f536385f4327eadb6eefda'/>
      <file name='Offerings/com.ibm.websphere.WXSCLIENT.was8.v85_8.5.0.20120420_1747_SE.jar' size='21752' MD5='7245ac6d1f7645338de0a94c1c88f3dc'/>
    </offering>
    <offering id='com.ibm.websphere.WXS.was8.v85' version='8.5.0.20120420_1740'>
      <information name='%offering.name' version='8.5.0.0'>
        %offering.description
      </information>
      <property name='offering.type' value=''/>
      <property name='default.profile' value=''/>
      <property name='default.user.profile' value=''/>
      <property name='vendor.name' value='IBM'/>
      <property name='offering.service.repositories' value='https://www.ibm.com/software/repositorymanager/service/com.ibm.websphere.WXS.was8.v85/repository.xml'/>
      <property name='offering.RequiresAdmin' value='false'/>
      <property name='offering.SupportsGroupMode' value='true'/>
      <property name='beta.compatible' value='true'/>
      <property name='OfferingReference.LicensesKinds' value=''/>
      <property name='OfferingReference.enablement.lum.id' value=''/>
      <property name='OfferingReference.enablement.lum.version' value=''/>
      <property name='supportedPlatforms' value='(|(&amp;(os=aix)(|(arch=ppc)(arch=ppc64)))(&amp;(os=hpux)(|(arch=ia64_32)(arch=ia64)))(&amp;(os=linux)(|(arch=x86)(arch=x86_64)(arch=ppc)(arch=ppc64)(arch=s390)(arch=s390x)))(&amp;(os=solaris)(|(arch=sparc)(arch=sparc64)(arch=x86)(arch=x86_64)))(&amp;(os=win32)(|(arch=x86)(arch=x86_64))))'/>
      <property name='import.profile.validation' value='true'/>
      <dictionary lang='ja'>
        <property name='offering.name' value='IBM WebSphere eXtreme Scale for WebSphere Application Server V8'/>
        <property name='offering.description' value='WebSphere eXtreme Scale for WebSphere Application Server V8 を使用すると、WebSphere Application Server との統合が可能になり、ハイパフォーマンス・データ・グリッド・アプリケーションの追加サポートが提供されます。'/>
      </dictionary>
      <dictionary lang='ko'>
        <property name='offering.name' value='IBM WebSphere eXtreme Scale for WebSphere Application Server V8'/>
        <property name='offering.description' value='WebSphere eXtreme Scale for WebSphere Application Server V8을 사용하면 WebSphere Application Server와 통합하여 고성능 데이터 그리드 애플리케이션에 대한 추가 지원을 제공할 수 있습니다.'/>
      </dictionary>
      <dictionary lang='zh_TW'>
        <property name='offering.name' value='適用於 WebSphere Application Server 第 8 版的 IBM WebSphere eXtreme Scale'/>
        <property name='offering.description' value='「適用於 WebSphere Application Server 第 8 版的 WebSphere eXtreme Scale」可讓您與 WebSphere Application Server 整合，為高效能資料網格應用程式提供其他支援。'/>
      </dictionary>
      <dictionary lang='de'>
        <property name='offering.name' value='IBM WebSphere eXtreme Scale for WebSphere Application Server V8'/>
        <property name='offering.description' value='WebSphere eXtreme Scale for WebSphere Application Server V8 ermöglicht Ihnen die Integration mit WebSphere Application Server, wodurch eine zusätzliche Unterstützung für Daten-Grid-Anwendungen mit hoher Leistung bereitgestellt wird.'/>
      </dictionary>
      <dictionary lang='es'>
        <property name='offering.name' value='IBM WebSphere eXtreme Scale for WebSphere Application Server V8'/>
        <property name='offering.description' value='WebSphere eXtreme Scale for WebSphere Application Server V8 permite la integración con WebSphere Application Server y ofrece un soporte adicional para aplicaciones de cuadrículas de datos de alto rendimiento.'/>
      </dictionary>
      <dictionary lang='zh'>
        <property name='offering.name' value='IBM WebSphere eXtreme Scale for WebSphere Application Server V8'/>
        <property name='offering.description' value='WebSphere eXtreme Scale for WebSphere Application Server V8 使您能够与 WebSphere Application Server 进行集成，为高性能数据网格应用程序提供额外支持。'/>
      </dictionary>
      <dictionary lang='default'>
        <property name='offering.name' value='IBM WebSphere eXtreme Scale for WebSphere Application Server V8'/>
        <property name='offering.description' value='WebSphere eXtreme Scale for WebSphere Application Server V8 enables you to integrate with WebSphere Application Server, providing additional support for high performance data grid applications.'/>
      </dictionary>
      <dictionary lang='fr'>
        <property name='offering.name' value='IBM WebSphere eXtreme Scale pour WebSphere Application Server version 8'/>
        <property name='offering.description' value='WebSphere eXtreme Scale pour WebSphere Application Server version 8 permet l&apos;intégration à WebSphere Application Server en fournissant le support supplémentaire pour les applications de grille de données à performances élevées.'/>
      </dictionary>
      <dictionary lang='it'>
        <property name='offering.name' value='IBM WebSphere eXtreme Scale for WebSphere Application Server V8'/>
        <property name='offering.description' value='WebSphere eXtreme Scale for WebSphere Application Server V8 consente l&apos;integrazione con WebSphere Application Server, fornendo supporto aggiuntivo per le applicazioni della griglia di dati ad alte prestazioni.'/>
      </dictionary>
      <dictionary lang='pt_BR'>
        <property name='offering.name' value='IBM WebSphere eXtreme Scale para WebSphere Application Server V8'/>
        <property name='offering.description' value='O WebSphere eXtreme Scale para WebSphere Application Server V8 permite a integração com o WebSphere Application Server, fornecendo suporte adicional para aplicativos de grade de dados de alto desempenho.'/>
      </dictionary>
      <file name='Offerings/com.ibm.websphere.WXS.was8.v85_8.5.0.20120420_1740.jar' size='8682' MD5='3056556de8f8bd3fea72cb2358d02cf3'/>
      <file name='Offerings/com.ibm.websphere.WXS.was8.v85_8.5.0.20120420_1740_SE.jar' size='22920' MD5='3b540795dd43f49b808cba068e18b00f'/>
    </offering>
    <offering id='com.ibm.websphere.WXS.was7.v85' version='8.5.0.20120420_1746'>
      <information name='%offering.name' version='8.5.0.0'>
        %offering.description
      </information>
      <property name='offering.type' value=''/>
      <property name='default.profile' value=''/>
      <property name='default.user.profile' value=''/>
      <property name='vendor.name' value='IBM'/>
      <property name='offering.service.repositories' value='https://www.ibm.com/software/repositorymanager/service/com.ibm.websphere.WXS.was7.v85/repository.xml'/>
      <property name='offering.RequiresAdmin' value='false'/>
      <property name='offering.SupportsGroupMode' value='true'/>
      <property name='beta.compatible' value='true'/>
      <property name='OfferingReference.LicensesKinds' value=''/>
      <property name='OfferingReference.enablement.lum.id' value=''/>
      <property name='OfferingReference.enablement.lum.version' value=''/>
      <property name='supportedPlatforms' value='(|(&amp;(os=aix)(|(arch=ppc)(arch=ppc64)))(&amp;(os=hpux)(|(arch=ia64_32)(arch=ia64)))(&amp;(os=linux)(|(arch=x86)(arch=x86_64)(arch=ppc)(arch=ppc64)(arch=s390)(arch=s390x)))(&amp;(os=solaris)(|(arch=sparc)(arch=sparc64)(arch=x86)(arch=x86_64)))(&amp;(os=win32)(|(arch=x86)(arch=x86_64))))'/>
      <property name='import.profile.validation' value='true'/>
      <dictionary lang='zh_TW'>
        <property name='offering.name' value='適用於 WebSphere Application Server 第 7 版的 IBM WebSphere eXtreme Scale'/>
        <property name='offering.description' value='「適用於 WebSphere Application Server 第 7 版的 WebSphere eXtreme Scale」可讓您與 WebSphere Application Server 整合，為高效能資料網格應用程式提供其他支援。'/>
      </dictionary>
      <dictionary lang='fr'>
        <property name='offering.name' value='IBM WebSphere eXtreme Scale pour WebSphere Application Server version 7'/>
        <property name='offering.description' value='WebSphere eXtreme Scale pour WebSphere Application Server version 7 permet l&apos;intégration à WebSphere Application Server en fournissant le support supplémentaire pour les applications de grille de données à performances élevées.'/>
      </dictionary>
      <dictionary lang='it'>
        <property name='offering.name' value='IBM WebSphere eXtreme Scale for WebSphere Application Server V7'/>
        <property name='offering.description' value='WebSphere eXtreme Scale for WebSphere Application Server V7 consente l&apos;integrazione con WebSphere Application Server, fornendo supporto aggiuntivo per le applicazioni della griglia di dati ad alte prestazioni.'/>
      </dictionary>
      <dictionary lang='ja'>
        <property name='offering.name' value='IBM WebSphere eXtreme Scale for WebSphere Application Server V7'/>
        <property name='offering.description' value='WebSphere eXtreme Scale for WebSphere Application Server V7 を使用すると、WebSphere Application Server との統合が可能になり、ハイパフォーマンス・データ・グリッド・アプリケーションの追加サポートが提供されます。'/>
      </dictionary>
      <dictionary lang='default'>
        <property name='offering.name' value='IBM WebSphere eXtreme Scale for WebSphere Application Server V7'/>
        <property name='offering.description' value='WebSphere eXtreme Scale for WebSphere Application Server V7 enables you to integrate with WebSphere Application Server, providing additional support for high performance data grid applications.'/>
      </dictionary>
      <dictionary lang='ko'>
        <property name='offering.name' value='IBM WebSphere eXtreme Scale for WebSphere Application Server V7'/>
        <property name='offering.description' value='WebSphere eXtreme Scale for WebSphere Application Server V7을 사용하면 WebSphere Application Server와 통합하여 고성능 데이터 그리드 애플리케이션에 대한 추가 지원을 제공할 수 있습니다.'/>
      </dictionary>
      <dictionary lang='pt_BR'>
        <property name='offering.name' value='IBM WebSphere eXtreme Scale para WebSphere Application Server V7'/>
        <property name='offering.description' value='O WebSphere eXtreme Scale para WebSphere Application Server V7 permite a integração com o WebSphere Application Server, fornecendo suporte adicional para aplicativos de grade de dados de alto desempenho.'/>
      </dictionary>
      <dictionary lang='de'>
        <property name='offering.name' value='IBM WebSphere eXtreme Scale for WebSphere Application Server V7'/>
        <property name='offering.description' value='WebSphere eXtreme Scale for WebSphere Application Server V7 ermöglicht Ihnen die Integration mit WebSphere Application Server, wodurch eine zusätzliche Unterstützung für Daten-Grid-Anwendungen mit hoher Leistung bereitgestellt wird.'/>
      </dictionary>
      <dictionary lang='es'>
        <property name='offering.name' value='IBM WebSphere eXtreme Scale for WebSphere Application Server V7'/>
        <property name='offering.description' value='WebSphere eXtreme Scale for WebSphere Application Server V7 permite la integración con WebSphere Application Server y ofrece un soporte adicional para aplicaciones de cuadrículas de datos de alto rendimiento.'/>
      </dictionary>
      <dictionary lang='zh'>
        <property name='offering.name' value='IBM WebSphere eXtreme Scale for WebSphere Application Server V7'/>
        <property name='offering.description' value='WebSphere eXtreme Scale for WebSphere Application Server V7 使您能够与 WebSphere Application Server 进行集成，为高性能数据网格应用程序提供额外支持。'/>
      </dictionary>
      <file name='Offerings/com.ibm.websphere.WXS.was7.v85_8.5.0.20120420_1746.jar' size='8534' MD5='10387230e255a074d583b3f983a4ebc9'/>
      <file name='Offerings/com.ibm.websphere.WXS.was7.v85_8.5.0.20120420_1746_SE.jar' size='21204' MD5='0e745d467b2c6966bdd210786bb1f3f8'/>
    </offering>
    <offering id='com.ibm.websphere.WXS.v85' version='8.5.0.20120420_1742'>
      <information name='%offering.name' version='8.5.0.0'>
        %offering.description
      </information>
      <property name='offering.type' value=''/>
      <property name='default.profile' value='%offering.profile'/>
      <property name='default.user.profile' value='%offering.profile'/>
      <property name='vendor.name' value='IBM'/>
      <property name='offering.service.repositories' value='https://www.ibm.com/software/repositorymanager/service/com.ibm.websphere.WXS.v85/repository.xml'/>
      <property name='offering.RequiresAdmin' value='false'/>
      <property name='offering.SupportsGroupMode' value='true'/>
      <property name='beta.compatible' value='true'/>
      <property name='OfferingReference.LicensesKinds' value=''/>
      <property name='OfferingReference.enablement.lum.id' value=''/>
      <property name='OfferingReference.enablement.lum.version' value=''/>
      <property name='supportedPlatforms' value='(|(&amp;(os=aix)(|(arch=ppc)(arch=ppc64)))(&amp;(os=hpux)(arch=ia64))(&amp;(os=linux)(|(arch=x86)(arch=x86_64)(arch=ppc)(arch=ppc64)(arch=s390)(arch=s390x)))(&amp;(os=solaris)(|(arch=sparc)(arch=sparc64)(arch=x86_64)))(&amp;(os=win32)(|(arch=x86)(arch=x86_64))))'/>
      <property name='import.profile.validation' value='true'/>
      <dictionary lang='ja'>
        <property name='offering.name' value='スタンドアロン環境の IBM WebSphere eXtreme Scale'/>
        <property name='offering.description' value='WebSphere eXtreme Scale スタンドアロン版を使用すると、Java SE アプリケーションを使用して、eXtreme Scale データ・グリッドを作成および使用できるようになります。'/>
        <property name='offering.profile' value='IBM WebSphere eXtreme Scale スタンドアロン'/>
      </dictionary>
      <dictionary lang='zh_TW'>
        <property name='offering.name' value='位於單機環境中的 IBM WebSphere eXtreme Scale'/>
        <property name='offering.description' value='WebSphere eXtreme Scale 單機可讓您使用 Java SE 應用程式來建立及使用 eXtreme Scale 資料網格。'/>
        <property name='offering.profile' value='IBM WebSphere eXtreme Scale 單機'/>
      </dictionary>
      <dictionary lang='ko'>
        <property name='offering.name' value='독립형 환경의 IBM WebSphere eXtreme Scale'/>
        <property name='offering.description' value='WebSphere eXtreme Scale 독립형 버전을 사용하면 Java SE 애플리케이션을 사용하여 eXtreme Scale 데이터 그리드를 작성 및 사용할 수 있습니다.'/>
        <property name='offering.profile' value='IBM WebSphere eXtreme Scale 독립형'/>
      </dictionary>
      <dictionary lang='de'>
        <property name='offering.name' value='IBM WebSphere eXtreme Scale in einer eigenständigen Umgebung'/>
        <property name='offering.description' value='In einer eigenständigen von WebSphere eXtreme Scale können Sie Java-SE-Anwendungen verwenden, um eXtreme-Scale-Daten-Grids zu erstellen und zu verwenden.'/>
        <property name='offering.profile' value='Eigenständige Umgebung von IBM WebSphere eXtreme Scale'/>
      </dictionary>
      <dictionary lang='default'>
        <property name='offering.name' value='IBM WebSphere eXtreme Scale in a stand-alone environment'/>
        <property name='offering.description' value='WebSphere eXtreme Scale stand-alone enables you to use Java SE applications to create and use eXtreme Scale data grids.'/>
        <property name='offering.profile' value='IBM WebSphere eXtreme Scale stand-alone'/>
      </dictionary>
      <dictionary lang='es'>
        <property name='offering.name' value='IBM WebSphere eXtreme Scale en un entorno autónomo'/>
        <property name='offering.description' value='WebSphere eXtreme Scale en un entorno autónomo permite utilizar aplicaciones Java SE para crear y utilizar las cuadrículas de datos de eXtreme Scale.'/>
        <property name='offering.profile' value='IBM WebSphere eXtreme Scale en un entorno autónomo'/>
      </dictionary>
      <dictionary lang='zh'>
        <property name='offering.name' value='独立环境中的 IBM WebSphere eXtreme Scale'/>
        <property name='offering.description' value='独立 WebSphere eXtreme Scale 使您能够使用 Java SE 应用程序来创建和使用 eXtreme Scale 数据网格。'/>
        <property name='offering.profile' value='独立 IBM WebSphere eXtreme Scale'/>
      </dictionary>
      <dictionary lang='fr'>
        <property name='offering.name' value='IBM WebSphere eXtreme Scale dans un environnement autonome'/>
        <property name='offering.description' value='WebSphere eXtreme Scale autonome permet d&apos;utiliser des applications Java SE afin de créer et d&apos;utiliser des grilles de données eXtreme Scale.'/>
        <property name='offering.profile' value='IBM WebSphere eXtreme Scale autonome'/>
      </dictionary>
      <dictionary lang='pt_BR'>
        <property name='offering.name' value='IBM WebSphere eXtreme Scale em um ambiente independente'/>
        <property name='offering.description' value='O WebSphere eXtreme Scale independente permite que você use aplicativos Java SE para criar e usar as grades de dados do eXtreme Scale.'/>
        <property name='offering.profile' value='IBM WebSphere eXtreme Scale independente'/>
      </dictionary>
      <dictionary lang='it'>
        <property name='offering.name' value='IBM WebSphere eXtreme Scale in un ambiente autonomo'/>
        <property name='offering.description' value='WebSphere eXtreme Scale stand-alone consente di utilizzare le applicazioni Java SE per creare ed utilizzare le griglie di dati eXtreme Scale.'/>
        <property name='offering.profile' value='IBM WebSphere eXtreme Scale stand-alone'/>
      </dictionary>
      <file name='Offerings/com.ibm.websphere.WXS.v85_8.5.0.20120420_1742.jar' size='8371' MD5='4bee66cdba15be37a89f134c0fe4dc20'/>
      <file name='Offerings/com.ibm.websphere.WXS.v85_8.5.0.20120420_1742_SE.jar' size='47329' MD5='25045ca73bc883679a312afe452fd6ee'/>
    </offering>
    <offering id='com.ibm.websphere.WXSCLIENT.was7.v85' version='8.5.0.20120420_1738'>
      <information name='%offering.name' version='8.5.0.0'>
        %offering.description
      </information>
      <property name='offering.type' value=''/>
      <property name='default.profile' value=''/>
      <property name='default.user.profile' value=''/>
      <property name='vendor.name' value='IBM'/>
      <property name='offering.service.repositories' value='https://www.ibm.com/software/repositorymanager/service/com.ibm.websphere.WXSCLIENT.was7.v85/repository.xml'/>
      <property name='offering.RequiresAdmin' value='false'/>
      <property name='offering.SupportsGroupMode' value='true'/>
      <property name='beta.compatible' value='true'/>
      <property name='OfferingReference.LicensesKinds' value=''/>
      <property name='OfferingReference.enablement.lum.id' value=''/>
      <property name='OfferingReference.enablement.lum.version' value=''/>
      <property name='supportedPlatforms' value='(|(&amp;(os=aix)(|(arch=ppc)(arch=ppc64)))(&amp;(os=hpux)(|(arch=ia64_32)(arch=ia64)))(&amp;(os=linux)(|(arch=x86)(arch=x86_64)(arch=ppc)(arch=ppc64)(arch=s390)(arch=s390x)))(&amp;(os=solaris)(|(arch=sparc)(arch=sparc64)(arch=x86)(arch=x86_64)))(&amp;(os=win32)(|(arch=x86)(arch=x86_64))))'/>
      <property name='import.profile.validation' value='true'/>
      <dictionary lang='ko'>
        <property name='offering.name' value='IBM WebSphere eXtreme Scale Client for WebSphere Application Server V7'/>
        <property name='offering.description' value='WebSphere eXtreme Scale Client for WebSphere Application Server V7을 사용하면 WebSphere Application Server Java EE 애플리케이션과 통합하여 데이터 그리드를 액세스 및 사용할 수 있습니다. 이러한 데이터 그리드는 WebSphere eXtreme Scale 또는 WebSphere DataPower XC10 어플라이언스 환경에 있습니다.'/>
      </dictionary>
      <dictionary lang='pt_BR'>
        <property name='offering.name' value='IBM WebSphere eXtreme Scale Client para WebSphere Application Server V7'/>
        <property name='offering.description' value='O WebSphere eXtreme Scale Client para WebSphere Application Server V7 permite a integração com aplicativos Java EE do WebSphere Application Server para acessar e usar grades de dados. Essas grades de dados podem estar nos ambientes WebSphere eXtreme Scale ou WebSphere DataPower XC10 Appliance.'/>
      </dictionary>
      <dictionary lang='de'>
        <property name='offering.name' value='IBM WebSphere eXtreme Scale Client for WebSphere Application Server V7'/>
        <property name='offering.description' value='WebSphere eXtreme Scale Client for WebSphere Application Server V7 ermöglicht Ihnen die Integration mit Java-EE-Anwendungen von WebSphere Application Server, um auf Daten-Grids zuzugreifen und diese verwenden zu können. Diese Daten-Grids können in Umgebungen von WebSphere eXtreme Scale oder WebSphere DataPower XC10 Appliance enthalten sein.'/>
      </dictionary>
      <dictionary lang='es'>
        <property name='offering.name' value='IBM WebSphere eXtreme Scale Client for WebSphere Application Server V7'/>
        <property name='offering.description' value='WebSphere eXtreme Scale Client for WebSphere Application Server V7 permite la integración con las aplicaciones WebSphere Application Server Java EE para acceder y utilizar las cuadrículas de datos. Estas cuadrículas de datos pueden estar en entornos de WebSphere eXtreme Scale o WebSphere DataPower XC10 Appliance.'/>
      </dictionary>
      <dictionary lang='zh'>
        <property name='offering.name' value='IBM WebSphere eXtreme Scale Client for WebSphere Application Server V7'/>
        <property name='offering.description' value='WebSphere eXtreme Scale Client for WebSphere Application Server V7 使您能够与 WebSphere Application Server Java EE 应用程序进行集成以访问和使用数据网格。这些数据网格可位于 WebSphere eXtreme Scale 或 WebSphere DataPower XC10 Appliance 环境中。'/>
      </dictionary>
      <dictionary lang='zh_TW'>
        <property name='offering.name' value='適用於 WebSphere Application Server 第 7 版的 IBM WebSphere eXtreme Scale 用戶端'/>
        <property name='offering.description' value='「適用於 WebSphere Application Server 第 7 版的 WebSphere eXtreme Scale 用戶端」可讓您與 WebSphere Application Server Java EE 應用程式整合，以存取及使用資料網格。這些資料網格可以用於 WebSphere eXtreme Scale 或 WebSphere DataPower XC10 Appliance 環境中。'/>
      </dictionary>
      <dictionary lang='fr'>
        <property name='offering.name' value='Client IBM WebSphere eXtreme Scale pour WebSphere Application Server version 7'/>
        <property name='offering.description' value='Le client WebSphere eXtreme Scale pour WebSphere Application Server version 7 permet d&apos;intégrer à WebSphere Application Server des applications Java EE afin d&apos;accéder à des grilles de données et de les utiliser. Ces grilles de données peuvent se trouver dans des environnements WebSphere eXtreme Scale ou WebSphere DataPower XC10 Appliance.'/>
      </dictionary>
      <dictionary lang='it'>
        <property name='offering.name' value='IBM WebSphere eXtreme Scale Client for WebSphere Application Server V7'/>
        <property name='offering.description' value='WebSphere eXtreme Scale Client for WebSphere Application Server V7 abilita l&apos;integrazione con le applicazioni Java EE di WebSphere Application Server consentendo di accedere ed utilizzare le griglie di dati. Tali griglie di dati possono trovarsi in ambiente WebSphere eXtreme Scale o WebSphere DataPower XC10 Appliance.'/>
      </dictionary>
      <dictionary lang='ja'>
        <property name='offering.name' value='IBM WebSphere eXtreme Scale Client for WebSphere Application Server V7'/>
        <property name='offering.description' value='WebSphere eXtreme Scale Client for WebSphere Application Server V7 を使用すると、WebSphere Application Server Java EE アプリケーションとの統合が可能になり、データ・グリッドにアクセスし、使用できるようになります。これらのデータ・グリッドは、WebSphere eXtreme Scale または WebSphere DataPower XC10 Appliance の環境内に配置できます。'/>
      </dictionary>
      <dictionary lang='default'>
        <property name='offering.name' value='IBM WebSphere eXtreme Scale Client for WebSphere Application Server V7'/>
        <property name='offering.description' value='WebSphere eXtreme Scale Client for WebSphere Application Server V7 enables you to integrate with WebSphere Application Server Java EE applications to access and use data grids. These data grids can be in WebSphere eXtreme Scale or WebSphere DataPower XC10 Appliance environments.'/>
      </dictionary>
      <file name='Offerings/com.ibm.websphere.WXSCLIENT.was7.v85_8.5.0.20120420_1738.jar' size='8019' MD5='190c4e04ccd1ff1ccfa8024510dbc7c2'/>
      <file name='Offerings/com.ibm.websphere.WXSCLIENT.was7.v85_8.5.0.20120420_1738_SE.jar' size='20066' MD5='ed92e55c0145e0f3fbb260a5b7acfc86'/>
    </offering>
    <offering id='com.ibm.websphere.WXSCLIENT.was6.v85' version='8.5.0.20120420_1738'>
      <information name='%offering.name' version='8.5.0.0'>
        %offering.description
      </information>
      <property name='offering.type' value=''/>
      <property name='default.profile' value='%offering.profile'/>
      <property name='default.user.profile' value='%offering.profile'/>
      <property name='vendor.name' value='IBM'/>
      <property name='offering.service.repositories' value='https://www.ibm.com/software/repositorymanager/service/com.ibm.websphere.WXSCLIENT.was6.v85/repository.xml'/>
      <property name='offering.RequiresAdmin' value='false'/>
      <property name='offering.SupportsGroupMode' value='true'/>
      <property name='beta.compatible' value='true'/>
      <property name='OfferingReference.LicensesKinds' value=''/>
      <property name='OfferingReference.enablement.lum.id' value=''/>
      <property name='OfferingReference.enablement.lum.version' value=''/>
      <property name='supportedPlatforms' value='(|(&amp;(os=aix)(|(arch=ppc)(arch=ppc64)))(&amp;(os=hpux)(arch=ia64))(&amp;(os=linux)(|(arch=x86)(arch=x86_64)(arch=ppc)(arch=ppc64)(arch=s390)(arch=s390x)))(&amp;(os=solaris)(|(arch=sparc)(arch=sparc64)(arch=x86_64)))(&amp;(os=win32)(|(arch=x86)(arch=x86_64))))'/>
      <property name='import.profile.validation' value='true'/>
      <dictionary lang='ko'>
        <property name='offering.name' value='IBM WebSphere eXtreme Scale Client for WebSphere Application Server V6'/>
        <property name='offering.description' value='WebSphere eXtreme Scale Client for WebSphere Application Server V6를 사용하면 WebSphere Application Server Java EE 애플리케이션과 통합하여 데이터 그리드를 액세스 및 사용할 수 있습니다. 이러한 데이터 그리드는 WebSphere eXtreme Scale 또는 IBM WebSphere DataPower XC10 어플라이언스 환경에 있습니다.'/>
        <property name='offering.profile' value='IBM WebSphere eXtreme Scale Client for WebSphere Application Server V6'/>
      </dictionary>
      <dictionary lang='pt_BR'>
        <property name='offering.name' value='IBM WebSphere eXtreme Scale Client para WebSphere Application Server V6'/>
        <property name='offering.description' value='O WebSphere eXtreme Scale Client para WebSphere Application Server V6 permite a integração com aplicativos Java EE do WebSphere Application Server para acessar e usar grades de dados. Essas grades de dados podem estar nos ambientes WebSphere eXtreme Scale ou IBM WebSphere DataPower XC10 Appliance.'/>
        <property name='offering.profile' value='IBM WebSphere eXtreme Scale Client para WebSphere Application Server V6'/>
      </dictionary>
      <dictionary lang='de'>
        <property name='offering.name' value='IBM WebSphere eXtreme Scale Client for WebSphere Application Server V6'/>
        <property name='offering.description' value='WebSphere eXtreme Scale Client for WebSphere Application Server V6 ermöglicht Ihnen die Integration mit Java-EE-Anwendungen von WebSphere Application Server, um auf Daten-Grids zuzugreifen und diese verwenden zu können. Diese Daten-Grids können in Umgebungen von WebSphere eXtreme Scale oder IBM WebSphere DataPower XC10 Appliance enthalten sein.'/>
        <property name='offering.profile' value='IBM WebSphere eXtreme Scale Client for WebSphere Application Server V6'/>
      </dictionary>
      <dictionary lang='es'>
        <property name='offering.name' value='IBM WebSphere eXtreme Scale Client for WebSphere Application Server V6'/>
        <property name='offering.description' value='WebSphere eXtreme Scale Client for WebSphere Application Server V6 permite la integración con las aplicaciones WebSphere Application Server Java EE para acceder y utilizar las cuadrículas de datos. Estas cuadrículas de datos pueden estar en entornos de WebSphere eXtreme Scale o IBM WebSphere DataPower XC10 Appliance.'/>
        <property name='offering.profile' value='IBM WebSphere eXtreme Scale Client for WebSphere Application Server V6'/>
      </dictionary>
      <dictionary lang='zh'>
        <property name='offering.name' value='IBM WebSphere eXtreme Scale Client for WebSphere Application Server V6'/>
        <property name='offering.description' value='WebSphere eXtreme Scale Client for WebSphere Application Server V6 使您能够与 WebSphere Application Server Java EE 应用程序进行集成以访问和使用数据网格。这些数据网格可位于 WebSphere eXtreme Scale 或 WebSphere DataPower XC10 Appliance 环境中。'/>
        <property name='offering.profile' value='IBM WebSphere eXtreme Scale Client for WebSphere Application Server V6'/>
      </dictionary>
      <dictionary lang='fr'>
        <property name='offering.name' value='Client IBM WebSphere eXtreme Scale pour WebSphere Application Server version 6'/>
        <property name='offering.description' value='Le client WebSphere eXtreme Scale pour WebSphere Application Server version 6 permet d&apos;intégrer à WebSphere Application Server des applications Java EE afin d&apos;accéder à des grilles de données et de les utiliser. Ces grilles de données peuvent se trouver dans des environnements WebSphere eXtreme Scale ou IBM WebSphere DataPower XC10 Appliance.'/>
        <property name='offering.profile' value='Client IBM WebSphere eXtreme Scale pour WebSphere Application Server version 6'/>
      </dictionary>
      <dictionary lang='it'>
        <property name='offering.name' value='IBM WebSphere eXtreme Scale Client for WebSphere Application Server V6'/>
        <property name='offering.description' value='WebSphere eXtreme Scale Client for WebSphere Application Server V6 abilita l&apos;integrazione con le applicazioni Java EE di WebSphere Application Server consentendo di accedere ed utilizzare le griglie di dati. Tali griglie di dati possono trovarsi in ambiente WebSphere eXtreme Scale o IBM WebSphere DataPower XC10 Appliance.'/>
        <property name='offering.profile' value='IBM WebSphere eXtreme Scale Client for WebSphere Application Server V6'/>
      </dictionary>
      <dictionary lang='zh_TW'>
        <property name='offering.name' value='適用於 WebSphere Application Server 第 6 版的 IBM WebSphere eXtreme Scale 用戶端'/>
        <property name='offering.description' value='「適用於 WebSphere Application Server 第 6 版的 WebSphere eXtreme Scale 用戶端」可讓您與 WebSphere Application Server Java EE 應用程式整合，以存取及使用資料網格。這些資料網格可以用於 WebSphere eXtreme Scale 或 IBM WebSphere DataPower XC10 Appliance 環境中。'/>
        <property name='offering.profile' value='適用於 WebSphere Application Server 第 6 版的 IBM WebSphere eXtreme Scale 用戶端'/>
      </dictionary>
      <dictionary lang='ja'>
        <property name='offering.name' value='IBM WebSphere eXtreme Scale Client for WebSphere Application Server V6'/>
        <property name='offering.description' value='WebSphere eXtreme Scale Client for WebSphere Application Server V6 を使用すると、WebSphere Application Server Java EE アプリケーションとの統合が可能になり、データ・グリッドにアクセスし、使用できるようになります。これらのデータ・グリッドは、WebSphere eXtreme Scale または IBM WebSphere DataPower XC10 Appliance の環境内に配置できます。'/>
        <property name='offering.profile' value='IBM WebSphere eXtreme Scale Client for WebSphere Application Server V6'/>
      </dictionary>
      <dictionary lang='default'>
        <property name='offering.name' value='IBM WebSphere eXtreme Scale Client for WebSphere Application Server V6'/>
        <property name='offering.description' value='WebSphere eXtreme Scale Client for WebSphere Application Server V6 enables you to integrate with WebSphere Application Server Java EE applications to access and use data grids. These data grids can be in WebSphere eXtreme Scale or IBM WebSphere DataPower XC10 Appliance environments.'/>
        <property name='offering.profile' value='IBM WebSphere eXtreme Scale Client for WebSphere Application Server V6'/>
      </dictionary>
      <file name='Offerings/com.ibm.websphere.WXSCLIENT.was6.v85_8.5.0.20120420_1738.jar' size='8310' MD5='5e604d8a48947ddb29767e4343af4fa8'/>
      <file name='Offerings/com.ibm.websphere.WXSCLIENT.was6.v85_8.5.0.20120420_1738_SE.jar' size='14211' MD5='4817e92b2973977b7d289c95b9aada57'/>
    </offering>
    <offering id='com.ibm.websphere.WXS.was6.v85' version='8.5.0.20120420_1737'>
      <information name='%offering.name' version='8.5.0.0'>
        %offering.description
      </information>
      <property name='offering.type' value=''/>
      <property name='default.profile' value='%offering.profile'/>
      <property name='default.user.profile' value='%offering.profile'/>
      <property name='vendor.name' value='IBM'/>
      <property name='offering.service.repositories' value='https://www.ibm.com/software/repositorymanager/service/com.ibm.websphere.WXS.was6.v85/repository.xml'/>
      <property name='offering.RequiresAdmin' value='false'/>
      <property name='offering.SupportsGroupMode' value='true'/>
      <property name='beta.compatible' value='true'/>
      <property name='OfferingReference.LicensesKinds' value=''/>
      <property name='OfferingReference.enablement.lum.id' value=''/>
      <property name='OfferingReference.enablement.lum.version' value=''/>
      <property name='supportedPlatforms' value='(|(&amp;(os=aix)(|(arch=ppc)(arch=ppc64)))(&amp;(os=hpux)(arch=ia64))(&amp;(os=linux)(|(arch=x86)(arch=x86_64)(arch=ppc)(arch=ppc64)(arch=s390)(arch=s390x)))(&amp;(os=solaris)(|(arch=sparc)(arch=sparc64)(arch=x86_64)))(&amp;(os=win32)(|(arch=x86)(arch=x86_64))))'/>
      <property name='import.profile.validation' value='true'/>
      <dictionary lang='zh_TW'>
        <property name='offering.name' value='適用於 WebSphere Application Server 第 6 版的 IBM WebSphere eXtreme Scale'/>
        <property name='offering.description' value='「適用於 WebSphere Application Server 第 6 版的 WebSphere eXtreme Scale」可讓您與 WebSphere Application Server 整合，為高效能資料網格應用程式提供其他支援。'/>
        <property name='offering.profile' value='適用於 WebSphere Application Server 第 6 版的 IBM WebSphere eXtreme Scale'/>
      </dictionary>
      <dictionary lang='es'>
        <property name='offering.name' value='IBM WebSphere eXtreme Scale for WebSphere Application Server V6'/>
        <property name='offering.description' value='WebSphere eXtreme Scale for WebSphere Application Server V6 permite la integración con WebSphere Application Server y ofrece un soporte adicional para aplicaciones de cuadrículas de datos de alto rendimiento.'/>
        <property name='offering.profile' value='IBM WebSphere eXtreme Scale for WebSphere Application Server V6'/>
      </dictionary>
      <dictionary lang='zh'>
        <property name='offering.name' value='IBM WebSphere eXtreme Scale for WebSphere Application Server V6'/>
        <property name='offering.description' value='WebSphere eXtreme Scale for WebSphere Application Server V6 使您能够与 WebSphere Application Server 进行集成，为高性能数据网格应用程序提供额外支持。'/>
        <property name='offering.profile' value='IBM WebSphere eXtreme Scale for WebSphere Application Server V6'/>
      </dictionary>
      <dictionary lang='fr'>
        <property name='offering.name' value='IBM WebSphere eXtreme Scale pour WebSphere Application Server version 6'/>
        <property name='offering.description' value='WebSphere eXtreme Scale pour WebSphere Application Server version 6 permet l&apos;intégration à WebSphere Application Server en fournissant le support supplémentaire pour les applications de grille de données à performances élevées.'/>
        <property name='offering.profile' value='IBM WebSphere eXtreme Scale pour WebSphere Application Server version 6'/>
      </dictionary>
      <dictionary lang='it'>
        <property name='offering.name' value='IBM WebSphere eXtreme Scale for WebSphere Application Server V6'/>
        <property name='offering.description' value='WebSphere eXtreme Scale for WebSphere Application Server V6 consente l&apos;integrazione con WebSphere Application Server, fornendo supporto aggiuntivo per le applicazioni della griglia di dati ad alte prestazioni.'/>
        <property name='offering.profile' value='IBM WebSphere eXtreme Scale for WebSphere Application Server V6'/>
      </dictionary>
      <dictionary lang='default'>
        <property name='offering.name' value='IBM WebSphere eXtreme Scale for WebSphere Application Server V6'/>
        <property name='offering.description' value='WebSphere eXtreme Scale for WebSphere Application Server V6 enables you to integrate with WebSphere Application Server, providing additional support for high performance data grid applications.'/>
        <property name='offering.profile' value='IBM WebSphere eXtreme Scale for WebSphere Application Server V6'/>
      </dictionary>
      <dictionary lang='ja'>
        <property name='offering.name' value='IBM WebSphere eXtreme Scale for WebSphere Application Server V6'/>
        <property name='offering.description' value='WebSphere eXtreme Scale for WebSphere Application Server V6 を使用すると、WebSphere Application Server との統合が可能になり、ハイパフォーマンス・データ・グリッド・アプリケーションの追加サポートが提供されます。'/>
        <property name='offering.profile' value='IBM WebSphere eXtreme Scale for WebSphere Application Server V6'/>
      </dictionary>
      <dictionary lang='pt_BR'>
        <property name='offering.name' value='IBM WebSphere eXtreme Scale para WebSphere Application Server V6'/>
        <property name='offering.description' value='O WebSphere eXtreme Scale para WebSphere Application Server V6 permite a integração com o WebSphere Application Server, fornecendo suporte adicional para aplicativos de grade de dados de alto desempenho.'/>
        <property name='offering.profile' value='IBM WebSphere eXtreme Scale para WebSphere Application Server V6'/>
      </dictionary>
      <dictionary lang='ko'>
        <property name='offering.name' value='IBM WebSphere eXtreme Scale for WebSphere Application Server V6'/>
        <property name='offering.description' value='WebSphere eXtreme Scale for WebSphere Application Server V6를 사용하면 WebSphere Application Server와 통합하여 고성능 데이터 그리드 애플리케이션에 대한 추가 지원을 제공할 수 있습니다.'/>
        <property name='offering.profile' value='IBM WebSphere eXtreme Scale for WebSphere Application Server V6'/>
      </dictionary>
      <dictionary lang='de'>
        <property name='offering.name' value='IBM WebSphere eXtreme Scale for WebSphere Application Server V6'/>
        <property name='offering.description' value='WebSphere eXtreme Scale for WebSphere Application Server V6 ermöglicht Ihnen die Integration mit WebSphere Application Server, wodurch eine zusätzliche Unterstützung für Daten-Grid-Anwendungen mit hoher Leistung bereitgestellt wird.'/>
        <property name='offering.profile' value='IBM WebSphere eXtreme Scale for WebSphere Application Server V6'/>
      </dictionary>
      <file name='Offerings/com.ibm.websphere.WXS.was6.v85_8.5.0.20120420_1737.jar' size='8835' MD5='32af0c523cfd7f560113843280d42383'/>
      <file name='Offerings/com.ibm.websphere.WXS.was6.v85_8.5.0.20120420_1737_SE.jar' size='15366' MD5='7ace9b78b382465b64397b26ff14b9b9'/>
    </offering>
    <offering id='com.ibm.websphere.WXSCLIENT.v85' version='8.5.0.20120420_1733'>
      <information name='%offering.name' version='8.5.0.0'>
        %offering.description
      </information>
      <property name='offering.type' value=''/>
      <property name='default.profile' value='%offering.profile'/>
      <property name='default.user.profile' value='%offering.profile'/>
      <property name='vendor.name' value='IBM'/>
      <property name='offering.service.repositories' value='https://www.ibm.com/software/repositorymanager/service/com.ibm.websphere.WXSCLIENT.v85/repository.xml'/>
      <property name='offering.RequiresAdmin' value='false'/>
      <property name='offering.SupportsGroupMode' value='true'/>
      <property name='beta.compatible' value='true'/>
      <property name='OfferingReference.LicensesKinds' value=''/>
      <property name='OfferingReference.enablement.lum.id' value=''/>
      <property name='OfferingReference.enablement.lum.version' value=''/>
      <property name='supportedPlatforms' value='(|(&amp;(os=aix)(|(arch=ppc)(arch=ppc64)))(&amp;(os=hpux)(arch=ia64))(&amp;(os=linux)(|(arch=x86)(arch=x86_64)(arch=ppc)(arch=ppc64)(arch=s390)(arch=s390x)))(&amp;(os=solaris)(|(arch=sparc)(arch=sparc64)(arch=x86_64)))(&amp;(os=win32)(|(arch=x86)(arch=x86_64))))'/>
      <property name='import.profile.validation' value='true'/>
      <dictionary lang='pt_BR'>
        <property name='offering.name' value='IBM WebSphere eXtreme Scale Client em um ambiente independente'/>
        <property name='offering.description' value='O WebSphere eXtreme Scale Client independente permite que aplicativos Java SE acessem grades de dados do eXtreme Scale e caches de dados do IBM WebSphere DataPower XC10.'/>
        <property name='offering.profile' value='IBM WebSphere eXtreme Scale Client independente'/>
      </dictionary>
      <dictionary lang='ko'>
        <property name='offering.name' value='독립형 환경의 IBM WebSphere eXtreme Scale Client'/>
        <property name='offering.description' value='WebSphere eXtreme Scale Client 독립형 버전을 사용하면 Java SE 애플리케이션이 eXtreme Scale 데이터 그리드 및 IBM WebSphere DataPower XC10 데이터 캐시에 액세스할 수 있습니다.'/>
        <property name='offering.profile' value='IBM WebSphere eXtreme Scale Client 독립형'/>
      </dictionary>
      <dictionary lang='de'>
        <property name='offering.name' value='IBM WebSphere eXtreme Scale Client in einer eigenständigen Umgebung'/>
        <property name='offering.description' value='WebSphere eXtreme Scale Client Stand-alone ermöglicht Ihren Java-SE-Anwendungen den Zugriff auf eXtreme-Scale-Daten-Grids und Datencaches von IBM WebSphere DataPower XC10.'/>
        <property name='offering.profile' value='IBM WebSphere eXtreme Scale Client Stand-alone'/>
      </dictionary>
      <dictionary lang='zh_TW'>
        <property name='offering.name' value='位於單機環境中的 IBM WebSphere eXtreme Scale 用戶端'/>
        <property name='offering.description' value='「WebSphere eXtreme Scale 用戶端」單機可讓 Java SE 應用程式存取 eXtreme Scale 資料網格及 IBM WebSphere DataPower XC10 資料快取。'/>
        <property name='offering.profile' value='IBM WebSphere eXtreme Scale 用戶端單機'/>
      </dictionary>
      <dictionary lang='es'>
        <property name='offering.name' value='IBM WebSphere eXtreme Scale Client en un entorno autónomo'/>
        <property name='offering.description' value='WebSphere eXtreme Scale Client en un entorno autónomo permite que las aplicaciones Java SE accedan a las cuadrículas de datos de eXtreme Scale y a las antememorias de datos de IBM WebSphere DataPower XC10.'/>
        <property name='offering.profile' value='IBM WebSphere eXtreme Scale Client en un entorno autónomo'/>
      </dictionary>
      <dictionary lang='zh'>
        <property name='offering.name' value='独立环境中的 IBM WebSphere eXtreme Scale Client'/>
        <property name='offering.description' value='独立 WebSphere eXtreme Scale Client 使 Java SE 应用程序能够访问 eXtreme Scale 数据网格和 IBM WebSphere DataPower XC10 数据高速缓存。'/>
        <property name='offering.profile' value='独立 IBM WebSphere eXtreme Scale Client'/>
      </dictionary>
      <dictionary lang='fr'>
        <property name='offering.name' value='Client IBM WebSphere eXtreme Scale dans un environnement autonome'/>
        <property name='offering.description' value='Le client WebSphere eXtreme Scale autonome permet aux applications Java SE d&apos;accéder aux grilles de données eXtreme Scale et aux caches de données IBM WebSphere DataPower XC10.'/>
        <property name='offering.profile' value='Client IBM WebSphere eXtreme Scale autonome'/>
      </dictionary>
      <dictionary lang='it'>
        <property name='offering.name' value='IBM WebSphere eXtreme Scale Client in un ambiente autonomo'/>
        <property name='offering.description' value='WebSphere eXtreme Scale Client stand-alone consente alle applicazioni Java SE di accedere le griglie di dati eXtreme Scale ed alle cache di dati IBM WebSphere DataPower XC10.'/>
        <property name='offering.profile' value='IBM WebSphere eXtreme Scale Client stand-alone'/>
      </dictionary>
      <dictionary lang='default'>
        <property name='offering.name' value='IBM WebSphere eXtreme Scale Client in a stand-alone environment'/>
        <property name='offering.description' value='WebSphere eXtreme Scale Client stand-alone enables your Java SE applications to access eXtreme Scale data grids and IBM WebSphere DataPower XC10 data caches.'/>
        <property name='offering.profile' value='IBM WebSphere eXtreme Scale Client stand-alone '/>
      </dictionary>
      <dictionary lang='ja'>
        <property name='offering.name' value='スタンドアロン環境の IBM WebSphere eXtreme Scale Client'/>
        <property name='offering.description' value='WebSphere eXtreme Scale Client スタンドアロン版を使用すると、Java SE アプリケーションが eXtreme Scale データ・グリッドおよび IBM WebSphere DataPower XC10 データ・キャッシュにアクセスできるようになります。'/>
        <property name='offering.profile' value='IBM WebSphere eXtreme Scale Client スタンドアロン'/>
      </dictionary>
      <file name='Offerings/com.ibm.websphere.WXSCLIENT.v85_8.5.0.20120420_1733.jar' size='7612' MD5='f2a83f74422f1f7b17740ae11cf1f098'/>
      <file name='Offerings/com.ibm.websphere.WXSCLIENT.v85_8.5.0.20120420_1733_SE.jar' size='46350' MD5='4a09e16867805d5853710111d4f79738'/>
    </offering>
  </repository>
</repositoryDigest>
