<?xml version="1.0" encoding="UTF-8"?>
<xmi:XMI xmi:version="2.0" xmlns:xmi="http://www.omg.org/XMI" xmlns:resources.jdbc="http://www.ibm.com/websphere/appserver/schemas/5.0/resources.jdbc.xmi" xmlns:resources="http://www.ibm.com/websphere/appserver/schemas/5.0/resources.xmi" xmlns:resources.mail="http://www.ibm.com/websphere/appserver/schemas/5.0/resources.mail.xmi" xmlns:resources.url="http://www.ibm.com/websphere/appserver/schemas/5.0/resources.url.xmi" xmlns:resources.jms="http://www.ibm.com/websphere/appserver/schemas/5.0/resources.jms.xmi" xmlns:resources.jms.internalmessaging="http://www.ibm.com/websphere/appserver/schemas/5.0/resources.jms.internalmessaging.xmi" xmlns:resources.jms.mqseries="http://www.ibm.com/websphere/appserver/schemas/5.0/resources.jms.mqseries.xmi" xmlns:resources.j2c="http://www.ibm.com/websphere/appserver/schemas/5.0/resources.j2c.xmi" xmlns:resources.env="http://www.ibm.com/websphere/appserver/schemas/5.0/resources.env.xmi">
  <xmi:Documentation>
    <contact>WebSphere Application Server v5.0 Default Configuration Files v1.9.1.2 6/30/03</contact>
  </xmi:Documentation>

  <resources.jdbc:JDBCProvider xmi:id="JDBCProvider_1" name="Cloudscape JDBC Provider" description="Cloudscape JDBC Provider" implementationClassName="com.ibm.db2j.jdbc.DB2jConnectionPoolDataSource">
    <classpath>${CLOUDSCAPE_JDBC_DRIVER_PATH}/db2j.jar</classpath>
    <factories xmi:type="resources.jdbc:DataSource" xmi:id="DataSource_1" name="Default Datasource" jndiName="DefaultDatasource" description="Datasource for the WebSphere Default Application" category="default"
      statementCacheSize="0" datasourceHelperClassname="com.ibm.websphere.rsadapter.CloudscapeDataStoreHelper"  authMechanismPreference="BASIC_PASSWORD" relationalResourceAdapter="builtin_rra">
      <connectionPool xmi:id="ConnectionPool_1" connectionTimeout="1000" maxConnections="30" minConnections="1" reapTime="180" unusedTimeout="1800" purgePolicy="FailingConnectionOnly"/>
      <propertySet xmi:id="DB2a-J2EEResourcePropertySet_1a">
        <resourceProperties xmi:id="res_prop_template_DB2j_5_1" name="databaseName" type="java.lang.String" value="${WAS_INSTALL_ROOT}/bin/DefaultDB" description="Location of Cloudscape default database."/>
        <resourceProperties xmi:id="res_prop_template_DB2j_5_3" name="shutdownDatabase" type="java.lang.String" value=""/>
        <resourceProperties xmi:id="res_prop_template_DB2j_5_4" name="dataSourceName" type="java.lang.String" value=""/>
        <resourceProperties xmi:id="res_prop_template_DB2j_5_5" name="description" type="java.lang.String" value=""/>
        <resourceProperties xmi:id="res_prop_template_DB2j_5_6" name="connectionAttributes" type="java.lang.String" value="upgrade=true"/>
        <resourceProperties xmi:id="res_prop_template_DB2j_5_8" name="createDatabase" type="java.lang.String" value=""/>
      </propertySet>
    </factories>
  </resources.jdbc:JDBCProvider>

  <resources.jdbc:JDBCProvider xmi:id="JDBCProvider_db2j_2" name="Cloudscape JDBC Provider (XA)" description="Cloudscape JDBC Provider (XA)" implementationClassName="com.ibm.db2j.jdbc.DB2jXADataSource">
    <classpath>${CLOUDSCAPE_JDBC_DRIVER_PATH}/db2j.jar</classpath>
  </resources.jdbc:JDBCProvider>

  <resources.jms:JMSProvider xmi:id="builtin_jmsprovider" name="WebSphere JMS Provider" description="Built-in WebSphere JMS Provider" externalInitialContextFactory="" externalProviderURL="" >
  </resources.jms:JMSProvider>
  <resources.jms:JMSProvider xmi:id="builtin_mqprovider" name="WebSphere MQ JMS Provider" description="WebSphere MQ JMS Provider" externalInitialContextFactory="" externalProviderURL="" >
    <classpath>${MQJMS_LIB_ROOT}</classpath>
    <nativepath>${MQJMS_LIB_ROOT}</nativepath>
  </resources.jms:JMSProvider>

 <resources.j2c:J2CResourceAdapter xmi:id="builtin_rra" name="WebSphere Relational Resource Adapter" description="Built-in Relational Resource Adapter for Container Managed Persistence" archivePath="${WAS_LIBS_DIR}/rsadapter.rar">
      <factories xmi:type="resources.jdbc:CMPConnectorFactory" xmi:id="CMPConnectorFactory_1" name="Default_CF" authMechanismPreference="BASIC_PASSWORD" cmpDatasource="DataSource_1">
       <propertySet xmi:id="J2EEResourcePropertySet_2">
         <resourceProperties xmi:id="J2EEResourceProperty_10" name="TransactionResourceRegistration" type="java.lang.String" value="dynamic"/>
         <resourceProperties xmi:id="J2EEResourceProperty_11" name="InactiveConnectionSupport" type="java.lang.Boolean" value="true"/>
       </propertySet>
     </factories>
     <propertySet xmi:id="J2EEResourcePropertySet_8">
       <resourceProperties xmi:id="J2EEResourceProperty_31" name="TransactionResourceRegistration" type="java.lang.String" value="dynamic"
         description="Type of transaction resource registration (enlistment).  Valid values are either &#34;static&#34; (immediate) or &#34;dynamic&#34; (deferred)."/>
       <resourceProperties xmi:id="J2EEResourceProperty_32" name="InactiveConnectionSupport" type="java.lang.Boolean" value="true"
            description="Specify whether connection handles support implicit reactivation. (Smart Handle support). Value may be &#34;true&#34; or &#34;false&#34;."/>
     </propertySet>
   </resources.j2c:J2CResourceAdapter>

  <resources.mail:MailProvider xmi:id="builtin_mailprovider" name="Built-in Mail Provider" description="The built-in mail provider">
    <protocolProviders xmi:id="builtin_smtp" protocol="smtp" classname="com.sun.mail.smtp.SMTPTransport" type="TRANSPORT"/>
    <protocolProviders xmi:id="builtin_pop3" protocol="pop3" classname="com.sun.mail.pop3.POP3Store" type="STORE"/>
    <protocolProviders xmi:id="builtin_imap" protocol="imap" classname="com.sun.mail.imap.IMAPStore" type="STORE"/>
  </resources.mail:MailProvider>

  <resources.url:URLProvider xmi:id="URLProvider_1" name="Default URL Provider" streamHandlerClassName="unused" protocol="unused" /> 

</xmi:XMI>
