<?xml version="1.0" encoding="UTF-8"?>
<serverindex:ServerIndex xmi:version="2.0" xmlns:xmi="http://www.omg.org/XMI" xmlns:serverindex="http://www.ibm.com/websphere/appserver/schemas/5.0/serverindex.xmi" xmi:id="ServerIndex_1" hostName="jcheng6">
  <serverEntries xmi:id="ServerEntry_1" serverDisplayName="server1" serverName="server1" serverType="APPLICATION_SERVER">
    <!--
    <deployedApplications>DefaultApplication.ear/deployments/DefaultApplication</deployedApplications>
    <deployedApplications>ivtApp.ear/deployments/ivtApp</deployedApplications>
    <deployedApplications>adminconsole.ear/deployments/adminconsole</deployedApplications>
    -->
    <deployedApplications>03-From.ear/deployments/03-From</deployedApplications>
    <deployedApplications>03-To1.ear/deployments/03-To1</deployedApplications>
    <specialEndpoints xmi:id="NamedEndPoint_1" endPointName="BOOTSTRAP_ADDRESS">
      <endPoint xmi:id="EndPoint_1" host="jcheng6" port="2809"/>
    </specialEndpoints>
    <specialEndpoints xmi:id="NamedEndPoint_2" endPointName="SOAP_CONNECTOR_ADDRESS">
      <endPoint xmi:id="EndPoint_2" host="jcheng6" port="8880"/>
    </specialEndpoints>
    <specialEndpoints xmi:id="NamedEndPoint_3" endPointName="DRS_CLIENT_ADDRESS">
      <endPoint xmi:id="EndPoint_3" host="jcheng6" port="7873"/>
    </specialEndpoints>
    <specialEndpoints xmi:id="NamedEndPoint_4" endPointName="JMSSERVER_QUEUED_ADDRESS">
      <endPoint xmi:id="EndPoint_4" host="jcheng6" port="5558"/>
    </specialEndpoints>
    <specialEndpoints xmi:id="NamedEndPoint_5" endPointName="JMSSERVER_DIRECT_ADDRESS">
      <endPoint xmi:id="EndPoint_5" host="jcheng6" port="5559"/>
    </specialEndpoints>
    <specialEndpoints xmi:id="NamedEndPoint_6" endPointName="SAS_SSL_SERVERAUTH_LISTENER_ADDRESS">
      <endPoint xmi:id="EndPoint_6" host="jcheng6" port="0"/>
    </specialEndpoints>
    <specialEndpoints xmi:id="NamedEndPoint_7" endPointName="CSIV2_SSL_SERVERAUTH_LISTENER_ADDRESS">
      <endPoint xmi:id="EndPoint_7" host="jcheng6" port="0"/>
    </specialEndpoints>
    <specialEndpoints xmi:id="NamedEndPoint_8" endPointName="CSIV2_SSL_MUTUALAUTH_LISTENER_ADDRESS">
      <endPoint xmi:id="EndPoint_8" host="jcheng6" port="0"/>
    </specialEndpoints>
  </serverEntries>
</serverindex:ServerIndex>
