<?xml version="1.0" encoding="UTF-8"?>
<AgentControllerConfiguration activeConfiguration="default" filePort="10005" jvm="C:\WebSphere\AppServer\java\jre\bin\classic\jvm.dll" loggingDetail="LOW" loggingLevel="INFORMATION" port="10002" processPolling="true" securedPort="10003" version="3.0.1.1">
	<AgentControllerEnvironment configuration="default">
		<Variable name="JAVA_PATH" position="replace" value="C:\WebSphere\AppServer\java\jre\bin\java.exe"/>
		<Variable name="RASERVER_HOME" position="replace" value="C:\Program Files\IBM\AgentController"/>
		<Variable name="PATH" position="prepend" value="%RASERVER_HOME%\bin"/>
		<Variable name="SYS_TEMP_DIR" position="replace" value="C:\DOCUME~1\ADMINI~1\LOCALS~1\Temp"/>
		<Variable name="LOCAL_AGENT_TEMP_DIR" position="replace" value="%SYS_TEMP_DIR%"/>
		<Variable name="CLASSPATH" position="append" value="%RASERVER_HOME%\lib\commons-logging.jar"/>
		<Variable name="CLASSPATH" position="append" value="%RASERVER_HOME%\lib\hcframe.jar"/>
		<Variable name="CLASSPATH" position="append" value="%RASERVER_HOME%\lib\hexcore.jar"/>
		<Variable name="CLASSPATH" position="append" value="%RASERVER_HOME%\lib\hexl.jar"/>
		<Variable name="CLASSPATH" position="append" value="%RASERVER_HOME%\lib\hexr.jar"/>
		<Variable name="CLASSPATH" position="append" value="%RASERVER_HOME%\lib\hl14.jar"/>
		<Variable name="CLASSPATH" position="append" value="%RASERVER_HOME%\lib\hlcommons.jar"/>
		<Variable name="CLASSPATH" position="append" value="%RASERVER_HOME%\lib\hlcore.jar"/>
		<Variable name="CLASSPATH" position="append" value="%RASERVER_HOME%\lib\hlevents.jar"/>
		<Variable name="CLASSPATH" position="append" value="%RASERVER_HOME%\lib\hlcbe101.jar"/>
		<Variable name="CLASSPATH" position="append" value="%RASERVER_HOME%\lib\ecore.jar"/>
		<Variable name="CLASSPATH" position="append" value="%RASERVER_HOME%\lib\common.jar"/>
	</AgentControllerEnvironment>
	<Application configuration="default" executable="java.exe" location="%SYS_TEMP_DIR%" path="%JAVA_PATH%"/>
	<Hosts configuration="default">
		<Allow host="ALL"/>
	</Hosts>
	<Plugin path="%RASERVER_HOME%\plugins"/>
</AgentControllerConfiguration>
