<?xml version="1.0" ?>
<!DOCTYPE cache SYSTEM "cachespec.dtd">

	<!--
		Licensed Materials - Property of IBM WebSphere Commerce (C) Copyright
		IBM Corp. 2012 All Rights Reserved. US Government Users Restricted
		Rights - Use, duplication or disclosure restricted by GSA ADP Schedule
		Contract with IBM Corp.
	-->

	<!--

		Cache Invalidator and Cache instances Mapping

		name="/services/cache/defaultCache" - StringHolder1

		name="/services/cache/espotCache" - StringHolder2

		name="/services/cache/pageCache" - StringHolder3

		name="/services/cache/productCache" - ColesStringHolder1

		name="/services/cache/userCache" - ColesStringHolder2

		name="/services/cache/inventoryCache" - ColesStringHolder3
	-->

<cache>
	<!--
		Cache entry to cache XSTOREFFMCATREL lookups via custom cacheable
		command
	-->
	<cache-entry>
		<class>command</class>
		<sharing-policy>not-shared</sharing-policy>
		<name>au.com.coles.commerce.member.commands.COLRegionalESiteReadCmd.class</name>
		<cache-id>
			<component type="method" id="getCacheKey">
				<required>true</required>
			</component>
			<priority>1</priority>
		</cache-id>
		<dependency-id>TTL:STAGEPROP</dependency-id>
	</cache-entry>

	<cache-entry>
		<class>command</class>
		<sharing-policy>not-shared</sharing-policy>
		<name>au.com.coles.commerce.member.commands.COLStoreCatalogFfmcenterReadCmd.class</name>
		<cache-id>
			<component type="method" id="getStoreId">
				<required>false</required>
			</component>
			<component type="method" id="getCatalogId">
				<required>false</required>
			</component>
			<component type="method" id="getExtFfmcId">
				<required>false</required>
			</component>
			<component type="method" id="getFfmcId">
				<required>false</required>
			</component>
			<priority>1</priority>
		</cache-id>
		<dependency-id>TTL:STAGEPROP</dependency-id>
	</cache-entry>
	
	<!-- *** DIALOG MARKETING COMMAND CACHE ENTRIES *** -->
	<!-- Cache Entry for Filter Category -->
	<cache-entry>
		<class>command</class>
		<sharing-policy>not-shared</sharing-policy>
		<name>com.ibm.commerce.marketing.commands.marketingspot.FilterCategoryTaskCmdImpl</name>
		<cache-id>
			<component id="getCacheKey" type="method">
				<required>true</required>
			</component>
			<component id="getDataType" type="method">
				<required>true</required>
			</component>
			<component id="getStoreId" type="method">
				<required>true</required>
			</component>
			<component id="getLanguageId" type="method">
				<required>true</required>
			</component>
			<component id="getActivityId" type="method">
				<required>true</required>
			</component>
			<component id="getCatalogId" type="method">
				<required>true</required>
			</component>
			<component id="getExperimentId" type="method">
				<required>false</required>
			</component>
			<component id="getTestElementId" type="method">
				<required>false</required>
			</component>
			<priority>10</priority>
			<timeout>10800</timeout>
			<inactivity>3600</inactivity>
		</cache-id>
		<!--
			Invalidate when the associated category or activity has changed.
		-->
		<dependency-id>
			categoryId
			<component id="getCacheKey" type="method">
				<required>true</required>
			</component>
		</dependency-id>
		<dependency-id>
			activityId
			<component id="getActivityId" type="method">
				<required>true</required>
			</component>
		</dependency-id>
		<dependency-id>dialogMarketingCommand</dependency-id>
	</cache-entry>
	<!-- Cache Entry for Filter Catalog Entry -->
	<cache-entry>
		<class>command</class>
		<sharing-policy>not-shared</sharing-policy>
		<name>com.ibm.commerce.marketing.commands.marketingspot.FilterCatalogEntryTaskCmdImpl</name>
		<cache-id>
			<component id="getCacheKey" type="method">
				<required>true</required>
			</component>
			<component id="getDataType" type="method">
				<required>true</required>
			</component>
			<component id="getStoreId" type="method">
				<required>true</required>
			</component>
			<component id="getLanguageId" type="method">
				<required>true</required>
			</component>
			<component id="getActivityId" type="method">
				<required>true</required>
			</component>
			<component id="getCatalogId" type="method">
				<required>true</required>
			</component>
			<component id="getExperimentId" type="method">
				<required>false</required>
			</component>
			<component id="getTestElementId" type="method">
				<required>false</required>
			</component>
			<priority>10</priority>
			<timeout>10800</timeout>
			<inactivity>3600</inactivity>
		</cache-id>
		<!--
			Invalidate when the associated catalog entry or activity has changed.
		-->
		<dependency-id>
			productId
			<component id="getCacheKey" type="method">
				<required>true</required>
			</component>
		</dependency-id>
		<dependency-id>
			activityId
			<component id="getActivityId" type="method">
				<required>true</required>
			</component>
		</dependency-id>
		<dependency-id>dialogMarketingCommand</dependency-id>
	</cache-entry>
	<!-- Cache Entry for Filter Marketing Content -->
	<cache-entry>
		<class>command</class>
		<sharing-policy>not-shared</sharing-policy>
		<name>com.ibm.commerce.marketing.commands.marketingspot.FilterContentTaskCmdImpl</name>
		<cache-id>
			<component id="getCacheKey" type="method">
				<required>true</required>
			</component>
			<component id="getDataType" type="method">
				<required>true</required>
			</component>
			<component id="getStoreId" type="method">
				<required>true</required>
			</component>
			<component id="getLanguageId" type="method">
				<required>true</required>
			</component>
			<component id="getActivityId" type="method">
				<required>true</required>
			</component>
			<component id="getCatalogId" type="method">
				<required>true</required>
			</component>
			<component id="getExperimentId" type="method">
				<required>false</required>
			</component>
			<component id="getTestElementId" type="method">
				<required>false</required>
			</component>
			<priority>10</priority>
			<timeout>10800</timeout>
			<inactivity>3600</inactivity>
		</cache-id>
		<!--
			Invalidate when the associated marketing content or activity has
			changed.
		-->
		<dependency-id>
			contentId
			<component id="getCacheKey" type="method">
				<required>true</required>
			</component>
		</dependency-id>
		<dependency-id>
			activityId
			<component id="getActivityId" type="method">
				<required>true</required>
			</component>
		</dependency-id>
		<dependency-id>dialogMarketingCommand</dependency-id>
	</cache-entry>
	<!-- *** END OF DIALOG MARKETING COMMAND CACHE ENTRIES *** -->
	<!-- *** DIALOG MARKETING INVALIDATION POLICIES *** -->
	<!-- Activity update -->
	<cache-entry>
		<class>command</class>
		<name>com.ibm.commerce.marketing.facade.server.commands.ProcessActivityCmdImpl</name>
		<property name="delay-invalidations">true</property>
		<invalidation>
			activityId
			<component id="getUniqueID" type="method" multipleIDs="true">
				<required>true</required>
			</component>
		</invalidation>
	</cache-entry>
	<!-- Marketing Content update -->
	<cache-entry>
		<class>command</class>
		<name>com.ibm.commerce.marketing.facade.server.commands.ChangeMarketingContentCmdImpl</name>
		<name>com.ibm.commerce.marketing.facade.server.commands.ProcessMarketingContentCmdImpl</name>
		<property name="delay-invalidations">true</property>
		<invalidation>
			contentId
			<component id="getUniqueID" type="method" multipleIDs="true">
				<required>true</required>
			</component>
		</invalidation>
	</cache-entry>
	<!--
		CACHE_INSTANCE - defaultCache (WXS) (separation from baseCache)
	-->
	<cache-instance name="/services/cache/defaultCache">

		<!--
			Cache Invalidator for this cache instance - Unique sub-class of
			StringHolderCmdImpl
		-->

		<cache-entry>
			<class>command</class>
			<name>com.ibm.commerce.dynacache.commands.StringHolder1</name>
			<invalidation>
				<component type="method" id="getString">
				</component>
			</invalidation>
		</cache-entry>


		<!-- CachedHeaderDisplay.jsp -->
		<cache-entry>
			<class>servlet</class>
			<name>/ColesStorefrontAssetStore/include/styles/style1/CachedHeaderDisplay.jsp</name>
			<property name="EdgeCacheable">false</property>
			<property name="consume-subfragments">true</property>
			<property name="save-attributes">false</property>
			<property name="store-cookies">false</property>
			<property name="do-not-consume">false</property>
			<property name="persist-to-disk">false</property>
			<property name="ignore-get-post">true</property>
			<cache-id>
				<priority>16</priority>
				<component id="host" type="header">
					<required>true</required>
				</component>
				<component id="coles_comments_enabled" type="cookie">
					<required>false</required>
					<not-value>true</not-value>
				</component>
				<component id="storeId" type="parameter">
					<required>true</required>
				</component>
				<component id="catalogId" type="parameter">
					<required>true</required>
				</component>
				<component id="resultCatentryType" type="parameter">
					<required>false</required>
				</component>
				<component id="DC_lang" type="attribute">
					<required>true</required>
				</component>
				<component id="DC_curr" type="attribute">
					<required>true</required>
				</component>
				<component id="CommandContext" type="attribute">
					<method>isSecure</method>
					<required>false</required>
				</component>
			</cache-id>

			<dependency-id>TTL:STAGEPROP</dependency-id>
		</cache-entry>

		<!-- CachedHeaderDisplay.jsp -->
		<cache-entry>
			<class>servlet</class>
			<name>/ColesStorefrontAssetStore/include/styles/style1/CachedTopHeaderDisplay.jsp</name>
			<property name="EdgeCacheable">false</property>
			<property name="consume-subfragments">true</property>
			<property name="save-attributes">false</property>
			<property name="store-cookies">false</property>
			<property name="do-not-consume">false</property>
			<property name="persist-to-disk">false</property>
			<property name="ignore-get-post">true</property>
			<cache-id>
				<priority>16</priority>
				<component id="host" type="header">
					<required>true</required>
				</component>
				<component id="coles_comments_enabled" type="cookie">
					<required>false</required>
					<not-value>true</not-value>
				</component>
				<component id="storeId" type="parameter">
					<required>true</required>
				</component>
				<component id="catalogId" type="parameter">
					<required>true</required>
				</component>
				<component id="headerType" type="parameter">
					<required>false</required>
				</component>
				<component id="DC_lang" type="attribute">
					<required>true</required>
				</component>
				<component id="DC_curr" type="attribute">
					<required>true</required>
				</component>
			</cache-id>

			<dependency-id>TTL:STAGEPROP</dependency-id>
		</cache-entry>


		<!-- CachedFooterDisplay.jsp -->
		<cache-entry>
			<class>servlet</class>
			<name>/ColesStorefrontAssetStore/include/styles/style1/CachedFooterDisplay.jsp</name>
			<property name="EdgeCacheable">false</property>
			<property name="consume-subfragments">true</property>
			<property name="save-attributes">false</property>
			<property name="store-cookies">false</property>
			<property name="do-not-consume">false</property>
			<property name="persist-to-disk">false</property>
			<property name="ignore-get-post">true</property>
			<cache-id>
				<priority>16</priority>
				<component id="host" type="header">
					<required>true</required>
				</component>
				<component id="coles_comments_enabled" type="cookie">
					<required>false</required>
					<not-value>true</not-value>
				</component>
				<component id="storeId" type="parameter">
					<required>true</required>
				</component>
				<component id="catalogId" type="parameter">
					<required>true</required>
				</component>
				<component id="userType" type="parameter">
					<required>true</required>
				</component>
			</cache-id>

			<dependency-id>TTL:STAGEPROP</dependency-id>
		</cache-entry>

		<cache-entry>
			<class>servlet</class>
			<name>/ColesStorefrontAssetStore/include/ColesOverlaySetup.jsp</name>
			<property name="do-not-cache">true</property>
			<property name="do-not-consume">true</property>
			<cache-id>
				<component id="host" type="header">
					<required>true</required>
				</component>
				<component id="DC_storeId" type="attribute">
					<required>false</required>
				</component>
			</cache-id>
		</cache-entry>

		<!--
			Breadcrumb Trail is consumed for all cached parent fragments except
			for PDP page.
		-->
		<cache-entry>
			<class>servlet</class>
			<name>/ColesStorefrontAssetStore/include/BreadCrumbTrailDisplay.jsp</name>
			<cache-id>
				<property name="do-not-cache">true</property>
				<property name="do-not-consume">true</property>
				<component id="host" type="header">
					<required>true</required>
				</component>
				<component id="DC_storeId" type="attribute">
					<required>false</required>
				</component>
				<component id="productId" type="parameter">
					<required>true</required>
				</component>
				<component id="productPage" type="parameter">
					<required>true</required>
					<value>true</value>
				</component>
			</cache-id>
		</cache-entry>

		<cache-entry>
			<class>servlet</class>
			<name>/ColesStorefrontAssetStore/ShoppingArea/CatalogSection/SearchSubsection/ColesMultiSearchPaneDisplay.jsp</name>
			<property name="do-not-cache">true</property>
			<property name="do-not-consume">true</property>
			<cache-id>
				<component id="host" type="header">
					<required>true</required>
				</component>
				<component id="DC_storeId" type="attribute">
					<required>false</required>
				</component>
			</cache-id>
		</cache-entry>


	</cache-instance>

	<!--  CACHE_INSTANCE - ESpot Specific Cache (WXS) -->
	<cache-instance name="/services/cache/espotCache">
		<!--
			Cache Invalidator for this cache instance - Unique sub-class of
			StringHolderCmdImpl
		-->
		<cache-entry>
			<class>command</class>
			<name>com.ibm.commerce.dynacache.commands.StringHolder2</name>
			<invalidation>
				<component type="method" id="getString">
				</component>
			</invalidation>
		</cache-entry>
		<!--
			ContentAreaESpot.jsp - Cached for certain pre-defined static eSpot
			pages
		-->
		<!--
			and the invalidation for the eSpot caches and the correct cache-id
			must be defined
		-->
		<cache-entry>
			<class>servlet</class>
			<name>/ColesStorefrontAssetStore/Snippets/Marketing/ESpot/UncachedESpot.jsp</name>
			<property name="EdgeCacheable">false</property>
			<property name="consume-subfragments">true</property>
			<property name="save-attributes">false</property>
			<property name="store-cookies">false</property>
			<property name="do-not-consume">true</property>
			<property name="do-not-cache">true</property>
			<property name="persist-to-disk">false</property>
			<property name="ignore-get-post">true</property>
			<cache-id>
				<priority>16</priority>
				<component id="host" type="header">
					<required>true</required>
				</component>
				<component id="storeId" type="parameter">
					<required>true</required>
				</component>
			</cache-id>
		</cache-entry>	
		<cache-entry>
			<class>servlet</class>
			<name>/ColesStorefrontAssetStore/Snippets/Marketing/ESpot/ContentESpot.jsp</name>
			<property name="EdgeCacheable">false</property>
			<property name="consume-subfragments">true</property>
			<property name="save-attributes">false</property>
			<property name="store-cookies">false</property>
			<property name="do-not-consume">false</property>
			<property name="do-not-cache">false</property>
			<property name="persist-to-disk">false</property>
			<property name="ignore-get-post">true</property>
			<cache-id>
				<priority>16</priority>
				<timeout>43200</timeout>
				<component id="host" type="header">
					<required>true</required>
				</component>
				<component id="coles_comments_enabled" type="cookie">
					<required>false</required>
					<not-value>true</not-value>
				</component>
				<component id="storeId" type="parameter">
					<required>true</required>
				</component>
				<component id="emsName" type="parameter">
					<required>true</required>
					<not-value>AISLE_All_Content_1</not-value>
					<not-value>AISLE_All_Promotion_2</not-value>
					<not-value>AISLE_All_Content_3</not-value>
					<not-value>AISLE_All_Product_4</not-value>
					<not-value>AISLE_All_Content_5</not-value>
					<not-value>AISLE_All_Content_6</not-value>
					<not-value>CAT_All_Product_1</not-value>
				</component>
				<component id="espotTitle" type="parameter">
					<required>false</required>
				</component>
				<component id="DC_lang" type="attribute">
					<required>false</required>
				</component>
			</cache-id>
			<dependency-id>ESPOTS:TTL:STAGEPROP</dependency-id>
			<dependency-id>
				ESPOTS:storeId:emsName
				<component id="storeId" type="parameter">
					<required>true</required>
				</component>
				<component id="emsName" type="parameter">
					<required>true</required>
				</component>
			</dependency-id>
			<!--
				Dependency to ensure eSpots get invalidated when change is made to
				Asset Store eSpots/Activities
			-->
			<dependency-id>
				ESPOTS:storeId:emsName:10201
				<component id="emsName" type="parameter">
					<required>true</required>
				</component>
			</dependency-id>
		</cache-entry>
		<!--
			ContentAreaESpot.jsp - Cached for certain pre-defined static eSpot
			pages
		-->
		<!--
			and the invalidation for the eSpot caches and the correct cache-id
			must be defined
		-->
		<cache-entry>
			<class>servlet</class>
			<name>/ColesStorefrontAssetStore/Snippets/Marketing/ESpot/ContentTargetedESpot.jsp</name>
			<property name="EdgeCacheable">false</property>
			<property name="consume-subfragments">true</property>
			<property name="save-attributes">false</property>
			<property name="store-cookies">false</property>
			<property name="do-not-consume">true</property>
			<property name="do-not-cache">false</property>
			<property name="persist-to-disk">false</property>
			<property name="ignore-get-post">true</property>
			<cache-id>
				<priority>16</priority>
				<timeout>900</timeout>
				<component id="host" type="header">
					<required>true</required>
				</component>
				<component id="coles_comments_enabled" type="cookie">
					<required>false</required>
					<not-value>true</not-value>
				</component>
				<component id="storeId" type="parameter">
					<required>true</required>
				</component>
				<component id="emsName" type="parameter">
					<required>true</required>
					<not-value>AISLE_All_Content_1</not-value>
					<not-value>AISLE_All_Promotion_2</not-value>
					<not-value>AISLE_All_Content_3</not-value>
					<not-value>AISLE_All_Product_4</not-value>
					<not-value>AISLE_All_Content_5</not-value>
					<not-value>AISLE_All_Content_6</not-value>
					<not-value>CAT_All_Product_1</not-value>
				</component>
				<component id="espotTitle" type="parameter">
					<required>false</required>
				</component>
				<component id="DC_mg" type="attribute">
					<required>true</required>
				</component>
				<component id="DC_lang" type="attribute">
					<required>false</required>
				</component>
			</cache-id>
			<dependency-id>ESPOTS:TTL:STAGEPROP</dependency-id>
			<dependency-id>
				ESPOTS:storeId:emsName
				<component id="storeId" type="parameter">
					<required>true</required>
				</component>
				<component id="emsName" type="parameter">
					<required>true</required>
				</component>
			</dependency-id>
			<!--
				Dependency to ensure eSpots get invalidated when change is made to
				Asset Store eSpots/Activities
			-->
			<dependency-id>
				ESPOTS:storeId:emsName:10201
				<component id="emsName" type="parameter">
					<required>true</required>
				</component>
			</dependency-id>
		</cache-entry>
		<!--
			ContentAreaESpot.jsp - Cached for certain pre-defined static eSpot
			pages
		-->
		<!--
			and the invalidation for the eSpot caches and the correct cache-id
			must be defined
		-->
		<cache-entry>
			<class>servlet</class>
			<name>/ColesStorefrontAssetStore/Snippets/Marketing/ESpot/ProductESpot.jsp</name>
			<property name="EdgeCacheable">false</property>
			<property name="consume-subfragments">true</property>
			<property name="save-attributes">false</property>
			<property name="store-cookies">false</property>
			<property name="persist-to-disk">false</property>
			<property name="ignore-get-post">true</property>
			<property name="do-not-consume">false</property>
			<property name="do-not-cache">false</property>
			<cache-id>
				<priority>16</priority>
				<component id="host" type="header">
					<required>true</required>
				</component>
				<component id="coles_comments_enabled" type="cookie">
					<required>false</required>
					<not-value>true</not-value>
				</component>
				<component id="storeId" type="parameter">
					<required>true</required>
				</component>
				<component id="catalogId" type="parameter">
					<required>true</required>
				</component>
				<component id="emsName" type="parameter">
					<required>true</required>
					<not-value>CAT_All_Product_1</not-value>
				</component>
				<component id="espotTitle" type="parameter">
					<required>false</required>
				</component>
				<component id="DC_lang" type="attribute">
					<required>false</required>
				</component>
			</cache-id>
			<dependency-id>ESPOTS:TTL:STAGEPROP</dependency-id>
			<dependency-id>
				ESPOTS:storeId:emsName
				<component id="storeId" type="parameter">
					<required>true</required>
				</component>
				<component id="emsName" type="parameter">
					<required>true</required>
				</component>
			</dependency-id>
			<!--
				Dependency to ensure eSpots get invalidated when change is made to
				Asset Store eSpots/Activities
			-->
			<dependency-id>
				ESPOTS:storeId:emsName:10201
				<component id="emsName" type="parameter">
					<required>true</required>
				</component>
			</dependency-id>
		</cache-entry>
		<!--
			ContentAreaESpot.jsp - Cached for certain pre-defined static eSpot
			pages
		-->
		<!--
			and the invalidation for the eSpot caches and the correct cache-id
			must be defined
		-->
		<cache-entry>
			<class>servlet</class>
			<name>/ColesStorefrontAssetStore/Snippets/Marketing/ESpot/ProductTargetedESpot.jsp</name>
			<property name="EdgeCacheable">false</property>
			<property name="consume-subfragments">true</property>
			<property name="save-attributes">false</property>
			<property name="store-cookies">false</property>
			<property name="do-not-consume">true</property>
			<property name="do-not-cache">false</property>
			<property name="persist-to-disk">false</property>
			<property name="ignore-get-post">true</property>
			<cache-id>
				<priority>16</priority>
				<timeout>900</timeout>
				<component id="host" type="header">
					<required>true</required>
				</component>
				<component id="coles_comments_enabled" type="cookie">
					<required>false</required>
					<not-value>true</not-value>
				</component>
				<component id="storeId" type="parameter">
					<required>true</required>
				</component>
				<component id="catalogId" type="parameter">
					<required>true</required>
				</component>
				<component id="emsName" type="parameter">
					<required>true</required>
					<not-value>AISLE_All_Content_1</not-value>
					<not-value>AISLE_All_Promotion_2</not-value>
					<not-value>AISLE_All_Content_3</not-value>
					<not-value>AISLE_All_Product_4</not-value>
					<not-value>AISLE_All_Content_5</not-value>
					<not-value>AISLE_All_Content_6</not-value>
					<not-value>CAT_All_Product_1</not-value>
				</component>
				<component id="espotTitle" type="parameter">
					<required>false</required>
				</component>
				<component id="DC_mg" type="attribute">
					<required>true</required>
				</component>
				<component id="DC_lang" type="attribute">
					<required>false</required>
				</component>
			</cache-id>
			<dependency-id>ESPOTS:TTL:STAGEPROP</dependency-id>
			<dependency-id>
				ESPOTS:storeId:emsName
				<component id="storeId" type="parameter">
					<required>true</required>
				</component>
				<component id="emsName" type="parameter">
					<required>true</required>
				</component>
			</dependency-id>
			<!--
				Dependency to ensure eSpots get invalidated when change is made to
				Asset Store eSpots/Activities
			-->
			<dependency-id>
				ESPOTS:storeId:emsName:10201
				<component id="emsName" type="parameter">
					<required>true</required>
				</component>
			</dependency-id>
		</cache-entry>
	</cache-instance>


	<!--  CACHE_INSTANCE - Search Specific Cache (WXS) -->
	<cache-instance name="/services/cache/pageCache">

		<!--
			Cache Invalidator for this cache instance - Unique sub-class of
			StringHolderCmdImpl
		-->
		<cache-entry>
			<class>command</class>
			<name>com.ibm.commerce.dynacache.commands.StringHolder3</name>
			<invalidation>
				<component type="method" id="getString">
				</component>
			</invalidation>
		</cache-entry>

		<!--  FULL PAGE SERVLET CACHING -->
		<cache-entry>
			<class>servlet</class>
			<name>com.ibm.commerce.struts.ECActionServlet.class</name>
			<property name="save-attributes">
				false
				<exclude>jspStoreDir</exclude>
				<exclude>javax.servlet.forward.path_info</exclude>
				<exclude>requestURIPath</exclude>			<!-- Required for Absolute SEO URL construction -->
				<exclude>requestServletPath</exclude>		<!-- Required for Absolute SEO URL construction -->
			</property>
			<property name="store-cookies">
				false
				<exclude>ColesSearchViewCookie</exclude>
				<exclude>ColesSearchPageSizeCookie</exclude>
			</property>
			<property name="EdgeCacheable">false</property>
			<property name="consume-subfragments">true</property>
			<property name="store-cookies">false</property>
			<property name="do-not-consume">false</property>
			<property name="persist-to-disk">false</property>
			<property name="ignore-get-post">true</property>

			<cache-id>
				<priority>8</priority>
				<component id="host" type="header">
					<required>true</required>
				</component>
				<component id="" type="pathinfo">
					<required>true</required>
					<value>/SearchDisplay</value>
				</component>
				<component id="coles_comments_enabled" type="cookie">
					<required>false</required>
					<not-value>true</not-value>
				</component>
				<component id="WC_SESSION_ESTABLISHED" type="cookie">
					<required>true</required>
				</component>
				<component id="DC_storeId" type="attribute">
					<required>true</required>
				</component>
				<component id="DC_lang" type="attribute">
					<required>false</required>
				</component>
				<component id="DC_curr" type="attribute">
					<required>false</required>
				</component>
				<component id="storeId" type="parameter">
					<required>true</required>
				</component>
				<component id="langId" type="parameter">
					<required>false</required>
				</component>
				<component id="catalogId" type="parameter">
					<required>true</required>
				</component>
				<component id="categoryId" type="parameter">
					<required>false</required>
				</component>
				<component id="top_category" type="parameter">
					<required>false</required>
				</component>
				<component id="parent_category_rn" type="parameter">
					<required>false</required>
				</component>
				<component id="browseView" type="parameter">
					<required>false</required>
				</component>
				<component id="multiSearch" type="parameter">
					<required>false</required>
				</component>
				<component id="pageView" type="parameter">
					<required>false</required>
					<value>image</value>
				</component>
				<component id="ColesSearchViewCookie" type="cookie">
					<required>false</required>
				</component>
				<component id="pageSize" type="parameter">
					<required>false</required>
					<value>40</value>
					<value>100</value>
				</component>
				<component id="ColesSearchPageSizeCookie" type="cookie">
					<required>false</required>
					<value>40</value>
					<value>100</value>
				</component>
				<component id="beginIndex" type="parameter">
					<required>false</required>
					<value>0</value>
				</component>
				<component id="urlRequestType" type="parameter">
					<required>false</required>
				</component>
				<component id="sType" type="parameter">
					<required>false</required>
					<value>SimpleSearch</value>
				</component>
				<component id="showResultsPage" type="parameter">
					<required>false</required>
					<value>true</value>
				</component>
				<component id="searchTerm" type="parameter">
					<required>false</required>
				</component>
				<component id="CommandContext" type="attribute">
					<method>isSecure</method>
					<required>false</required>
				</component>
				<component id="facet" type="parameter">
					<required>false</required>
					<value>do-not-cache</value>
				</component>
				<component id="manufacturer" type="parameter">
					<required>false</required>
					<value>do-not-cache</value>
				</component>
				<component id="maxPrice" type="parameter">
					<required>false</required>
					<value>do-not-cache</value>
				</component>
				<component id="metaData" type="parameter">
					<required>false</required>
					<value>do-not-cache</value>
				</component>
				<component id="minPrice" type="parameter">
					<required>false</required>
					<value>do-not-cache</value>
				</component>
			</cache-id>

			<cache-id>
				<component id="host" type="header">
					<required>true</required>
				</component>
				<component id="" type="pathinfo">
					<required>true</required>
					<value>/ColesContentTemplateView</value>
				</component>
				<component id="coles_comments_enabled" type="cookie">
					<required>false</required>
					<not-value>true</not-value>
				</component>
				<component id="WC_SESSION_ESTABLISHED" type="cookie">
					<required>true</required>
				</component>
				<component id="contentType" type="parameter">
					<required>true</required>
				</component>
				<component id="storeId" type="parameter">
					<required>true</required>
				</component>
				<component id="catalogId" type="parameter">
					<required>true</required>
				</component>
				<component id="langId" type="parameter">
					<required>false</required>
				</component>
				<component id="DC_lang" type="attribute">
					<required>false</required>
				</component>
				<component id="DC_storeId" type="attribute">
					<required>false</required>
				</component>
			</cache-id>

			<cache-id>
				<component id="host" type="header">
					<required>true</required>
				</component>
				<component id="" type="pathinfo">
					<required>true</required>
					<value>/ColesBrowsePromotionView</value>
				</component>
				<component id="coles_comments_enabled" type="cookie">
					<required>false</required>
					<not-value>true</not-value>
				</component>
				<component id="WC_SESSION_ESTABLISHED" type="cookie">
					<required>true</required>
				</component>
				<component id="promoName" type="parameter">
					<required>true</required>
				</component>
				<component id="storeId" type="parameter">
					<required>true</required>
				</component>
				<component id="catalogId" type="parameter">
					<required>true</required>
				</component>
				<component id="langId" type="parameter">
					<required>false</required>
				</component>
				<component id="DC_lang" type="attribute">
					<required>false</required>
				</component>
				<component id="DC_storeId" type="attribute">
					<required>false</required>
				</component>
			</cache-id>

			<cache-id>
				<priority>8</priority>
				<component id="host" type="header">
					<required>true</required>
				</component>
				<component id="" type="pathinfo">
					<required>true</required>
					<value>/ColesBrowseAisleView</value>
				</component>
				<component id="coles_comments_enabled" type="cookie">
					<required>false</required>
					<not-value>true</not-value>
				</component>
				<component id="WC_SESSION_ESTABLISHED" type="cookie">
					<required>true</required>
				</component>
				<component id="DC_storeId" type="attribute">
					<required>true</required>
				</component>
				<component id="DC_lang" type="attribute">
					<required>false</required>
				</component>
				<component id="DC_curr" type="attribute">
					<required>false</required>
				</component>
				<component id="storeId" type="parameter">
					<required>true</required>
				</component>
				<component id="catalogId" type="parameter">
					<required>true</required>
				</component>
				<component id="categoryId" type="parameter">
					<required>true</required>
				</component>
				<component id="CommandContext" type="attribute">
					<method>isSecure</method>
					<required>false</required>
				</component>
			</cache-id>

			<cache-id>
				<priority>4</priority>
				<component id="host" type="header">
					<required>true</required>
				</component>
				<component id="" type="pathinfo">
					<required>true</required>
					<value>/ColesMultiSKUMultiBuyOverlayView</value>
				</component>
				<component id="coles_comments_enabled" type="cookie">
					<required>false</required>
					<not-value>true</not-value>
				</component>
				<component id="WC_SESSION_ESTABLISHED" type="cookie">
					<required>true</required>
				</component>
				<component id="DC_storeId" type="attribute">
					<required>true</required>
				</component>
				<component id="DC_lang" type="attribute">
					<required>false</required>
				</component>
				<component id="DC_curr" type="attribute">
					<required>false</required>
				</component>
				<component id="storeId" type="parameter">
					<required>true</required>
				</component>
				<component id="catalogId" type="parameter">
					<required>true</required>
				</component>
				<component id="promotionId" type="parameter">
					<required>true</required>
				</component>
				<component id="CommandContext" type="attribute">
					<method>isSecure</method>
					<required>false</required>
				</component>
			</cache-id>

			<cache-id>
				<priority>16</priority>
				<component id="host" type="header">
					<required>true</required>
				</component>
				<component id="" type="pathinfo">
					<required>true</required>
					<value>/SiteMapView</value>
				</component>
				<component id="coles_comments_enabled" type="cookie">
					<required>false</required>
					<not-value>true</not-value>
				</component>
				<component id="WC_SESSION_ESTABLISHED" type="cookie">
					<required>true</required>
				</component>
				<component id="storeId" type="parameter">
					<required>true</required>
				</component>
				<component id="catalogId" type="parameter">
					<required>true</required>
				</component>
				<component id="langId" type="parameter">
					<required>false</required>
				</component>
				<component id="DC_lang" type="attribute">
					<required>true</required>
				</component>
				<component id="CommandContext" type="attribute">
					<method>isSecure</method>
					<required>false</required>
				</component>
			</cache-id>

			<cache-id>
				<priority>16</priority>
				<component id="host" type="header">
					<required>true</required>
				</component>
				<component id="" type="pathinfo">
					<required>true</required>
					<value>/TopCategoriesDisplay</value>
				</component>
				<component id="coles_comments_enabled" type="cookie">
					<required>false</required>
					<not-value>true</not-value>
				</component>
				<component id="WC_SESSION_ESTABLISHED" type="cookie">
					<required>true</required>
				</component>
				<component id="storeId" type="parameter">
					<required>true</required>
				</component>
				<component id="catalogId" type="parameter">
					<required>true</required>
				</component>
				<component id="langId" type="parameter">
					<required>false</required>
				</component>
				<component id="DC_lang" type="attribute">
					<required>true</required>
				</component>
				<component id="DC_userId" type="attribute">
					<required>true</required>
					<value>-1002</value>
				</component>
				<component id="CommandContext" type="attribute">
					<method>isSecure</method>
					<required>false</required>
				</component>
			</cache-id>

			<!--  ColesNationalCollectionOverlay.jsp -->
			<cache-id>
				<priority>16</priority>
				<component id="host" type="header">
					<required>true</required>
				</component>
				<component id="" type="pathinfo">
					<required>true</required>
					<value>/ColesNationalCollectionOverlayView</value>
				</component>
				<component id="coles_comments_enabled" type="cookie">
					<required>false</required>
					<not-value>true</not-value>
				</component>
				<component id="WC_SESSION_ESTABLISHED" type="cookie">
					<required>true</required>
				</component>
				<component id="DC_lang" type="attribute">
					<required>true</required>
				</component>
				<component id="DC_curr" type="attribute">
					<required>true</required>
				</component>
			</cache-id>

			<dependency-id>
				TTL:STAGEPROP
				<component id="" ignore-value="true" type="pathinfo">
					<required>true</required>
					<value>/SiteMapView</value>
					<value>/ColesMultiSKUMultiBuyOverlayView</value>
					<value>/TopCategoriesDisplay</value>
					<value>/ColesContentTemplateView</value>
					<value>/ColesBrowsePromotionView</value>
					<value>/ColesNationalCollectionOverlayView</value>
				</component>
			</dependency-id>

			<dependency-id>
				storeId:catalogId
				<component id="" ignore-value="true" type="pathinfo">
					<required>true</required>
					<value>/SearchDisplay</value>
					<value>/ColesBrowseAisleView</value>
				</component>
				<component id="storeId" type="parameter">
					<required>true</required>
				</component>
				<component id="catalogId" type="parameter">
					<required>true</required>
				</component>
			</dependency-id>

			<dependency-id>
				storeId
				<component id="" ignore-value="true" type="pathinfo">
					<required>true</required>
					<value>/SearchDisplay</value>
					<value>/ColesBrowseAisleView</value>
				</component>
				<component id="storeId" type="parameter">
					<required>true</required>
				</component>
			</dependency-id>

			<dependency-id>
				catalogId
				<component id="" ignore-value="true" type="pathinfo">
					<required>true</required>
					<value>/SearchDisplay</value>
					<value>/ColesBrowseAisleView</value>
				</component>
				<component id="catalogId" type="parameter">
					<required>true</required>
				</component>
			</dependency-id>

			<dependency-id>
				storeId:catgroupId
				<component id="" ignore-value="true" type="pathinfo">
					<required>true</required>
					<value>/SearchDisplay</value>
				</component>
				<component id="storeId" type="parameter">
					<required>true</required>
				</component>
				<component id="categoryId" type="parameter">
					<required>true</required>
				</component>
			</dependency-id>

			<dependency-id>
				catalogId:catgroupId
				<component id="" ignore-value="true" type="pathinfo">
					<required>true</required>
					<value>/SearchDisplay</value>
					<value>/ColesBrowseAisleView</value>
				</component>
				<component id="catalogId" type="parameter">
					<required>true</required>
				</component>
				<component id="categoryId" type="parameter">
					<required>true</required>
				</component>
			</dependency-id>

			<dependency-id>
				catgroupId
				<component id="" ignore-value="true" type="pathinfo">
					<required>true</required>
					<value>/SearchDisplay</value>
					<value>/ColesBrowseAisleView</value>
				</component>
				<component id="categoryId" type="parameter">
					<required>true</required>
				</component>
			</dependency-id>

			<dependency-id>
				promotionId
				<component id="" ignore-value="true" type="pathinfo">
					<required>true</required>
					<value>/ColesMultiSKUMultiBuyOverlayView</value>
				</component>
				<component id="promotionId" type="parameter">
					<required>true</required>
				</component>
			</dependency-id>

			<dependency-id>
				storeId:catalogId
				<component id="" ignore-value="true" type="pathinfo">
					<required>true</required>
					<value>/SearchDisplay</value>
					<value>/ColesBrowseAisleView</value>
				</component>
				<component id="DC_cat_SP_" type="attribute">
					<required>true</required>
					<index>1</index>
				</component>
				<component id="catalogId" type="parameter">
					<required>true</required>
				</component>
			</dependency-id>

			<dependency-id>
				storeId
				<component id="" ignore-value="true" type="pathinfo">
					<required>true</required>
					<value>/SearchDisplay</value>
					<value>/ColesBrowseAisleView</value>
				</component>
				<component id="DC_cat_SP_" type="attribute">
					<required>true</required>
					<index>1</index>
				</component>
			</dependency-id>

			<dependency-id>
				storeId:catgroupId
				<component id="" ignore-value="true" type="pathinfo">
					<required>true</required>
					<value>/SearchDisplay</value>
					<value>/ColesBrowseAisleView</value>
				</component>
				<component id="DC_cat_SP_" type="attribute">
					<required>true</required>
					<index>1</index>
				</component>
				<component id="categoryId" type="parameter">
					<required>true</required>
				</component>
			</dependency-id>
		</cache-entry>
	</cache-instance>

	<!--  CACHE_INSTANCE - Product Specific Cache (WXS) -->
	<cache-instance name="/services/cache/productCache">

		<!--
			Cache Invalidator for this cache instance - Unique sub-class of
			StringHolderCmdImpl
		-->

		<cache-entry>
			<class>command</class>
			<name>au.com.coles.commerce.dynacache.commands.ColesStringHolder1</name>
			<invalidation>
				<component type="method" id="getString">
				</component>
			</invalidation>
		</cache-entry>

		<cache-entry>
			<class>servlet</class>
			<name>/ColesStorefrontAssetStore/Snippets/ReusableObjects/UncachedProductThumbnailWrapper.jsp</name>
			<property name="do-not-consume">true</property>
			<property name="do-not-cache">true</property>
			<cache-id>
				<component id="host" type="header">
					<required>true</required>
				</component>
				<component id="catEntryId" type="parameter">
					<required>true</required>
				</component>
			</cache-id>
		</cache-entry>

		<cache-entry>
			<!--
				TODO - Does this need to be removed from the cache? Are there too
				many variations and is it taking up too much memory?
			-->
			<!--
				This is working out inventory - do we need inventory cached or
				should we work the command
			-->
			<class>servlet</class>
			<name>/ColesStorefrontAssetStore/Snippets/ReusableObjects/Cacheable/CachedCatalogEntryBeanSearchThumbnailDisplay.jsp</name>
			<property name="do-not-consume">false</property>
			<property name="consume-subfragments">true</property>
			<property name="save-attributes">false</property>
			<property name="store-cookies">false</property>
			<property name="ignore-get-post">true</property>

			<cache-id>
				<priority>12</priority>
				<component id="host" type="header">
					<required>true</required>
				</component>
				<component id="coles_comments_enabled" type="cookie">
					<required>false</required>
					<not-value>true</not-value>
				</component>
				<component id="DC_storeId" type="attribute">
					<required>true</required>
				</component>
				<component id="DC_lang" type="attribute">
					<required>false</required>
				</component>
				<component id="DC_curr" type="attribute">
					<required>false</required>
				</component>
				<component id="storeId" type="parameter">
					<required>true</required>
				</component>
				<component id="langId" type="parameter">
					<required>false</required>
				</component>
				<component id="catEntryId" type="parameter">
					<required>true</required>
				</component>
				<component id="hideMultibuy" type="parameter">
					<required>false</required>
				</component>
			</cache-id>

			<!-- Dependency Ids -->
			<dependency-id>
				catEntryId
				<component id="catEntryId" type="parameter">
					<required>true</required>
				</component>
			</dependency-id>

		</cache-entry>


		<!--
			This can be changed to be a full page servlet cache once a solution
			for handling inventory is sorted out
		-->
		<cache-entry>
			<class>servlet</class>
			<name>/ColesStorefrontAssetStore/Snippets/Catalog/CatalogEntryDisplay/CachedProductOnlyDisplay.jsp</name>
			<property name="EdgeCacheable">false</property>
			<property name="consume-subfragments">true</property>
			<property name="save-attributes">false</property>
			<property name="store-cookies">false</property>
			<property name="do-not-consume">false</property>
			<property name="persist-to-disk">false</property>
			<property name="ignore-get-post">true</property>

			<cache-id>
				<priority>4</priority>
				<component id="host" type="header">
					<required>true</required>
				</component>
				<component id="coles_comments_enabled" type="cookie">
					<required>false</required>
					<not-value>true</not-value>
				</component>
				<component id="DC_lang" type="attribute">
					<required>false</required>
				</component>
				<component id="DC_curr" type="attribute">
					<required>false</required>
				</component>
				<component id="productId" type="parameter">
					<required>true</required>
				</component>
			</cache-id>

			<!-- Dependency Ids -->
			<dependency-id>
				catEntryId
				<component id="productId" type="parameter">
					<required>true</required>
				</component>
			</dependency-id>
		</cache-entry>

		<!--
			Cache entry to cache catalog entry lookups via custom cacheable
			command
		-->
		<cache-entry>
			<class>command</class>
			<sharing-policy>not-shared</sharing-policy>
			<name>au.com.coles.commerce.price.commands.COLPriceEntryReadCommand.class</name>
			<cache-id>
				<component type="method" id="getCatEntryId">
					<required>true</required>
				</component>
				<component type="method" id="getStoreId">
					<required>true</required>
				</component>
				<priority>1</priority>
			</cache-id>
			<dependency-id>
				catEntryId
				<component id="getCatEntryId" type="method">
					<required>true</required>
				</component>
			</dependency-id>
			<dependency-id>TTL:STAGEPROP</dependency-id>
		</cache-entry>

		<cache-entry>
			<class>command</class>
			<sharing-policy>not-shared</sharing-policy>
			<name>au.com.coles.commerce.catalog.commands.COLCatalogEntryAttributeReadCommandImpl.class</name>
			<cache-id>
				<component type="method" id="getCatentryId">
					<required>true</required>
				</component>
				<component type="method" id="getViewKey">
					<required>true</required>
				</component>
				<priority>1</priority>
			</cache-id>
			<dependency-id>
				catEntryId
				<component id="getCatentryId" type="method">
					<required>true</required>
				</component>
			</dependency-id>
			<dependency-id>TTL:STAGEPROP</dependency-id>
		</cache-entry>

	</cache-instance>


	<!--  CACHE_INSTANCE - User Specific Cache (WCS) -->
	<cache-instance name="/services/cache/userCache">

		<!--
			Cache Invalidator for this cache instance - Unique sub-class of
			StringHolderCmdImpl
		-->

		<cache-entry>
			<class>command</class>
			<name>au.com.coles.commerce.dynacache.commands.ColesStringHolder2</name>
			<invalidation>
				<component type="method" id="getString">
				</component>
			</invalidation>
		</cache-entry>

		<cache-entry>
			<class>servlet</class>
			<name>/ColesStorefrontAssetStore/include/ColesSubHeaderDisplay.jsp</name>
			<property name="do-not-consume">true</property>
			<property name="do-not-cache">true</property>
			<cache-id>
				<component id="host" type="header">
					<required>true</required>
				</component>
				<component id="storeId" type="parameter">
					<required>true</required>
				</component>
			</cache-id>
		</cache-entry>

		<!-- CompareZoneContentDisplay.jsp -->
		<cache-entry>
			<class>servlet</class>
			<name>/ColesStorefrontAssetStore/ShoppingArea/CatalogSection/CatalogEntrySubsection/CompareZoneContentDisplay.jsp</name>
			<property name="do-not-consume">true</property>
			<property name="do-not-cache">true</property>
			<cache-id>
				<component id="host" type="header">
					<required>true</required>
				</component>
				<component id="storeId" type="parameter">
					<required>false</required>
				</component>
			</cache-id>
		</cache-entry>

		<!-- CachedColesSubHeaderDisplay.jsp -->
		<cache-entry>
			<class>servlet</class>
			<name>/ColesStorefrontAssetStore/include/CachedColesSubHeaderDisplay.jsp</name>
			<property name="EdgeCacheable">false</property>
			<property name="consume-subfragments">true</property>
			<property name="save-attributes">false</property>
			<property name="store-cookies">false</property>
			<property name="do-not-consume">true</property>
			<property name="persist-to-disk">false</property>
			<property name="ignore-get-post">true</property>
			<cache-id>
				<priority>1</priority>
				<inactivity>600</inactivity>
				<timeout>1800</timeout>
				<component id="host" type="header">
					<required>true</required>
				</component>
				<component id="coles_comments_enabled" type="cookie">
					<required>false</required>
					<not-value>true</not-value>
				</component>
				<component id="DC_userId" type="attribute">
					<required>true</required>
				</component>
				<component id="localisationState" type="parameter">
					<required>false</required>
				</component>
				<component id="catalogId" type="parameter">
					<required>true</required>
				</component>
				<component id="storeId" type="parameter">
					<required>true</required>
				</component>
			</cache-id>
			<dependency-id>
				Localisation:DC_userId
				<component id="DC_userId" type="attribute">
					<required>true</required>
				</component>
			</dependency-id>
			<dependency-id>TTL:STAGEPROP</dependency-id>
		</cache-entry>

		<cache-entry>
			<class>servlet</class>
			<name>/ColesStorefrontAssetStore/include/CachedColesLocalisationSetup.jsp</name>
			<property name="do-not-consume">true</property>
			<property name="do-not-cache">true</property>
			<cache-id>
				<component id="host" type="header">
					<required>true</required>
				</component>
				<component id="storeId" type="parameter">
					<required>true</required>
				</component>
			</cache-id>
		</cache-entry>

		<cache-entry>
			<class>servlet</class>
			<name>/ColesStorefrontAssetStore/include/ColesHeaderDisplayUser.jsp</name>
			<property name="do-not-consume">true</property>
			<property name="do-not-cache">true</property>
			<cache-id>
				<component id="host" type="header">
					<required>true</required>
				</component>
				<component id="storeId" type="parameter">
					<required>true</required>
				</component>
			</cache-id>
		</cache-entry>


		<cache-entry>
			<class>servlet</class>
			<name>/ColesStorefrontAssetStore/include/CachedColesHeaderDisplayUser.jsp</name>
			<property name="EdgeCacheable">false</property>
			<property name="consume-subfragments">true</property>
			<property name="save-attributes">false</property>
			<property name="store-cookies">false</property>
			<property name="do-not-consume">true</property>
			<property name="persist-to-disk">false</property>
			<property name="ignore-get-post">true</property>
			<cache-id>
				<priority>1</priority>
				<inactivity>600</inactivity>
				<timeout>1800</timeout>
				<component id="host" type="header">
					<required>true</required>
				</component>
				<component id="coles_comments_enabled" type="cookie">
					<required>false</required>
					<not-value>true</not-value>
				</component>
				<component id="DC_userId" type="attribute">
					<required>true</required>
				</component>
				<component id="DC_userType" type="attribute">
					<required>true</required>
				</component>
				<component id="userType" type="parameter">
					<required>false</required>
				</component>
				<component id="catalogId" type="parameter">
					<required>true</required>
				</component>
				<component id="storeId" type="parameter">
					<required>true</required>
				</component>
			</cache-id>
			<dependency-id>
				Localisation:DC_userId
				<component id="DC_userId" type="attribute">
					<required>true</required>
				</component>
			</dependency-id>
			<dependency-id>
				Localisation:DC_userId:DC_userType
				<component id="DC_userId" type="attribute">
					<required>true</required>
				</component>
				<component id="DC_userType" type="attribute">
					<required>true</required>
				</component>
			</dependency-id>
			<dependency-id>TTL:STAGEPROP</dependency-id>
		</cache-entry>

		<cache-entry>
			<class>command</class>
			<sharing-policy>not-shared</sharing-policy>
			<name>au.com.coles.commerce.member.commands.COLLocalisationCmdImpl</name>
			<name>com.ibm.commerce.usermanagement.commands.UserRegistrationAddCmdImpl</name>
			<name>au.com.coles.commerce.usermanagement.commands.ExtUserRegistrationAddCmdImpl</name>
			<name>com.ibm.commerce.usermanagement.commands.UserRegistrationUpdateCmdImpl</name>
			<name>au.com.coles.commerce.usermanagement.commands.ExtUserRegistrationUpdateCmdImpl</name>
			<name>au.com.coles.commerce.order.commands.COLOrderModifyCmdImpl</name>
			<name>com.ibm.commerce.order.commands.OrderCancelCmdImpl</name>
			<name>au.com.coles.commerce.order.commands.ExtOrderCancelCmdImpl</name>
			<name>au.com.coles.commerce.order.commands.COLOrderModifyCmdImpl</name>
			<name>com.ibm.commerce.order.commands.OrderCopyCmdImpl</name>
			<name>com.ibm.commerce.order.commands.ExtOrderCopyCmdImpl</name>
			<name>au.com.coles.commerce.usermanagement.commands.ExtLogonCmdImpl</name>
			<invalidation>
				Localisation:DC_userId
				<component type="method" id="getCommandContext">
					<method>getUserId</method>
					<required>true</required>
				</component>
			</invalidation>
		</cache-entry>

		<cache-entry>
			<class>servlet</class>
			<name>/ColesStorefrontAssetStore/include/ColesSubHeaderDeliverySlotDisplay.jsp</name>
			<property name="do-not-cache">true</property>
			<property name="do-not-consume">true</property>
			<cache-id>
				<component id="host" type="header">
					<required>true</required>
				</component>
				<component id="storeId" type="parameter">
					<required>false</required>
				</component>
			</cache-id>
		</cache-entry>

		<!-- MiniShopCartDisplay.jsp -->
		<cache-entry>
			<class>servlet</class>
			<name>/ColesStorefrontAssetStore/include/MiniShopCartDisplay.jsp</name>
			<property name="EdgeCacheable">false</property>
			<property name="consume-subfragments">true</property>
			<property name="save-attributes">false</property>
			<property name="store-cookies">false</property>
			<property name="do-not-consume">true</property>
			<property name="persist-to-disk">false</property>
			<property name="ignore-get-post">true</property>
			<cache-id>
				<priority>1</priority>
				<inactivity>600</inactivity>
				<timeout>1800</timeout>
				<component id="host" type="header">
					<required>true</required>
				</component>
				<component id="coles_comments_enabled" type="cookie">
					<required>false</required>
					<not-value>true</not-value>
				</component>
				<component id="storeId" type="parameter">
					<required>false</required>
				</component>
				<component id="catalogId" type="parameter">
					<required>false</required>
				</component>
				<component id="localisationCookie" type="cookie">
					<required>false</required>
				</component>
				<component id="DC_userId" type="attribute">
					<required>true</required>
				</component>
			</cache-id>
			<dependency-id>
				MiniCart:DC_userId
				<component id="DC_userId" type="attribute">
					<required>true</required>
				</component>
			</dependency-id>
			<dependency-id>
				Localisation:DC_userId
				<component id="DC_userId" type="attribute">
					<required>true</required>
				</component>
			</dependency-id>
			<dependency-id>TTL:STAGEPROP</dependency-id>
		</cache-entry>

		<cache-entry>
			<class>command</class>
			<sharing-policy>not-shared</sharing-policy>
			<name>com.ibm.commerce.order.commands.OrderCalculateCmdImpl</name>
			<name>com.ibm.commerce.order.commands.PromotionEngineOrderCalculateCmdImpl</name>
			<name>au.com.coles.commerce.order.commands.ExtPromotionEngineOrderCalculateCmdImpl</name>
			<name>com.ibm.commerce.orderitems.commands.OrderItemMoveCmdImpl</name>
			<name>au.com.coles.commerce.order.commands.ExtOrderItemMoveCmdImpl</name>
			<name>com.ibm.commerce.order.commands.OrderCopyCmdImpl</name>
			<name>com.ibm.commerce.order.commands.ExtOrderCopyCmdImpl</name>
			<name>com.ibm.commerce.usermanagement.commands.UserRegistrationAddCmdImpl</name>
			<name>au.com.coles.commerce.usermanagement.commands.ExtUserRegistrationAddCmdImpl</name>
			<name>com.ibm.commerce.usermanagement.commands.UserRegistrationUpdateCmdImpl</name>
			<name>au.com.coles.commerce.usermanagement.commands.ExtUserRegistrationUpdateCmdImpl</name>
			<name>com.ibm.commerce.order.commands.OrderProcessCmdImpl</name>
			<name>au.com.coles.commerce.order.commands.ExtOrderProcessCmdImpl</name>
			<name>com.ibm.commerce.orderitems.commands.OrderItemAddCmdImpl</name>
			<name>au.com.coles.commerce.order.commands.ExtOrderItemAddCmdImpl</name>
			<name>com.ibm.commerce.orderitems.commands.OrderItemDeleteCmdImpl</name>
			<name>com.ibm.commerce.orderitems.commands.OrderItemUpdateCmdImpl</name>
			<name>au.com.coles.commerce.order.commands.ExtOrderItemUpdateCmdImpl</name>
			<name>com.ibm.commerce.order.commands.OrderCancelCmdImpl</name>
			<name>au.com.coles.commerce.order.commands.ExtOrderCancelCmdImpl</name>
			<name>au.com.coles.commerce.order.commands.COLOrderModifyCmdImpl</name>
			<name>au.com.coles.commerce.member.commands.COLLocalisationCmdImpl</name>
			<invalidation>
				MiniCart:DC_userId
				<component type="method" id="getCommandContext">
					<method>getUserId</method>
					<required>true</required>
				</component>
			</invalidation>
		</cache-entry>
	</cache-instance>


	<!--  CACHE_INSTANCE - Inventory Specific Cache (WCS????) -->
	<cache-instance name="/services/cache/inventoryCache">

		<!--
			Cache Invalidator for this cache instance - Unique sub-class of
			StringHolderCmdImpl
		-->

		<cache-entry>
			<class>command</class>
			<name>au.com.coles.commerce.dynacache.commands.ColesStringHolder3</name>
			<invalidation>
				<component type="method" id="getString">
				</component>
			</invalidation>
		</cache-entry>

		<cache-entry>
			<class>servlet</class>
			<name>/ColesStorefrontAssetStore/Snippets/ReusableObjects/CachedInventoryBeanCheck.jsp</name>
			<property name="EdgeCacheable">false</property>
			<property name="consume-subfragments">true</property>
			<property name="save-attributes">false</property>
			<property name="store-cookies">false</property>
			<property name="persist-to-disk">false</property>
			<property name="ignore-get-post">true</property>
			<cache-id>
				<priority>1</priority>
				<component id="host" type="header">
					<required>true</required>
				</component>
				<component id="coles_comments_enabled" type="cookie">
					<required>false</required>
					<not-value>true</not-value>
				</component>
				<component id="fulfillmentCenterId" type="parameter">
					<required>false</required>
				</component>
				<component id="catalogEntryId" type="parameter">
					<required>false</required>
				</component>
			</cache-id>
			<dependency-id>
				fulfilmentCenterId:catEntryId
				<component id="fulfillmentCenterId" type="parameter">
					<required>false</required>
				</component>
				<component id="catalogEntryId" type="parameter">
					<required>true</required>
				</component>
			</dependency-id>
		</cache-entry>
	</cache-instance>
</cache>
